customer_id,age,tenure_months,monthly_charges,support_tickets,monthly_logins,avg_session_minutes,satisfaction_score,payment_failures,contract_type,internet_service,region,support_plan,device_type,churned
C000000,43,7,20.0,1,8.3,30.5,4.7,0,Month-to-month,DSL,North,None,Mobile,0
C000001,36,56,77.98,0,13.9,34.8,8.7,0,One year,Fiber,North,None,Mobile,0
C000002,29,48,22.28,1,11.8,11.5,8.0,0,One year,DSL,East,Basic,Mobile,0
C000003,26,32,47.17,0,0.2,17.4,7.5,0,Two year,Fiber,East,Premium,Desktop,0
C000004,41,32,27.71,0,24.1,42.1,6.0,0,One year,Fiber,East,Basic,Desktop,0
C000005,36,62,30.79,0,5.7,27.9,8.1,1,One year,Fiber,North,Basic,Mobile,0
C000006,33,7,82.66,2,4.8,41.2,6.6,0,Month-to-month,DSL,West,Basic,Tablet,0
C000007,62,51,66.44,2,22.6,29.3,8.0,0,Month-to-month,Fiber,North,None,Mobile,0
C000008,41,15,65.54,6,13.7,33.2,9.7,0,Month-to-month,None,West,None,Tablet,0
C000009,59,7,39.1,1,13.9,37.3,2.7,0,Month-to-month,DSL,South,None,Tablet,0
C000010,35,38,55.6,2,14.0,24.3,8.9,0,One year,Fiber,East,Basic,Desktop,0
C000011,45,71,81.41,0,23.5,23.0,10.0,1,Month-to-month,DSL,East,Basic,Desktop,0
C000012,41,53,70.7,1,12.1,22.8,10.0,0,Month-to-month,DSL,North,None,Desktop,0
C000013,20,55,92.57,1,20.2,30.1,8.5,1,One year,Fiber,East,None,Mobile,0
C000014,61,52,96.13,2,8.0,37.9,9.3,1,Month-to-month,Fiber,West,Basic,Mobile,0
C000015,40,57,65.69,1,18.3,26.1,5.6,0,One year,DSL,South,Basic,Mobile,0
C000016,52,37,25.69,2,22.3,44.9,7.5,1,One year,DSL,West,Basic,Mobile,0
C000017,32,10,53.08,2,25.8,52.0,6.8,0,Month-to-month,Fiber,South,None,Mobile,0
C000018,40,61,69.56,1,5.2,20.5,6.3,0,Month-to-month,None,West,Basic,Desktop,0
C000019,31,33,52.59,0,13.9,45.3,8.9,0,One year,Fiber,West,Basic,Mobile,0
C000020,58,37,45.63,6,27.2,30.8,6.7,1,Month-to-month,DSL,South,Premium,Mobile,0
C000021,46,27,73.74,0,22.5,35.6,3.8,2,Month-to-month,Fiber,North,Basic,Desktop,0
C000022,47,14,132.76,1,14.6,29.4,7.9,0,One year,Fiber,North,None,Desktop,0
C000023,60,67,59.8,1,16.0,45.6,7.1,0,One year,Fiber,North,Premium,Mobile,0
C000024,57,57,71.93,1,18.1,35.2,8.3,0,One year,None,North,Premium,Mobile,0
C000025,52,47,39.2,2,13.4,26.8,6.4,0,One year,DSL,South,None,Mobile,0
C000026,24,29,103.09,4,19.8,26.0,4.0,0,Month-to-month,Fiber,West,Basic,Desktop,0
C000027,33,60,93.87,1,19.4,16.6,5.3,0,One year,DSL,West,Basic,Mobile,0
C000028,29,40,92.14,0,8.2,24.1,5.5,0,Month-to-month,Fiber,North,Basic,Desktop,0
C000029,51,32,105.99,3,12.6,45.6,5.3,0,Month-to-month,Fiber,West,Basic,Desktop,0
C000030,44,33,61.32,1,12.8,,6.1,0,Month-to-month,DSL,East,Basic,Mobile,0
C000031,24,17,64.44,0,14.2,23.3,8.4,0,Month-to-month,DSL,South,None,Mobile,0
C000032,40,7,114.75,2,17.9,17.8,4.6,0,One year,Fiber,North,None,Mobile,0
C000033,23,40,87.82,1,17.3,42.4,8.7,1,One year,DSL,North,Basic,Mobile,0
C000034,41,64,20.0,2,11.0,36.1,4.8,0,One year,Fiber,North,Basic,Mobile,0
C000035,20,5,83.37,3,25.4,7.3,6.4,0,Month-to-month,Fiber,South,Basic,Mobile,0
C000036,49,62,57.46,1,16.0,65.6,7.0,0,Month-to-month,Fiber,West,None,Mobile,0
C000037,47,60,94.45,0,26.2,31.1,6.6,0,One year,Fiber,West,Basic,Desktop,0
C000038,67,20,82.2,2,26.1,51.4,8.2,0,Month-to-month,DSL,North,None,Mobile,0
C000039,53,46,28.49,2,8.6,33.1,6.9,1,Month-to-month,Fiber,West,Basic,Mobile,1
C000040,37,12,78.72,0,12.6,18.5,6.8,1,Month-to-month,DSL,West,Basic,Desktop,0
C000041,53,55,77.27,1,13.1,33.3,2.8,0,Month-to-month,None,West,Basic,Mobile,0
C000042,24,51,81.09,2,18.2,13.4,7.8,0,Month-to-month,DSL,South,Premium,Desktop,0
C000043,29,26,86.39,1,21.1,29.5,10.0,0,Month-to-month,DSL,South,Premium,Mobile,0
C000044,46,5,109.4,1,17.0,17.9,6.2,0,Two year,DSL,North,Basic,Mobile,0
C000045,18,70,82.35,3,12.1,28.5,8.3,0,One year,Fiber,South,Basic,Desktop,0
C000046,42,33,72.57,2,27.6,34.0,5.6,1,Month-to-month,Fiber,North,Basic,Mobile,0
C000047,29,65,100.7,4,12.9,34.5,8.9,0,Month-to-month,Fiber,North,None,Mobile,0
C000048,43,49,128.07,2,21.2,13.5,8.0,0,Month-to-month,DSL,East,Basic,Mobile,0
C000049,28,57,94.88,0,15.7,23.3,6.4,0,Two year,DSL,East,None,Desktop,0
C000050,48,55,77.16,2,15.5,7.3,6.3,0,Month-to-month,Fiber,North,Basic,Tablet,0
C000051,42,15,82.81,2,20.7,38.5,8.3,0,Two year,Fiber,South,None,Desktop,0
C000052,60,27,78.4,2,26.8,33.4,7.2,2,Two year,Fiber,East,None,Mobile,0
C000053,42,34,72.46,0,18.1,16.9,,0,Month-to-month,Fiber,North,Premium,Mobile,0
C000054,32,36,126.13,3,12.6,47.9,4.3,0,Two year,Fiber,West,Basic,Tablet,0
C000055,39,4,53.27,1,26.4,36.6,8.2,0,Month-to-month,DSL,North,Basic,Desktop,0
C000056,25,40,100.87,4,19.5,29.7,5.7,2,Month-to-month,DSL,West,Basic,Desktop,0
C000057,47,12,68.85,1,17.2,25.3,7.2,0,Two year,Fiber,East,Basic,Mobile,0
C000058,50,54,34.99,1,23.2,23.3,8.2,1,One year,None,South,Basic,Mobile,0
C000059,74,50,67.29,0,18.3,21.5,4.9,0,One year,Fiber,South,Basic,Mobile,0
C000060,34,67,58.33,3,33.2,45.1,5.3,1,Month-to-month,Fiber,West,None,Mobile,0
C000061,39,54,86.44,1,16.0,34.3,10.0,0,Month-to-month,Fiber,East,Basic,Mobile,0
C000062,35,27,74.28,1,24.0,18.4,6.4,0,One year,DSL,East,Premium,Tablet,0
C000063,45,70,46.45,1,19.1,46.6,8.9,1,Month-to-month,None,North,None,Mobile,0
C000064,47,30,108.78,2,19.1,29.9,10.0,0,Two year,Fiber,East,Basic,Tablet,0
C000065,41,24,99.25,1,13.5,20.0,7.5,0,One year,DSL,North,None,Desktop,0
C000066,56,66,111.65,0,13.5,54.7,5.5,0,Month-to-month,Fiber,North,Basic,Mobile,0
C000067,34,27,77.92,3,19.5,17.9,7.3,0,One year,DSL,North,Premium,Tablet,0
C000068,55,6,71.11,1,9.9,21.1,6.8,0,Month-to-month,None,South,Basic,Mobile,0
C000069,49,34,89.59,0,12.0,31.0,7.2,0,One year,Fiber,East,Basic,Mobile,0
C000070,42,58,57.56,0,16.1,34.9,8.4,0,One year,Fiber,South,Basic,Mobile,0
C000071,38,14,75.25,0,24.7,22.0,8.6,0,Month-to-month,Fiber,North,Basic,Desktop,0
C000072,74,34,67.61,1,16.6,4.5,3.5,0,Month-to-month,Fiber,East,Basic,Mobile,0
C000073,31,10,35.47,2,16.5,31.4,9.2,2,One year,None,East,Premium,Mobile,0
C000074,46,50,75.19,2,8.6,18.4,7.6,1,One year,DSL,West,None,Tablet,0
C000075,32,35,60.98,1,27.9,26.7,,0,Month-to-month,DSL,South,None,Desktop,0
C000076,65,24,65.94,2,23.7,21.3,8.4,0,Month-to-month,Fiber,East,None,Mobile,0
C000077,54,17,81.09,2,24.5,18.0,,1,Month-to-month,None,West,Premium,Desktop,0
C000078,33,41,103.81,1,5.8,27.8,,0,One year,DSL,West,Basic,Desktop,0
C000079,49,49,50.78,1,18.5,23.4,9.0,0,Month-to-month,DSL,East,Premium,Desktop,0
C000080,45,68,63.59,4,9.4,20.9,7.2,0,Month-to-month,Fiber,South,Premium,Mobile,0
C000081,35,32,52.87,2,21.4,42.6,9.9,0,Month-to-month,None,West,None,Desktop,0
C000082,52,12,51.25,0,18.3,19.1,5.9,1,Two year,Fiber,West,Premium,Mobile,0
C000083,47,60,57.14,0,19.6,28.0,7.6,0,Month-to-month,None,East,None,Desktop,0
C000084,45,46,67.09,2,11.0,30.6,7.8,0,Month-to-month,Fiber,West,None,Mobile,0
C000085,41,51,86.65,2,8.7,10.7,7.8,0,Month-to-month,DSL,East,None,Mobile,0
C000086,48,8,80.01,2,11.5,17.6,8.2,0,Month-to-month,DSL,North,None,Mobile,0
C000087,45,23,45.58,1,18.2,30.5,7.9,0,One year,Fiber,North,None,Desktop,0
C000088,43,56,104.35,5,14.3,30.1,7.1,0,Month-to-month,None,North,None,Mobile,0
C000089,34,60,95.61,1,17.8,21.5,3.6,0,One year,Fiber,South,None,Desktop,0
C000090,64,32,49.47,1,8.8,30.7,8.7,1,One year,Fiber,North,Basic,Mobile,0
C000091,28,58,102.6,1,16.0,34.2,2.8,0,Two year,Fiber,West,Premium,Desktop,0
C000092,48,61,80.17,1,25.8,38.0,4.9,0,Month-to-month,Fiber,North,None,Mobile,0
C000093,38,28,68.09,1,18.3,39.0,5.8,0,Month-to-month,Fiber,West,Basic,Mobile,0
C000094,65,65,80.95,1,18.8,45.5,8.7,2,Month-to-month,DSL,West,Basic,Tablet,0
C000095,30,21,71.36,2,18.8,32.3,6.7,1,Month-to-month,Fiber,South,None,Mobile,0
C000096,32,18,85.63,4,12.4,14.3,10.0,0,Month-to-month,Fiber,South,Basic,Desktop,0
C000097,29,50,76.68,3,27.4,27.5,4.6,0,Month-to-month,Fiber,East,None,Mobile,0
C000098,46,46,63.56,1,18.5,15.8,5.1,0,Month-to-month,DSL,North,Premium,Desktop,0
C000099,24,11,21.35,2,17.2,41.1,3.0,0,One year,Fiber,South,Premium,Mobile,0
C000100,36,60,85.18,0,20.8,47.5,5.0,0,Month-to-month,None,East,Basic,Desktop,0
C000101,18,15,62.66,3,22.6,30.9,6.0,1,One year,DSL,North,Basic,Mobile,0
C000102,45,58,91.45,1,7.3,44.9,9.7,2,One year,DSL,East,Premium,Mobile,0
C000103,35,1,84.04,1,16.4,44.1,9.0,2,Month-to-month,None,East,Basic,Desktop,0
C000104,23,58,63.31,0,31.6,34.6,7.5,0,Month-to-month,DSL,South,Premium,Mobile,0
C000105,56,57,97.57,1,27.6,37.3,6.5,0,Month-to-month,DSL,North,None,Tablet,0
C000106,25,57,77.12,1,15.3,42.4,8.5,0,One year,DSL,North,Basic,Mobile,0
C000107,52,48,76.09,2,21.1,14.2,9.4,1,One year,Fiber,East,Basic,Mobile,0
C000108,33,34,68.55,3,13.7,34.0,5.9,0,Month-to-month,DSL,South,Basic,Desktop,0
C000109,63,51,114.09,4,18.5,37.6,6.1,0,Month-to-month,Fiber,North,Premium,Tablet,0
C000110,52,20,54.17,1,12.8,13.8,6.3,1,One year,DSL,East,None,Mobile,0
C000111,29,57,63.93,2,12.7,53.9,4.0,0,Month-to-month,Fiber,North,Basic,Mobile,0
C000112,30,41,41.07,3,11.9,44.1,9.3,1,One year,Fiber,West,Basic,Mobile,0
C000113,50,34,90.17,1,27.8,44.2,6.0,1,Month-to-month,DSL,North,None,Tablet,0
C000114,39,37,57.45,1,12.6,35.9,6.6,0,Month-to-month,Fiber,South,Basic,Tablet,0
C000115,40,41,60.25,1,24.0,19.6,9.7,0,Month-to-month,DSL,West,None,Mobile,0
C000116,59,3,59.08,2,13.0,15.8,6.1,0,Month-to-month,Fiber,East,Basic,Desktop,0
C000117,32,11,73.57,0,12.2,29.8,9.4,1,One year,None,North,Premium,Desktop,0
C000118,43,18,40.73,3,18.7,39.4,4.0,1,Two year,Fiber,South,None,Mobile,1
C000119,54,9,20.0,0,6.9,37.5,8.1,1,One year,DSL,East,None,Tablet,0
C000120,53,32,83.44,5,20.7,51.5,6.3,0,Month-to-month,DSL,East,Premium,Mobile,0
C000121,40,49,20.0,2,15.0,27.3,4.3,1,One year,Fiber,South,None,Desktop,0
C000122,38,48,93.35,4,12.1,26.7,5.1,1,Month-to-month,DSL,South,None,Desktop,0
C000123,19,34,110.96,2,10.6,31.1,7.4,0,Month-to-month,DSL,East,Basic,Desktop,0
C000124,28,62,67.89,1,29.8,17.1,5.4,1,Month-to-month,None,North,Basic,Mobile,0
C000125,46,41,104.49,3,15.8,49.0,7.8,0,One year,Fiber,South,None,Desktop,0
C000126,40,6,71.39,2,15.5,28.0,5.8,0,Two year,Fiber,East,Basic,Tablet,0
C000127,43,56,111.98,1,22.1,34.0,4.2,0,One year,None,South,None,Desktop,0
C000128,56,42,60.59,0,10.1,40.8,8.8,1,Month-to-month,Fiber,North,Basic,Mobile,0
C000129,27,46,20.0,0,23.9,22.0,7.6,1,Two year,Fiber,West,Basic,Desktop,0
C000130,39,41,70.0,2,15.7,34.3,3.9,0,Month-to-month,DSL,South,Premium,Desktop,1
C000131,44,40,114.7,1,6.3,30.9,8.3,3,Month-to-month,Fiber,South,Basic,Tablet,1
C000132,33,7,85.37,4,12.3,42.7,7.3,0,Month-to-month,Fiber,North,Basic,Desktop,0
C000133,61,41,59.12,3,8.3,31.1,6.3,0,Two year,DSL,North,Premium,Mobile,0
C000134,54,58,80.22,2,16.6,3.0,6.4,0,Month-to-month,Fiber,North,,Desktop,0
C000135,46,22,96.28,1,10.4,19.8,9.5,0,Two year,Fiber,North,Premium,Mobile,0
C000136,65,44,69.86,0,9.7,13.0,7.7,0,One year,Fiber,North,None,Mobile,0
C000137,23,3,137.66,0,18.0,54.1,9.6,0,Two year,None,East,Basic,Mobile,0
C000138,42,26,59.06,0,16.3,48.0,8.0,0,Month-to-month,DSL,North,Basic,Mobile,0
C000139,47,32,97.06,1,24.5,5.2,7.5,1,Month-to-month,Fiber,North,Premium,Desktop,0
C000140,30,71,91.05,2,24.2,18.9,5.7,1,Month-to-month,Fiber,South,None,Desktop,0
C000141,46,16,54.5,1,16.4,14.4,7.4,0,One year,Fiber,West,None,Desktop,0
C000142,28,20,61.39,2,19.5,33.6,8.9,0,Month-to-month,DSL,North,Basic,Desktop,0
C000143,51,30,97.45,2,6.1,19.5,7.2,0,Month-to-month,DSL,East,None,Mobile,0
C000144,56,72,75.62,2,20.9,27.8,10.0,0,One year,DSL,South,Basic,Mobile,0
C000145,46,62,80.45,0,18.9,14.5,8.9,0,Month-to-month,Fiber,West,Premium,Mobile,0
C000146,18,3,31.1,4,22.7,36.2,4.9,2,One year,DSL,West,Basic,Mobile,0
C000147,29,17,88.4,0,13.9,10.8,6.2,0,One year,Fiber,East,Basic,Mobile,0
C000148,49,60,79.18,1,13.9,61.0,8.3,1,Month-to-month,DSL,West,None,Mobile,0
C000149,42,5,70.4,3,14.0,49.1,4.4,0,Month-to-month,Fiber,West,Premium,Desktop,1
C000150,18,62,81.02,1,26.0,60.8,6.9,0,One year,DSL,East,Basic,Mobile,0
C000151,58,21,61.77,1,18.0,38.3,5.4,0,Month-to-month,Fiber,West,Basic,Tablet,0
C000152,44,67,57.2,1,5.5,49.7,7.2,0,One year,Fiber,North,Basic,Mobile,0
C000153,31,22,65.95,2,20.5,41.7,5.4,1,One year,None,East,Basic,Desktop,0
C000154,55,32,60.39,1,12.8,18.9,9.0,1,One year,Fiber,North,None,Mobile,0
C000155,33,48,126.51,0,23.6,26.5,6.2,0,Month-to-month,None,South,Basic,Mobile,0
C000156,33,10,94.8,1,19.8,36.1,,1,Month-to-month,None,East,Basic,Mobile,1
C000157,47,41,47.79,3,24.7,44.8,4.4,1,One year,DSL,East,Premium,Mobile,0
C000158,65,37,122.91,2,23.3,30.9,6.6,0,One year,Fiber,East,Premium,Mobile,0
C000159,63,57,61.18,3,22.6,37.7,4.8,0,Month-to-month,Fiber,East,Basic,Desktop,1
C000160,47,72,72.74,2,23.9,27.0,9.2,2,Month-to-month,DSL,East,None,Tablet,0
C000161,48,48,94.44,1,21.7,26.1,5.7,1,Month-to-month,Fiber,North,None,Desktop,0
C000162,52,30,22.75,1,11.1,13.3,6.9,1,One year,Fiber,East,Premium,Desktop,0
C000163,26,30,66.07,1,8.0,36.3,7.7,0,One year,None,South,Premium,Desktop,0
C000164,50,31,57.67,0,10.2,25.1,5.8,0,One year,Fiber,South,Premium,Mobile,0
C000165,32,59,77.13,0,21.1,15.6,4.9,1,Month-to-month,DSL,East,Premium,Tablet,0
C000166,46,24,81.25,0,0.4,23.9,7.4,1,One year,Fiber,South,Basic,Mobile,0
C000167,39,13,70.07,1,15.9,34.4,3.6,0,Month-to-month,Fiber,South,None,Mobile,1
C000168,49,25,68.91,2,14.1,39.0,9.5,1,Month-to-month,DSL,South,None,Tablet,1
C000169,44,2,98.63,1,24.6,28.8,6.9,0,Month-to-month,None,South,Premium,Tablet,0
C000170,18,8,79.54,6,15.2,43.8,4.4,1,One year,Fiber,West,None,Mobile,0
C000171,44,7,73.04,1,13.4,48.9,6.6,1,One year,DSL,East,Basic,Mobile,0
C000172,50,56,75.7,0,25.2,27.6,8.1,1,One year,Fiber,North,Basic,Mobile,0
C000173,48,53,117.9,1,15.4,42.7,5.6,0,Month-to-month,Fiber,South,None,Mobile,0
C000174,41,51,76.32,2,14.2,23.0,3.6,0,Month-to-month,DSL,North,Premium,Desktop,0
C000175,63,34,59.14,2,12.6,15.4,6.9,1,Month-to-month,DSL,West,Premium,Desktop,0
C000176,46,52,24.28,3,18.0,19.7,8.5,0,One year,None,West,Basic,Mobile,0
C000177,48,12,36.15,0,13.7,20.6,7.5,0,Month-to-month,DSL,West,Premium,Desktop,0
C000178,56,65,60.32,1,13.7,25.7,7.8,0,Month-to-month,Fiber,South,Basic,Mobile,0
C000179,47,37,69.29,1,26.2,54.8,8.8,0,Month-to-month,DSL,North,,Tablet,0
C000180,30,68,58.11,2,16.3,24.7,9.9,0,Month-to-month,Fiber,West,Basic,Mobile,0
C000181,18,11,80.78,0,12.9,26.5,2.3,0,Month-to-month,DSL,South,None,Desktop,0
C000182,36,36,57.79,1,9.0,32.8,4.7,0,Month-to-month,Fiber,East,None,Desktop,0
C000183,52,51,49.14,1,17.4,15.2,7.4,1,Month-to-month,None,South,None,Tablet,0
C000184,37,36,87.32,2,12.1,32.8,7.6,0,Month-to-month,Fiber,South,Premium,Mobile,0
C000185,52,33,106.23,1,13.4,38.9,4.3,0,Two year,Fiber,South,None,Mobile,0
C000186,44,12,44.32,1,10.0,48.8,5.7,0,Month-to-month,Fiber,North,Premium,Mobile,0
C000187,59,28,78.09,2,17.4,46.8,10.0,2,Month-to-month,None,North,None,Tablet,0
C000188,38,18,24.37,2,6.9,35.4,6.5,0,One year,Fiber,South,Basic,Mobile,0
C000189,48,22,35.14,4,18.9,28.3,7.5,1,Month-to-month,None,North,Basic,Desktop,0
C000190,49,50,57.28,1,12.2,29.0,10.0,2,Month-to-month,DSL,North,None,Desktop,0
C000191,62,46,100.37,0,21.0,35.9,7.3,1,One year,Fiber,South,None,Mobile,0
C000192,20,44,52.53,1,19.4,30.4,8.5,0,One year,DSL,West,Basic,Tablet,0
C000193,36,27,51.6,1,16.7,29.9,8.1,0,One year,DSL,North,None,Mobile,0
C000194,53,70,72.9,0,21.9,19.8,6.5,0,Month-to-month,Fiber,East,,Mobile,0
C000195,62,7,72.93,3,26.9,39.0,6.4,1,One year,Fiber,West,Premium,Tablet,0
C000196,45,25,52.37,0,24.9,34.6,9.2,0,Month-to-month,Fiber,West,None,Mobile,0
C000197,38,9,121.66,0,6.8,21.9,7.1,1,One year,DSL,North,None,Mobile,0
C000198,52,25,65.37,1,11.8,48.9,5.3,0,One year,DSL,East,None,Mobile,0
C000199,53,70,74.84,1,12.6,33.5,9.0,0,Month-to-month,None,North,Basic,Tablet,0
C000200,37,27,61.96,3,20.5,13.9,2.0,1,One year,DSL,West,None,Mobile,0
C000201,46,66,83.0,0,12.3,42.3,9.9,0,One year,Fiber,West,Premium,Desktop,0
C000202,57,36,102.87,1,12.1,22.9,6.8,0,One year,Fiber,West,Basic,Mobile,0
C000203,67,51,113.59,1,10.9,26.1,7.1,0,One year,Fiber,West,Premium,Tablet,0
C000204,52,33,52.94,2,18.1,28.8,7.2,1,One year,DSL,East,Basic,Desktop,0
C000205,43,20,99.52,0,20.4,41.4,9.5,0,One year,Fiber,South,Basic,Mobile,0
C000206,41,56,85.74,1,7.5,30.3,7.4,0,One year,None,South,None,Desktop,0
C000207,49,70,96.36,2,12.4,38.4,7.1,1,Month-to-month,Fiber,West,Premium,Mobile,0
C000208,40,19,69.7,1,2.7,12.1,5.4,0,Month-to-month,Fiber,East,Basic,Mobile,0
C000209,44,57,67.32,0,0.0,17.8,5.8,0,Two year,DSL,South,Premium,Mobile,0
C000210,28,19,95.39,1,19.4,31.4,8.3,1,Month-to-month,Fiber,West,Basic,Tablet,0
C000211,59,52,95.87,1,18.2,22.3,7.5,0,Month-to-month,Fiber,East,Basic,Tablet,0
C000212,27,57,111.14,1,17.2,28.5,10.0,0,One year,DSL,North,Basic,Mobile,0
C000213,36,33,76.96,3,27.1,40.0,5.6,1,Month-to-month,Fiber,West,None,Desktop,0
C000214,43,54,69.33,3,4.3,21.4,5.0,0,Month-to-month,None,East,Basic,Mobile,0
C000215,68,20,20.0,3,1.4,22.2,7.6,0,Two year,Fiber,North,Premium,Desktop,0
C000216,37,6,31.72,3,8.1,32.3,6.9,0,Month-to-month,Fiber,East,Basic,Mobile,0
C000217,33,7,62.14,0,1.2,5.5,4.9,0,Month-to-month,Fiber,North,Basic,Mobile,0
C000218,35,33,44.47,0,11.7,43.1,6.2,0,One year,Fiber,West,Basic,Tablet,0
C000219,64,65,92.35,0,20.1,32.6,8.4,1,Two year,Fiber,East,None,Mobile,0
C000220,18,10,39.25,2,18.1,32.1,4.7,0,Month-to-month,Fiber,South,Premium,Mobile,0
C000221,29,33,59.47,3,23.2,24.5,5.1,0,Month-to-month,Fiber,South,Basic,Desktop,0
C000222,78,51,60.45,1,18.6,39.3,5.8,1,One year,Fiber,West,Basic,Desktop,0
C000223,50,15,102.12,2,13.2,29.1,5.8,0,Month-to-month,None,North,,Mobile,1
C000224,28,52,56.79,2,12.3,45.7,8.5,0,Month-to-month,Fiber,North,Basic,Mobile,0
C000225,41,23,83.31,1,19.1,10.5,6.1,0,Month-to-month,Fiber,West,None,Desktop,0
C000226,43,59,76.89,0,5.3,31.8,10.0,1,Two year,Fiber,East,Premium,Mobile,0
C000227,53,42,94.58,1,0.0,31.5,5.2,1,One year,Fiber,East,Basic,Desktop,0
C000228,66,40,93.26,2,18.7,34.7,7.8,0,Month-to-month,Fiber,North,None,Mobile,0
C000229,47,13,71.16,1,17.6,47.8,7.0,0,Two year,Fiber,West,Premium,Mobile,0
C000230,35,34,29.59,3,27.0,14.6,7.1,1,Month-to-month,Fiber,East,None,Mobile,0
C000231,52,62,66.21,1,20.9,14.3,2.7,0,Month-to-month,Fiber,South,Basic,Tablet,0
C000232,33,2,71.5,4,18.2,26.8,5.1,0,Month-to-month,Fiber,East,Basic,Desktop,1
C000233,29,55,79.15,0,13.8,8.3,,0,One year,DSL,East,None,Mobile,0
C000234,19,36,53.56,0,10.3,58.7,3.6,0,Month-to-month,Fiber,East,Basic,Mobile,0
C000235,22,52,100.52,1,14.0,42.2,1.8,0,Month-to-month,DSL,West,Premium,Mobile,0
C000236,30,48,72.34,2,22.7,37.2,4.9,0,Month-to-month,Fiber,East,Basic,Mobile,0
C000237,27,32,48.99,1,19.2,40.4,7.7,1,One year,Fiber,South,None,Mobile,0
C000238,46,23,60.54,3,22.5,46.3,8.0,0,Month-to-month,Fiber,West,None,Desktop,0
C000239,26,46,120.21,2,16.7,23.6,4.9,0,Month-to-month,DSL,East,Premium,Desktop,0
C000240,18,11,88.61,3,9.7,26.7,6.7,1,Month-to-month,None,North,Premium,Desktop,0
C000241,28,43,98.21,2,24.1,35.1,7.9,0,Month-to-month,Fiber,North,Premium,Mobile,0
C000242,36,7,45.96,0,23.5,24.9,9.5,0,Month-to-month,DSL,West,Basic,Tablet,0
C000243,34,47,54.78,3,17.3,19.9,9.4,0,Two year,Fiber,North,Basic,Desktop,0
C000244,62,46,54.96,4,19.9,24.6,8.7,0,One year,Fiber,West,Basic,Mobile,0
C000245,34,7,76.61,2,19.5,35.6,6.1,0,One year,Fiber,East,Basic,Tablet,0
C000246,53,55,67.65,0,12.7,41.9,7.0,0,Month-to-month,DSL,North,Basic,Desktop,0
C000247,42,30,59.76,1,14.2,15.8,7.2,2,Month-to-month,DSL,South,None,Mobile,0
C000248,41,57,62.9,3,9.6,28.7,6.7,0,Month-to-month,DSL,East,Basic,Desktop,0
C000249,31,3,52.15,1,14.2,30.4,4.6,0,Month-to-month,Fiber,North,Premium,Desktop,0
C000250,41,13,67.5,1,23.2,14.3,9.7,0,Month-to-month,Fiber,South,Basic,Tablet,0
C000251,32,36,99.83,2,21.9,36.4,7.9,0,Month-to-month,Fiber,West,Premium,Mobile,0
C000252,44,14,34.17,1,19.9,29.7,,1,One year,Fiber,West,Premium,Mobile,0
C000253,39,24,80.66,0,22.7,19.7,8.3,0,One year,DSL,North,Premium,Mobile,0
C000254,30,48,106.5,1,13.4,25.2,6.3,0,Month-to-month,None,East,Basic,Mobile,0
C000255,55,11,67.42,0,7.8,37.4,4.4,0,Month-to-month,DSL,West,Basic,Desktop,1
C000256,48,49,58.78,4,14.9,42.7,8.5,0,One year,Fiber,East,Basic,Mobile,0
C000257,36,8,95.11,2,15.5,35.1,8.3,0,Two year,DSL,East,None,Tablet,0
C000258,44,13,47.39,1,20.7,53.9,7.6,1,Two year,DSL,North,None,Tablet,0
C000259,41,43,71.43,0,19.6,44.4,10.0,0,Month-to-month,Fiber,North,None,Desktop,0
C000260,31,58,46.0,1,23.1,37.6,6.1,0,Month-to-month,Fiber,East,Basic,Mobile,0
C000261,43,13,25.25,1,1.9,22.6,6.5,1,Month-to-month,Fiber,West,None,Mobile,0
C000262,34,22,68.2,1,10.4,44.6,7.5,0,Two year,DSL,East,Basic,Mobile,0
C000263,30,67,40.42,1,15.4,21.8,6.2,0,Month-to-month,Fiber,North,None,Desktop,0
C000264,21,72,71.71,2,19.4,40.0,6.7,0,One year,Fiber,East,Basic,Mobile,0
C000265,37,42,99.88,0,30.7,3.0,9.0,0,Month-to-month,Fiber,East,Basic,Tablet,0
C000266,49,33,118.36,2,9.2,25.1,5.9,0,Month-to-month,DSL,East,Premium,Desktop,0
C000267,33,25,74.34,2,11.0,14.2,6.1,0,Month-to-month,DSL,South,Basic,Desktop,0
C000268,75,45,97.48,3,13.0,27.6,8.1,0,One year,DSL,West,None,Tablet,0
C000269,54,43,81.97,1,10.8,12.5,4.7,0,Month-to-month,DSL,North,Basic,Tablet,0
C000270,59,22,62.42,0,9.8,31.3,7.0,0,Month-to-month,DSL,West,None,Desktop,0
C000271,52,2,23.88,1,16.3,36.6,6.9,0,Month-to-month,DSL,South,None,Mobile,0
C000272,66,11,112.66,3,22.9,23.2,8.2,1,Two year,Fiber,North,Premium,Desktop,0
C000273,32,70,45.77,4,16.8,27.2,8.5,0,Two year,Fiber,North,Premium,Mobile,0
C000274,18,31,106.57,3,10.0,33.6,6.8,1,Month-to-month,DSL,South,None,Mobile,1
C000275,36,35,85.42,0,14.6,30.4,6.9,0,One year,Fiber,West,Premium,Desktop,0
C000276,49,34,47.6,1,8.7,47.2,7.0,0,One year,Fiber,North,Premium,Mobile,0
C000277,44,57,79.8,2,22.9,22.8,6.5,0,Two year,Fiber,East,Premium,Mobile,0
C000278,46,5,125.32,0,26.3,37.4,9.4,0,One year,DSL,East,Basic,Desktop,0
C000279,59,6,110.39,1,4.8,34.1,8.0,1,Month-to-month,Fiber,East,Basic,Mobile,0
C000280,47,20,59.18,3,17.6,11.9,9.4,0,Two year,Fiber,North,Basic,Mobile,0
C000281,52,36,54.2,1,10.6,32.0,5.5,0,Month-to-month,DSL,East,Premium,Mobile,0
C000282,30,49,74.51,1,16.4,30.0,9.4,0,Month-to-month,DSL,North,Basic,Mobile,0
C000283,28,36,67.86,2,15.4,25.1,7.3,0,Month-to-month,DSL,West,None,Mobile,0
C000284,63,32,101.99,2,6.6,52.3,8.3,0,Two year,Fiber,South,Basic,Desktop,0
C000285,43,68,90.49,1,24.5,46.4,3.7,1,One year,None,East,None,Desktop,0
C000286,34,12,29.69,2,14.9,21.8,10.0,0,One year,Fiber,South,None,Mobile,0
C000287,34,42,83.47,1,12.7,38.6,7.9,0,Month-to-month,Fiber,West,None,Desktop,0
C000288,34,40,67.52,3,16.8,39.9,10.0,1,One year,Fiber,South,Basic,Mobile,0
C000289,33,35,72.93,0,9.9,32.8,9.1,1,Month-to-month,None,South,None,Desktop,0
C000290,25,59,78.22,2,14.7,17.8,3.4,0,Month-to-month,Fiber,West,Premium,Desktop,0
C000291,22,20,101.97,4,3.1,19.6,9.8,0,Two year,None,West,Basic,Desktop,0
C000292,39,69,96.44,0,0.0,37.3,7.4,0,Month-to-month,None,North,Premium,Mobile,0
C000293,34,24,53.26,3,9.2,37.1,8.3,0,Two year,DSL,East,Premium,Mobile,0
C000294,56,40,70.53,1,12.3,27.6,8.1,0,Month-to-month,Fiber,West,Basic,Mobile,0
C000295,46,38,60.79,0,3.7,46.8,6.9,0,One year,DSL,South,None,Desktop,0
C000296,45,62,29.95,4,12.5,48.9,6.4,0,Month-to-month,Fiber,East,Basic,Mobile,0
C000297,32,32,69.27,0,12.3,48.8,8.4,1,Month-to-month,Fiber,East,Premium,Desktop,0
C000298,40,21,118.12,0,15.6,48.8,5.6,0,Month-to-month,None,South,Premium,Tablet,0
C000299,47,2,29.2,0,20.3,30.8,7.2,0,Month-to-month,None,East,Basic,Tablet,0
C000300,51,27,71.4,1,28.0,15.0,9.6,0,Two year,Fiber,East,Basic,Mobile,0
C000301,41,60,70.6,1,19.0,27.1,4.9,0,One year,Fiber,South,Premium,Mobile,0
C000302,56,1,79.19,1,9.1,,,1,Two year,DSL,West,Basic,Tablet,0
C000303,42,65,47.93,3,20.7,23.4,9.2,1,Month-to-month,Fiber,East,Basic,Desktop,0
C000304,52,40,36.37,2,25.8,26.4,5.6,0,One year,Fiber,West,None,Desktop,0
C000305,36,11,37.54,0,8.2,17.1,3.7,0,Month-to-month,DSL,North,Premium,Mobile,0
C000306,18,22,105.27,3,8.5,39.6,3.5,0,Month-to-month,DSL,East,None,Mobile,0
C000307,45,40,47.43,2,6.1,50.5,6.3,0,Two year,None,South,Premium,Mobile,0
C000308,51,23,59.51,1,12.0,59.6,10.0,0,Month-to-month,Fiber,East,Basic,Desktop,0
C000309,49,8,124.62,1,18.6,34.0,5.7,0,One year,Fiber,North,Premium,Mobile,0
C000310,47,48,53.64,1,26.4,28.9,6.6,0,Two year,Fiber,South,Basic,Desktop,0
C000311,37,49,80.56,0,22.2,30.6,7.2,0,Month-to-month,Fiber,North,Basic,Tablet,0
C000312,32,9,98.6,3,18.7,47.3,9.1,1,Two year,Fiber,East,Basic,Tablet,0
C000313,49,21,97.39,2,16.3,47.1,8.6,1,Month-to-month,DSL,West,Premium,Mobile,0
C000314,48,18,38.71,0,18.7,28.1,6.8,0,One year,Fiber,North,Basic,Tablet,0
C000315,35,48,54.17,0,19.2,45.4,8.2,1,Two year,DSL,South,Basic,Mobile,0
C000316,56,53,79.56,2,25.1,32.9,9.0,1,One year,Fiber,West,Premium,Desktop,0
C000317,31,53,120.23,2,15.9,22.2,,0,Two year,Fiber,East,Premium,Mobile,0
C000318,34,68,52.96,2,17.8,29.1,6.4,0,Two year,DSL,South,Premium,Mobile,0
C000319,63,56,59.66,1,13.1,51.4,4.9,0,Month-to-month,Fiber,East,None,Mobile,0
C000320,53,24,82.49,1,16.8,39.7,5.8,2,One year,DSL,East,None,Mobile,0
C000321,37,8,87.49,1,14.2,24.9,8.3,1,Month-to-month,Fiber,East,None,Desktop,0
C000322,46,45,89.01,2,7.7,42.2,4.9,1,Month-to-month,DSL,West,Premium,Mobile,1
C000323,44,66,50.84,2,22.1,39.6,10.0,1,Month-to-month,None,South,Basic,Tablet,0
C000324,18,71,58.7,0,26.4,27.3,8.3,0,Month-to-month,DSL,West,Premium,Desktop,0
C000325,30,17,77.39,0,15.7,22.0,6.0,0,Month-to-month,DSL,North,None,Desktop,0
C000326,41,18,103.56,3,18.3,,6.9,1,Month-to-month,DSL,South,Basic,Mobile,0
C000327,37,3,66.04,2,22.0,11.3,4.8,1,Month-to-month,Fiber,East,Premium,Desktop,1
C000328,45,11,71.44,0,15.0,23.1,4.4,0,Two year,Fiber,West,Premium,Desktop,0
C000329,57,40,46.35,1,17.3,28.9,6.4,0,Two year,DSL,East,None,Mobile,0
C000330,38,40,118.58,1,14.5,46.1,9.5,0,One year,Fiber,West,Basic,Mobile,0
C000331,28,27,75.86,4,12.2,40.9,4.6,0,Two year,DSL,South,None,Tablet,0
C000332,46,23,98.94,0,19.7,33.4,9.3,0,Month-to-month,None,West,Basic,Desktop,0
C000333,38,60,72.75,1,19.6,8.5,6.8,1,Month-to-month,Fiber,West,Premium,Desktop,0
C000334,40,34,74.13,1,22.5,34.5,7.5,0,Month-to-month,Fiber,West,Basic,Mobile,0
C000335,38,59,34.49,1,16.0,11.3,7.2,0,Month-to-month,Fiber,South,Premium,Mobile,0
C000336,71,70,20.0,1,7.6,41.5,8.5,1,Month-to-month,Fiber,West,Premium,Mobile,0
C000337,18,23,103.3,1,23.8,41.8,9.1,0,Month-to-month,Fiber,North,None,Mobile,0
C000338,37,15,73.95,2,10.9,31.6,6.7,0,Month-to-month,DSL,West,Premium,Desktop,0
C000339,42,69,77.16,0,10.7,40.8,8.0,0,Month-to-month,Fiber,North,Premium,Desktop,0
C000340,32,46,40.77,1,12.3,43.2,9.4,1,Month-to-month,DSL,West,None,Desktop,0
C000341,54,21,49.42,0,3.8,32.3,8.6,0,One year,Fiber,West,Premium,Tablet,0
C000342,53,45,98.56,0,14.5,29.3,6.4,0,Two year,Fiber,South,None,Desktop,0
C000343,41,38,115.5,0,20.3,15.1,6.7,1,One year,DSL,East,None,Mobile,0
C000344,38,66,56.47,1,13.0,26.7,5.3,1,Month-to-month,Fiber,South,Premium,Mobile,0
C000345,41,19,88.79,2,25.4,,10.0,0,Month-to-month,None,West,None,Mobile,0
C000346,41,72,76.75,0,24.9,18.9,7.7,1,Two year,DSL,West,Basic,Desktop,0
C000347,41,68,68.99,3,22.2,22.2,4.6,2,Month-to-month,DSL,West,None,Tablet,0
C000348,40,14,118.3,1,2.5,7.5,5.6,0,Month-to-month,DSL,West,Basic,Mobile,1
C000349,45,12,60.67,0,26.0,42.8,6.8,0,Month-to-month,None,East,Basic,Mobile,0
C000350,52,39,103.02,1,14.3,33.6,9.5,0,Month-to-month,DSL,West,Premium,Mobile,0
C000351,26,4,81.54,1,27.7,44.9,6.8,0,Month-to-month,Fiber,North,Basic,Mobile,0
C000352,28,22,71.58,2,11.8,40.6,,2,Month-to-month,DSL,East,None,Desktop,0
C000353,19,32,106.3,1,15.0,37.0,5.8,0,Month-to-month,Fiber,West,None,Mobile,1
C000354,53,70,79.25,1,16.6,40.5,8.3,2,One year,None,South,None,Desktop,0
C000355,45,72,69.59,0,9.5,32.8,9.4,0,One year,DSL,North,Basic,Desktop,0
C000356,49,11,106.49,2,4.7,46.7,8.5,0,Two year,Fiber,East,Basic,Mobile,1
C000357,23,65,103.23,2,0.0,24.9,2.7,0,Month-to-month,Fiber,East,Basic,Mobile,1
C000358,65,7,102.05,0,36.7,30.8,6.8,0,One year,DSL,North,Basic,Mobile,0
C000359,34,54,20.0,1,4.3,27.6,5.2,0,Month-to-month,None,North,Basic,Mobile,0
C000360,44,61,83.0,1,4.4,55.2,8.3,0,One year,Fiber,West,None,Desktop,0
C000361,53,65,77.3,1,20.0,23.4,7.2,0,Month-to-month,DSL,South,Premium,Desktop,0
C000362,29,17,71.13,0,6.0,46.5,10.0,0,Month-to-month,DSL,East,Basic,Mobile,0
C000363,35,65,87.24,1,4.7,14.6,6.5,1,Month-to-month,Fiber,East,Premium,Mobile,0
C000364,44,9,78.51,3,0.0,32.2,7.2,0,Two year,DSL,West,Premium,Mobile,0
C000365,79,38,88.95,1,18.0,28.8,6.9,0,Month-to-month,Fiber,East,None,Desktop,0
C000366,46,34,65.3,3,8.5,18.7,8.4,0,One year,DSL,North,Basic,Desktop,0
C000367,63,23,109.45,1,20.5,23.0,5.4,0,One year,None,West,None,Mobile,0
C000368,58,2,91.47,0,15.5,37.0,5.3,0,Month-to-month,DSL,East,None,Tablet,0
C000369,47,56,85.56,1,16.6,27.0,6.1,0,One year,Fiber,North,None,Mobile,0
C000370,29,25,84.34,0,12.8,19.4,8.2,0,Month-to-month,None,West,None,Mobile,0
C000371,56,48,100.93,2,14.1,41.8,9.0,0,One year,DSL,West,Basic,Desktop,0
C000372,23,30,97.54,2,9.7,30.7,6.9,2,Month-to-month,Fiber,South,Basic,Mobile,1
C000373,63,27,69.18,2,10.4,35.0,8.2,1,One year,Fiber,East,None,Mobile,0
C000374,45,64,96.76,1,8.3,44.1,8.0,0,Month-to-month,Fiber,South,Basic,Mobile,0
C000375,18,7,76.35,1,26.6,49.5,7.0,1,Two year,DSL,West,None,Tablet,0
C000376,38,54,119.92,0,13.2,3.6,7.0,0,Month-to-month,Fiber,South,Premium,Desktop,0
C000377,51,54,99.44,1,0.1,29.7,,0,Two year,None,East,None,Desktop,0
C000378,39,28,56.36,0,17.8,10.9,10.0,0,Month-to-month,DSL,West,None,Desktop,0
C000379,51,19,130.27,1,10.4,63.7,8.9,0,Month-to-month,Fiber,East,Basic,Mobile,0
C000380,31,1,20.0,1,15.7,32.8,9.3,0,One year,DSL,East,Premium,Mobile,0
C000381,25,68,87.93,1,14.1,42.7,10.0,0,Two year,DSL,North,Basic,Desktop,0
C000382,41,69,54.59,3,26.4,23.5,5.8,0,Month-to-month,Fiber,North,Basic,Desktop,0
C000383,42,18,119.05,2,13.3,26.7,8.4,0,Month-to-month,None,West,Premium,Desktop,0
C000384,37,3,78.32,3,21.7,44.2,9.7,0,Month-to-month,Fiber,East,Premium,Mobile,0
C000385,58,9,52.16,1,21.0,37.2,8.8,0,One year,None,North,Basic,Desktop,0
C000386,31,5,65.34,3,6.4,51.1,6.0,1,Month-to-month,Fiber,North,Basic,Mobile,0
C000387,46,60,54.15,4,17.3,21.0,5.7,2,One year,Fiber,East,Basic,Desktop,0
C000388,43,65,64.36,2,10.7,28.4,10.0,0,Month-to-month,Fiber,North,None,Tablet,0
C000389,22,12,63.78,0,7.5,37.2,7.8,1,Month-to-month,DSL,South,None,Desktop,0
C000390,25,54,53.22,2,7.6,39.0,7.7,0,One year,DSL,West,Basic,Mobile,0
C000391,42,13,78.75,1,21.7,36.0,7.1,1,Month-to-month,DSL,North,None,Mobile,0
C000392,68,27,81.78,1,34.5,15.1,9.8,0,Month-to-month,Fiber,East,None,Tablet,0
C000393,50,44,47.09,1,10.4,19.7,8.9,0,Two year,Fiber,North,Basic,Mobile,0
C000394,20,52,30.54,1,17.5,35.1,6.8,1,Month-to-month,DSL,North,Basic,Mobile,0
C000395,18,63,79.77,4,18.2,12.5,8.7,1,Month-to-month,DSL,North,Basic,Mobile,0
C000396,52,4,85.3,0,12.3,20.4,7.4,1,Month-to-month,Fiber,South,None,Desktop,0
C000397,41,15,90.26,0,25.9,31.4,8.7,2,Month-to-month,DSL,North,Premium,Desktop,0
C000398,57,21,85.78,0,31.4,21.7,9.5,0,Month-to-month,Fiber,South,None,Mobile,0
C000399,31,23,111.32,0,11.8,33.8,9.3,1,Month-to-month,Fiber,South,Basic,Desktop,0
C000400,47,72,96.93,2,28.1,29.9,4.0,0,Month-to-month,DSL,North,Basic,Desktop,0
C000401,53,56,139.0,3,12.2,21.5,8.0,0,Two year,Fiber,East,Premium,Desktop,0
C000402,36,24,149.52,4,9.2,21.8,9.8,0,Month-to-month,Fiber,South,None,Mobile,0
C000403,36,70,28.05,2,15.0,46.3,5.8,0,One year,Fiber,North,Basic,Mobile,0
C000404,42,36,20.0,1,22.1,35.6,10.0,0,Month-to-month,Fiber,North,None,Mobile,0
C000405,49,37,71.82,0,15.3,34.0,8.2,0,Month-to-month,DSL,South,None,Mobile,0
C000406,42,32,84.61,2,21.2,31.7,8.8,1,Month-to-month,None,West,Basic,Mobile,0
C000407,55,11,70.1,1,17.6,20.1,8.8,0,Month-to-month,None,East,None,Desktop,0
C000408,36,68,89.59,4,25.5,24.2,4.7,0,Month-to-month,None,West,Basic,Mobile,0
C000409,25,2,65.24,3,19.7,3.0,8.9,0,Two year,Fiber,North,Basic,Desktop,0
C000410,68,13,54.65,2,26.7,23.4,8.0,0,Month-to-month,Fiber,East,None,Mobile,0
C000411,34,17,58.43,2,10.0,23.6,6.3,0,One year,None,South,Basic,Mobile,0
C000412,35,21,67.0,1,14.6,37.6,,0,One year,None,East,Basic,Mobile,0
C000413,41,10,93.09,1,16.0,23.8,3.7,0,Month-to-month,None,East,Basic,Mobile,1
C000414,43,2,59.83,0,10.0,40.4,6.0,1,Month-to-month,DSL,East,Premium,Mobile,0
C000415,37,49,64.78,0,9.0,27.9,9.7,0,Two year,Fiber,South,None,Mobile,0
C000416,42,70,86.26,1,18.7,32.8,8.9,0,Month-to-month,Fiber,West,Basic,Mobile,0
C000417,41,9,67.03,1,20.7,,6.1,0,Month-to-month,Fiber,South,None,Tablet,0
C000418,44,22,99.92,0,16.8,39.4,5.8,0,Month-to-month,DSL,East,Basic,Desktop,0
C000419,18,37,49.01,2,23.4,45.5,6.8,0,Month-to-month,Fiber,East,None,Desktop,1
C000420,66,67,43.59,1,8.3,19.2,7.8,1,Month-to-month,None,West,None,Desktop,0
C000421,40,50,79.62,2,13.3,52.1,6.5,0,Two year,Fiber,South,None,Desktop,0
C000422,50,56,82.11,0,7.7,20.7,7.1,0,Month-to-month,DSL,East,,Mobile,0
C000423,24,42,50.38,3,17.0,28.8,7.4,0,One year,None,South,Basic,Mobile,0
C000424,36,31,105.59,2,19.4,24.7,6.7,0,Month-to-month,DSL,West,Basic,Desktop,0
C000425,33,15,120.12,1,25.4,49.1,6.5,0,Month-to-month,None,East,Premium,Desktop,0
C000426,61,63,56.3,2,7.8,18.3,5.2,0,One year,DSL,North,Basic,Desktop,0
C000427,34,58,109.18,2,18.6,39.6,7.3,0,One year,Fiber,South,Basic,Mobile,0
C000428,52,2,20.0,1,26.1,4.5,7.2,0,Two year,DSL,West,Basic,Tablet,0
C000429,34,52,98.9,0,9.0,40.8,5.6,1,Month-to-month,None,South,None,Mobile,0
C000430,36,7,50.56,1,7.3,28.7,7.8,0,Month-to-month,Fiber,North,None,Desktop,0
C000431,39,54,96.4,3,5.7,26.5,9.4,0,Two year,DSL,West,Premium,Mobile,0
C000432,59,60,47.97,2,20.4,22.7,7.4,0,Month-to-month,Fiber,South,None,Mobile,0
C000433,18,10,70.29,3,10.9,30.2,8.1,1,Month-to-month,None,South,Basic,Desktop,0
C000434,25,32,51.75,3,19.3,26.7,9.1,0,Month-to-month,None,South,Basic,Mobile,0
C000435,18,9,66.65,2,14.5,13.1,7.3,0,Month-to-month,DSL,South,Basic,Mobile,0
C000436,28,41,117.75,2,28.6,21.6,8.9,0,Month-to-month,Fiber,North,Basic,Mobile,0
C000437,31,67,69.3,0,21.5,40.6,3.2,0,Month-to-month,None,North,Basic,Mobile,0
C000438,21,6,124.76,0,10.4,26.2,,0,Month-to-month,None,North,Premium,Desktop,0
C000439,32,29,62.35,1,13.9,21.5,5.3,0,Month-to-month,None,West,Basic,Mobile,0
C000440,18,71,109.29,0,21.5,31.6,9.9,0,Two year,None,West,Premium,Mobile,0
C000441,29,22,31.36,2,8.5,36.9,8.5,0,One year,None,West,Premium,Mobile,0
C000442,58,10,64.84,3,24.3,38.8,5.1,1,Month-to-month,DSL,North,Basic,Mobile,1
C000443,47,36,58.6,3,14.2,35.1,5.6,1,One year,None,North,None,Tablet,0
C000444,44,37,110.44,1,21.7,45.5,4.9,0,One year,Fiber,South,Basic,Mobile,0
C000445,29,48,76.63,2,14.6,31.6,7.9,1,Month-to-month,DSL,North,Basic,Desktop,0
C000446,22,23,20.0,1,12.3,28.2,7.7,1,One year,Fiber,West,None,Tablet,0
C000447,27,69,39.25,1,11.2,41.5,6.6,2,Two year,DSL,South,Basic,Desktop,0
C000448,41,38,46.68,2,28.1,22.5,5.7,0,Month-to-month,Fiber,North,Premium,Desktop,0
C000449,53,21,95.35,1,13.9,26.1,7.3,1,Two year,DSL,South,Premium,Mobile,0
C000450,54,70,92.13,2,37.6,11.9,10.0,0,Month-to-month,DSL,North,Basic,Desktop,0
C000451,50,67,64.49,0,17.1,52.8,6.6,0,Month-to-month,Fiber,South,Basic,Tablet,0
C000452,32,36,58.29,0,10.0,56.0,9.4,0,Month-to-month,Fiber,North,Basic,Mobile,0
C000453,42,2,89.91,2,4.9,28.9,6.8,0,Month-to-month,Fiber,South,Premium,Mobile,0
C000454,38,43,43.76,1,24.6,40.2,9.1,0,Month-to-month,Fiber,West,Premium,Mobile,0
C000455,39,40,83.44,1,14.6,39.4,8.4,0,Two year,Fiber,South,None,Desktop,0
C000456,68,11,81.31,1,21.8,33.3,7.3,0,One year,Fiber,North,Premium,Mobile,0
C000457,19,46,65.14,1,32.3,45.6,8.5,1,Two year,Fiber,North,Basic,Tablet,0
C000458,39,61,81.94,1,20.7,15.8,9.5,0,One year,DSL,North,None,Mobile,0
C000459,58,8,74.55,2,18.4,28.8,7.4,0,Two year,None,South,Premium,Desktop,0
C000460,23,53,84.44,0,24.6,6.0,7.0,2,Month-to-month,DSL,North,Premium,Desktop,0
C000461,34,11,38.65,2,21.6,18.9,8.5,1,Two year,Fiber,South,None,Desktop,0
C000462,35,54,87.36,0,7.2,11.5,10.0,0,One year,None,South,None,Tablet,0
C000463,39,31,97.67,2,25.3,8.9,4.8,0,One year,Fiber,East,Basic,Mobile,0
C000464,21,1,80.02,1,15.7,,5.0,0,One year,DSL,North,None,Mobile,1
C000465,50,70,87.03,0,26.8,35.4,9.9,0,One year,Fiber,North,None,Desktop,0
C000466,51,12,69.25,3,19.5,23.0,6.3,0,Month-to-month,DSL,South,Basic,Desktop,0
C000467,49,43,94.28,0,24.3,24.5,9.6,0,Month-to-month,Fiber,North,Premium,Mobile,0
C000468,31,14,73.63,2,14.4,22.2,6.1,1,Two year,DSL,East,None,Mobile,0
C000469,43,68,43.3,0,5.4,32.7,6.5,1,Month-to-month,DSL,East,None,Mobile,0
C000470,30,54,92.51,1,19.9,23.7,9.2,0,Month-to-month,DSL,North,Basic,Tablet,0
C000471,38,58,31.15,2,22.8,18.9,8.6,1,One year,DSL,South,Basic,Desktop,0
C000472,70,32,79.07,2,12.1,,5.3,0,Month-to-month,Fiber,East,Basic,Desktop,0
C000473,43,34,62.39,2,14.6,20.5,8.4,0,One year,Fiber,East,None,Mobile,0
C000474,27,46,60.8,1,0.5,15.7,6.1,0,One year,None,North,Premium,Desktop,0
C000475,44,57,76.3,2,14.9,39.9,8.1,1,Two year,Fiber,West,Basic,Mobile,0
C000476,24,61,54.27,0,7.2,10.8,7.4,0,One year,DSL,South,None,Desktop,0
C000477,26,2,84.81,1,19.6,45.8,7.0,1,One year,Fiber,West,None,Mobile,0
C000478,28,48,73.42,2,18.3,18.7,6.2,0,Month-to-month,Fiber,North,Premium,Desktop,0
C000479,36,8,56.57,5,16.1,32.0,4.3,0,Month-to-month,None,North,Basic,Mobile,0
C000480,54,21,105.45,1,25.3,19.1,6.2,0,Month-to-month,DSL,East,None,Desktop,0
C000481,50,60,77.12,2,17.7,31.2,8.6,0,One year,DSL,North,Basic,Mobile,0
C000482,49,19,87.77,0,17.4,24.7,8.1,0,One year,None,North,Basic,Tablet,0
C000483,28,58,107.41,2,18.3,19.2,5.8,0,Month-to-month,DSL,East,None,Desktop,0
C000484,35,34,107.0,1,11.9,11.8,9.3,0,One year,Fiber,West,None,Desktop,0
C000485,46,17,86.49,1,22.9,24.5,8.0,0,Month-to-month,DSL,East,None,Desktop,0
C000486,34,25,64.43,0,9.6,36.7,8.4,0,One year,Fiber,East,None,Mobile,0
C000487,38,39,36.26,1,19.0,39.1,5.5,1,One year,Fiber,North,None,Tablet,0
C000488,48,56,77.17,2,24.5,22.4,10.0,0,Month-to-month,Fiber,West,Basic,Mobile,0
C000489,37,44,99.36,0,8.8,22.4,8.2,1,One year,Fiber,West,Basic,Mobile,0
C000490,45,68,80.86,0,6.6,28.9,10.0,0,Month-to-month,Fiber,West,Basic,Desktop,0
C000491,63,63,20.0,1,8.7,31.0,6.2,0,Month-to-month,None,East,Basic,Desktop,0
C000492,40,55,93.75,2,28.7,31.0,4.1,0,One year,None,East,Basic,Mobile,0
C000493,57,44,95.29,0,11.7,25.8,5.7,0,Month-to-month,DSL,North,None,Mobile,0
C000494,49,21,64.47,0,7.6,26.6,9.2,0,Month-to-month,Fiber,South,Premium,Desktop,0
C000495,23,30,96.71,0,18.6,27.6,5.3,1,One year,Fiber,South,Premium,Mobile,0
C000496,28,9,87.7,1,0.0,3.0,10.0,0,One year,Fiber,South,Basic,Mobile,0
C000497,31,27,54.86,1,9.3,26.1,6.1,0,One year,DSL,West,None,Mobile,0
C000498,31,67,103.78,2,25.9,40.4,8.1,0,Month-to-month,Fiber,South,Basic,Mobile,0
C000499,41,31,40.31,1,9.3,47.7,7.8,0,Month-to-month,DSL,South,Basic,Mobile,0
C000500,50,9,70.57,4,14.2,45.1,6.8,0,Month-to-month,DSL,West,None,Desktop,0
C000501,58,47,68.07,2,18.1,32.1,6.8,1,Two year,Fiber,North,Basic,Tablet,0
C000502,46,70,51.36,1,18.1,16.7,5.6,0,One year,Fiber,South,Basic,Mobile,0
C000503,36,63,79.59,2,12.3,24.4,10.0,1,Month-to-month,DSL,North,Basic,Mobile,0
C000504,18,20,104.76,3,19.8,21.9,8.3,1,Month-to-month,Fiber,South,Basic,Desktop,0
C000505,43,33,103.19,1,26.1,14.1,4.4,0,Month-to-month,Fiber,North,None,Mobile,0
C000506,42,39,90.09,2,8.6,19.7,4.9,0,Month-to-month,DSL,West,None,Mobile,1
C000507,44,18,29.6,1,12.6,22.3,8.3,0,One year,Fiber,East,Premium,Mobile,0
C000508,69,20,38.6,1,15.3,14.3,7.3,0,Month-to-month,Fiber,North,Basic,Mobile,0
C000509,58,18,76.15,0,20.9,42.2,4.1,0,Month-to-month,Fiber,East,Basic,Desktop,1
C000510,52,72,71.14,2,16.2,38.3,10.0,0,Month-to-month,Fiber,South,Basic,Desktop,0
C000511,29,54,59.55,1,15.1,30.4,2.3,2,One year,Fiber,East,Premium,Desktop,0
C000512,35,61,119.63,1,5.2,35.6,6.5,0,Month-to-month,DSL,West,None,Mobile,0
C000513,41,59,74.65,0,8.1,34.7,7.4,0,One year,Fiber,West,None,Mobile,0
C000514,32,70,85.56,0,17.3,22.2,6.1,0,Month-to-month,DSL,West,Premium,Tablet,0
C000515,49,8,96.7,0,12.4,52.6,8.9,0,Month-to-month,DSL,West,Basic,Mobile,0
C000516,47,64,73.37,0,13.6,21.8,8.3,0,Two year,DSL,North,Basic,Desktop,0
C000517,28,5,136.78,5,15.6,11.0,7.6,0,Month-to-month,None,North,None,Mobile,0
C000518,58,35,48.49,1,32.4,32.9,7.2,0,Month-to-month,DSL,North,Basic,Desktop,0
C000519,43,43,56.85,0,12.5,37.8,8.3,1,Month-to-month,DSL,North,Premium,Mobile,0
C000520,20,26,48.43,3,25.7,27.4,7.0,1,Month-to-month,Fiber,East,None,Mobile,0
C000521,41,11,111.07,1,25.2,45.9,4.6,0,Month-to-month,Fiber,North,None,Mobile,0
C000522,46,14,92.05,2,21.6,33.2,9.1,0,One year,None,South,Premium,Mobile,0
C000523,55,60,58.4,3,10.1,21.2,10.0,0,Month-to-month,DSL,South,Premium,Tablet,0
C000524,38,23,50.4,0,17.0,23.9,7.5,0,Two year,Fiber,North,Basic,Mobile,0
C000525,53,23,106.62,3,13.3,32.8,7.5,3,One year,DSL,South,Basic,Mobile,0
C000526,44,67,81.04,0,30.1,32.0,7.3,0,Two year,Fiber,South,Basic,Mobile,0
C000527,25,11,107.26,3,18.9,45.6,5.0,1,One year,Fiber,West,Premium,Mobile,1
C000528,24,66,70.5,1,14.5,41.0,6.4,0,Month-to-month,Fiber,North,Basic,Desktop,0
C000529,57,67,84.79,2,28.5,12.2,8.8,0,One year,Fiber,East,Basic,Mobile,0
C000530,58,44,79.51,1,13.5,29.0,7.8,0,One year,DSL,South,None,Tablet,0
C000531,46,12,56.4,1,19.9,16.1,10.0,0,One year,None,East,Basic,Mobile,0
C000532,61,12,68.4,0,20.9,48.5,8.7,0,Month-to-month,DSL,North,Premium,Mobile,0
C000533,56,21,42.39,1,18.4,19.3,6.6,1,Month-to-month,Fiber,North,Basic,Desktop,0
C000534,51,42,84.35,4,15.3,33.4,8.6,0,One year,DSL,South,Basic,Desktop,0
C000535,30,12,91.03,1,21.9,22.6,7.0,0,Month-to-month,Fiber,North,Premium,Mobile,0
C000536,65,33,96.75,0,11.6,7.3,4.4,0,Two year,DSL,North,Basic,Mobile,0
C000537,49,9,88.66,1,23.8,15.9,9.3,0,Month-to-month,DSL,North,Basic,Desktop,0
C000538,37,39,68.79,1,14.0,28.0,8.3,0,One year,Fiber,East,Premium,Desktop,0
C000539,33,2,110.8,1,25.4,,10.0,0,One year,DSL,North,Basic,Tablet,0
C000540,45,52,94.31,3,23.3,37.4,6.4,0,Month-to-month,DSL,South,Basic,Tablet,0
C000541,20,4,106.71,1,19.8,15.0,,0,One year,DSL,North,Premium,Desktop,0
C000542,51,15,108.28,0,15.4,34.8,6.0,2,Two year,Fiber,West,Basic,Mobile,0
C000543,30,13,68.86,1,23.7,42.4,5.8,1,Two year,Fiber,East,Premium,Tablet,0
C000544,47,60,81.7,2,20.0,37.2,10.0,0,Month-to-month,Fiber,East,Basic,Mobile,1
C000545,35,4,91.36,2,0.0,26.7,3.7,2,Month-to-month,Fiber,East,Basic,Desktop,1
C000546,39,31,43.27,2,10.3,31.6,7.3,0,Month-to-month,Fiber,North,Basic,Mobile,0
C000547,32,43,43.83,2,17.2,32.8,10.0,0,Month-to-month,Fiber,East,Premium,Mobile,0
C000548,40,38,39.52,2,18.0,47.8,4.6,0,Month-to-month,Fiber,South,Basic,Mobile,0
C000549,67,50,69.3,0,21.0,51.4,6.4,0,Month-to-month,DSL,West,None,Tablet,0
C000550,60,58,63.67,3,26.8,38.7,9.0,0,Month-to-month,DSL,East,Premium,Mobile,0
C000551,47,29,36.11,2,20.1,31.6,5.2,2,Month-to-month,DSL,North,Basic,Desktop,0
C000552,42,60,75.73,2,1.4,30.6,8.0,1,Two year,Fiber,South,Basic,Mobile,0
C000553,53,23,69.61,2,17.4,31.9,5.9,0,One year,DSL,North,None,Tablet,0
C000554,57,71,101.56,1,24.5,33.5,9.8,0,Month-to-month,DSL,South,None,Tablet,0
C000555,31,37,122.32,4,16.8,24.8,9.7,0,Month-to-month,None,South,None,Tablet,0
C000556,41,53,83.41,0,17.4,54.6,6.5,0,Month-to-month,DSL,East,Basic,Desktop,0
C000557,18,64,54.58,2,12.5,21.5,2.2,0,One year,DSL,West,Premium,Mobile,0
C000558,57,58,88.17,0,22.6,46.5,8.3,1,Month-to-month,Fiber,South,Premium,Desktop,0
C000559,69,62,72.23,1,13.5,4.6,9.2,1,One year,Fiber,South,Basic,Mobile,0
C000560,43,39,66.0,2,20.1,27.7,8.3,0,Month-to-month,DSL,North,Basic,Mobile,0
C000561,18,4,50.46,1,19.0,26.9,8.1,1,One year,Fiber,West,None,Mobile,0
C000562,50,36,60.39,0,16.4,33.7,7.8,0,Month-to-month,DSL,South,Premium,Mobile,0
C000563,30,14,67.56,1,19.4,26.6,6.7,1,Month-to-month,DSL,West,None,Tablet,0
C000564,33,65,92.1,3,17.4,47.6,6.0,0,Month-to-month,DSL,South,None,Desktop,0
C000565,50,18,84.78,2,24.9,28.1,7.4,0,Month-to-month,Fiber,East,Basic,Tablet,0
C000566,45,17,117.64,1,20.7,18.6,6.9,0,Month-to-month,DSL,West,None,Mobile,1
C000567,36,18,88.86,0,23.3,19.4,8.6,0,Month-to-month,DSL,North,Basic,Desktop,0
C000568,34,47,82.61,1,10.7,25.3,5.8,1,One year,Fiber,East,Basic,Desktop,0
C000569,44,42,64.34,5,10.2,39.7,6.5,0,Month-to-month,None,West,Premium,Mobile,0
C000570,37,69,46.06,4,16.4,41.9,7.5,0,One year,Fiber,East,Basic,Mobile,0
C000571,28,30,57.75,1,21.2,16.6,5.9,1,Month-to-month,Fiber,East,None,Tablet,0
C000572,38,21,54.5,1,19.7,21.4,4.8,1,Month-to-month,Fiber,North,Basic,Mobile,0
C000573,46,4,20.0,1,10.7,18.2,8.4,0,Month-to-month,Fiber,West,None,Mobile,0
C000574,40,1,46.78,2,21.5,27.6,4.9,1,Month-to-month,Fiber,East,Basic,Desktop,0
C000575,24,27,112.06,3,11.6,42.5,7.6,0,One year,DSL,East,Basic,Mobile,0
C000576,55,67,81.22,2,20.7,33.1,8.2,1,Two year,DSL,South,Basic,Desktop,0
C000577,18,38,62.59,2,18.0,37.6,9.8,0,Month-to-month,Fiber,West,None,Mobile,0
C000578,36,65,81.96,4,14.4,40.0,10.0,0,One year,DSL,South,None,Desktop,0
C000579,34,8,23.16,2,12.2,24.0,9.7,0,Month-to-month,DSL,South,Premium,Mobile,0
C000580,44,7,79.05,3,16.9,15.6,6.0,0,One year,Fiber,East,Premium,Desktop,0
C000581,49,61,103.94,2,16.6,24.0,6.7,0,Month-to-month,DSL,West,None,Desktop,0
C000582,57,8,68.97,3,8.7,,7.8,0,One year,Fiber,East,Basic,Desktop,0
C000583,33,4,27.7,3,20.2,38.2,7.2,0,Month-to-month,Fiber,South,None,Tablet,1
C000584,50,30,61.65,3,24.1,31.9,7.6,0,Month-to-month,DSL,West,Basic,Desktop,0
C000585,45,67,103.98,1,22.0,42.4,9.5,0,One year,Fiber,North,Basic,Mobile,0
C000586,20,50,78.47,0,18.2,32.7,7.5,0,Month-to-month,Fiber,North,Premium,Desktop,0
C000587,67,8,36.54,3,12.9,27.0,8.9,2,Month-to-month,DSL,East,Premium,Mobile,0
C000588,23,61,131.19,1,16.9,12.2,5.2,0,One year,Fiber,North,Basic,Mobile,0
C000589,47,61,40.65,0,15.1,46.3,8.1,0,One year,DSL,North,Basic,Mobile,0
C000590,47,58,65.93,1,16.9,29.8,4.3,0,One year,Fiber,East,Basic,Desktop,0
C000591,46,65,46.07,0,22.6,25.6,9.3,1,Two year,Fiber,East,Basic,Mobile,0
C000592,36,18,46.1,1,15.2,29.8,6.9,1,Month-to-month,None,East,None,Mobile,0
C000593,53,71,60.7,1,3.1,49.0,4.8,0,One year,DSL,East,None,Desktop,0
C000594,22,24,87.9,0,21.6,42.9,,0,Month-to-month,Fiber,East,Basic,Tablet,0
C000595,41,58,104.26,2,18.8,26.7,8.1,0,Month-to-month,DSL,West,Basic,Mobile,0
C000596,35,42,62.35,0,17.0,36.6,,0,One year,Fiber,South,Basic,Tablet,0
C000597,33,57,46.75,2,7.8,45.7,5.7,0,Month-to-month,Fiber,East,None,Desktop,0
C000598,48,46,83.97,0,10.2,35.2,6.5,0,Two year,DSL,North,None,Mobile,0
C000599,56,47,84.7,1,11.0,32.4,8.8,1,Month-to-month,None,North,Basic,Desktop,0
C000600,38,45,78.01,0,11.9,5.9,3.6,0,Month-to-month,Fiber,North,Basic,Tablet,0
C000601,52,57,78.89,3,12.6,45.9,8.1,1,Month-to-month,None,West,None,Mobile,0
C000602,43,54,69.19,0,7.7,18.7,,1,One year,Fiber,East,None,Mobile,0
C000603,30,10,74.45,3,31.1,8.6,9.2,1,Month-to-month,None,East,None,Mobile,0
C000604,39,60,67.46,0,26.5,9.3,8.0,2,Month-to-month,None,North,Premium,Tablet,0
C000605,38,39,98.76,2,17.9,20.7,9.7,0,One year,DSL,East,Basic,Tablet,0
C000606,33,24,127.71,1,15.8,36.8,8.0,1,Month-to-month,DSL,West,None,Desktop,1
C000607,48,38,76.49,3,28.8,44.9,5.1,0,One year,None,South,Basic,Tablet,0
C000608,45,70,71.84,3,27.4,35.1,8.0,1,One year,DSL,South,None,Tablet,0
C000609,21,62,78.4,2,10.8,51.8,8.1,0,Two year,Fiber,South,None,Desktop,0
C000610,21,61,55.55,4,17.7,26.2,6.0,1,Month-to-month,DSL,South,None,Mobile,0
C000611,48,34,91.12,1,14.7,28.2,6.3,0,One year,Fiber,South,Basic,Mobile,0
C000612,31,57,83.03,0,14.1,8.6,2.9,0,One year,DSL,West,Basic,Mobile,0
C000613,46,28,61.49,3,14.8,24.1,8.6,0,Month-to-month,Fiber,West,Premium,Desktop,0
C000614,52,50,94.55,0,15.4,6.5,7.0,0,Two year,Fiber,East,Basic,Desktop,0
C000615,25,47,72.47,1,17.5,14.9,6.2,1,One year,Fiber,North,None,Tablet,0
C000616,24,18,47.75,0,17.5,38.6,5.4,0,Month-to-month,Fiber,South,Basic,Tablet,0
C000617,64,20,80.79,2,26.1,10.8,6.3,0,Two year,DSL,North,None,Mobile,0
C000618,47,5,77.92,1,10.4,11.9,8.0,0,Month-to-month,DSL,North,Basic,Desktop,0
C000619,37,11,96.01,1,22.8,9.9,,0,Month-to-month,DSL,East,Premium,Mobile,0
C000620,30,32,92.79,0,8.5,40.3,6.6,0,Month-to-month,Fiber,South,Basic,Tablet,0
C000621,35,35,69.27,2,17.7,50.7,5.0,0,Month-to-month,Fiber,South,None,Mobile,0
C000622,27,12,60.2,6,23.3,30.1,6.6,0,Month-to-month,Fiber,East,Basic,Mobile,0
C000623,53,31,72.04,0,20.0,42.3,5.7,0,Two year,Fiber,South,Premium,Mobile,0
C000624,32,44,81.08,5,13.8,17.0,6.8,1,Two year,DSL,North,Premium,Mobile,0
C000625,56,17,84.09,1,18.0,45.8,8.3,0,One year,Fiber,East,Basic,Desktop,0
C000626,37,25,79.54,1,27.6,22.4,6.2,0,Month-to-month,Fiber,North,Basic,Desktop,0
C000627,28,27,69.73,0,11.9,39.0,10.0,2,One year,Fiber,North,Premium,Mobile,0
C000628,36,37,96.92,1,20.0,30.7,6.2,0,Month-to-month,Fiber,North,Basic,Mobile,0
C000629,18,27,55.14,3,22.8,8.0,4.1,1,Two year,Fiber,East,Basic,Desktop,0
C000630,40,54,133.99,3,13.3,20.4,6.8,0,Month-to-month,DSL,East,None,Desktop,0
C000631,40,24,91.08,3,28.1,33.1,6.1,1,Month-to-month,Fiber,West,Basic,Tablet,0
C000632,53,32,43.81,2,30.5,8.8,10.0,0,Month-to-month,Fiber,East,Basic,Mobile,0
C000633,18,28,76.63,1,23.7,34.6,6.3,0,Two year,None,South,Premium,Mobile,0
C000634,57,14,91.32,1,23.7,14.0,4.4,1,One year,Fiber,West,Basic,Desktop,1
C000635,53,50,63.27,3,3.9,37.5,7.2,0,Month-to-month,DSL,East,Premium,Desktop,0
C000636,58,17,34.62,1,6.8,14.7,6.8,0,Month-to-month,Fiber,North,None,Mobile,0
C000637,41,22,46.02,1,15.4,36.3,5.0,0,One year,Fiber,South,None,Mobile,0
C000638,55,58,85.55,2,11.4,40.8,7.7,1,One year,Fiber,North,,Mobile,0
C000639,23,69,28.13,0,20.4,29.0,8.1,0,Month-to-month,Fiber,South,None,Tablet,0
C000640,51,49,35.77,1,0.0,30.0,7.2,0,One year,Fiber,North,,Desktop,0
C000641,32,66,85.42,4,20.3,48.8,6.6,0,One year,Fiber,North,None,Mobile,0
C000642,21,62,66.44,2,14.8,21.6,6.4,0,Month-to-month,None,South,Basic,Desktop,0
C000643,27,35,54.61,3,12.2,24.6,6.0,0,Month-to-month,Fiber,West,Premium,Mobile,0
C000644,42,56,59.63,3,29.3,38.7,4.8,1,Month-to-month,Fiber,East,Basic,Mobile,0
C000645,31,24,35.23,4,13.8,36.1,9.8,0,One year,Fiber,South,Basic,Mobile,0
C000646,47,34,84.11,3,4.7,28.1,10.0,1,Two year,Fiber,East,Premium,Desktop,0
C000647,18,39,51.84,1,19.2,16.4,5.3,1,Month-to-month,DSL,West,Basic,Desktop,0
C000648,18,70,58.61,1,18.7,42.7,6.0,0,One year,Fiber,West,Basic,Desktop,0
C000649,60,62,80.67,2,14.8,,,0,Month-to-month,DSL,South,Basic,Tablet,1
C000650,54,36,65.58,3,32.5,58.3,8.7,0,Month-to-month,Fiber,East,Basic,Desktop,0
C000651,28,47,54.38,2,17.5,16.7,,1,One year,Fiber,South,Premium,Desktop,0
C000652,42,15,22.26,1,23.1,17.7,8.4,0,One year,Fiber,North,None,Mobile,0
C000653,55,58,81.19,1,18.3,35.1,7.9,1,Month-to-month,Fiber,West,Premium,Mobile,0
C000654,47,40,73.97,2,24.9,37.6,6.8,0,One year,Fiber,West,Basic,Tablet,0
C000655,44,39,59.07,0,13.7,19.3,9.5,0,One year,None,West,Premium,Tablet,0
C000656,56,56,46.07,1,8.6,51.3,6.5,1,Month-to-month,None,North,Basic,Mobile,0
C000657,33,46,72.32,1,21.4,35.0,7.1,1,Month-to-month,None,West,Premium,Tablet,0
C000658,42,6,84.01,0,18.1,28.0,4.9,2,Two year,Fiber,East,Basic,Mobile,0
C000659,42,21,74.44,1,21.6,35.6,2.7,0,Two year,Fiber,West,Basic,Mobile,0
C000660,38,13,112.95,2,11.7,45.5,9.0,0,Two year,DSL,North,Premium,Mobile,0
C000661,37,53,89.62,0,19.4,50.3,6.0,0,One year,DSL,East,,Mobile,0
C000662,43,3,69.32,2,4.8,33.3,9.2,0,Month-to-month,DSL,East,None,Mobile,0
C000663,42,15,90.46,1,12.6,15.7,6.5,0,One year,DSL,North,Basic,Mobile,0
C000664,28,44,73.22,2,11.1,15.9,6.9,1,Two year,DSL,South,Basic,Mobile,0
C000665,52,51,73.13,2,19.5,14.0,7.5,0,Two year,Fiber,North,None,Desktop,0
C000666,29,37,104.41,2,12.6,23.3,6.1,0,One year,Fiber,West,Basic,Tablet,0
C000667,39,62,49.55,2,6.4,31.5,4.2,0,Month-to-month,Fiber,East,Basic,Mobile,0
C000668,38,67,72.58,0,12.0,33.6,5.5,1,Month-to-month,None,North,Basic,Tablet,0
C000669,47,10,101.74,1,20.2,44.5,5.4,0,One year,None,East,None,Desktop,0
C000670,18,69,79.72,2,16.9,6.1,7.0,0,One year,Fiber,East,None,Desktop,0
C000671,54,45,62.77,0,10.8,30.9,9.1,2,Two year,None,East,Premium,Desktop,0
C000672,33,46,29.35,4,21.9,36.5,5.8,0,Month-to-month,DSL,South,None,Mobile,0
C000673,58,7,20.0,0,27.0,3.0,6.9,0,Month-to-month,Fiber,East,None,Tablet,0
C000674,36,45,123.9,0,22.4,36.4,7.5,0,Two year,None,North,Premium,Desktop,0
C000675,41,53,79.71,1,0.0,63.8,5.7,2,Month-to-month,None,North,,Tablet,0
C000676,67,42,57.4,0,17.7,40.3,7.8,0,Month-to-month,None,East,Basic,Desktop,0
C000677,38,7,80.74,4,15.0,34.7,9.1,0,Month-to-month,Fiber,West,Basic,Mobile,0
C000678,58,38,48.31,2,1.7,27.7,7.8,0,Month-to-month,DSL,East,Premium,Desktop,0
C000679,43,68,63.72,1,7.0,33.8,7.0,0,Month-to-month,Fiber,South,Basic,Tablet,0
C000680,47,53,48.48,2,21.6,49.4,5.6,0,Month-to-month,DSL,West,Basic,Desktop,0
C000681,43,10,36.67,1,17.3,26.8,6.9,1,Two year,Fiber,East,Basic,Desktop,0
C000682,53,70,20.0,1,16.6,45.3,5.7,0,Month-to-month,DSL,East,Premium,Mobile,0
C000683,33,70,32.06,0,11.4,36.6,6.0,0,One year,Fiber,East,Basic,Desktop,0
C000684,29,13,97.53,0,23.6,50.5,6.9,0,Month-to-month,Fiber,West,Basic,Mobile,0
C000685,34,58,47.33,1,7.4,44.1,6.7,0,Two year,DSL,North,None,Desktop,0
C000686,43,30,85.37,2,9.8,33.3,9.0,0,Month-to-month,DSL,East,Premium,Mobile,0
C000687,39,43,95.92,2,13.8,32.5,6.0,0,Month-to-month,Fiber,South,Premium,Mobile,0
C000688,51,33,72.41,1,5.3,27.2,7.8,0,One year,Fiber,West,Basic,Desktop,0
C000689,59,57,64.54,1,9.8,42.7,6.3,2,One year,DSL,North,Premium,Mobile,0
C000690,29,72,75.33,1,23.4,23.9,5.5,0,Month-to-month,Fiber,North,None,Mobile,0
C000691,32,58,61.58,0,10.1,32.4,8.2,1,Month-to-month,DSL,North,Premium,Mobile,0
C000692,23,68,102.1,2,21.5,28.7,,1,Month-to-month,Fiber,North,Basic,Desktop,0
C000693,68,69,118.91,0,20.4,14.9,6.0,0,Month-to-month,None,North,Premium,Tablet,0
C000694,46,7,108.25,4,14.8,33.6,1.5,0,Month-to-month,DSL,East,Basic,Desktop,1
C000695,48,19,20.0,0,6.1,12.7,9.1,1,Month-to-month,Fiber,North,Basic,Desktop,0
C000696,25,52,61.07,1,16.4,25.6,8.5,0,Month-to-month,Fiber,West,Basic,Desktop,0
C000697,42,43,72.1,2,1.2,39.0,9.2,0,One year,DSL,East,Basic,Mobile,0
C000698,49,4,83.58,1,12.3,33.0,9.3,2,Month-to-month,None,North,None,Tablet,0
C000699,39,7,28.82,1,17.7,32.8,7.1,0,Month-to-month,DSL,South,None,Mobile,1
C000700,56,38,28.41,1,22.1,20.6,6.4,0,Month-to-month,None,West,Basic,Mobile,0
C000701,72,45,104.67,5,14.9,43.6,3.9,0,One year,DSL,South,None,Tablet,0
C000702,30,13,58.02,4,11.7,20.4,7.3,0,Month-to-month,DSL,North,None,Mobile,1
C000703,29,13,34.81,1,11.2,39.5,6.3,0,Month-to-month,Fiber,North,None,Mobile,0
C000704,31,10,44.41,2,12.7,46.6,5.7,0,Month-to-month,DSL,West,None,Tablet,0
C000705,63,41,81.76,0,20.4,12.6,4.7,1,One year,Fiber,South,Premium,Mobile,0
C000706,56,1,51.44,1,18.5,26.1,5.2,0,One year,Fiber,South,Premium,Desktop,0
C000707,40,42,78.04,1,15.8,25.0,4.7,1,One year,DSL,West,None,Mobile,0
C000708,42,35,47.53,1,20.4,34.3,8.9,0,One year,DSL,North,None,Desktop,0
C000709,31,34,28.39,4,16.0,19.7,9.1,0,Month-to-month,Fiber,West,None,Mobile,0
C000710,54,49,107.61,0,6.7,17.0,5.8,0,One year,None,West,None,Mobile,0
C000711,37,38,81.95,0,8.2,30.4,9.3,1,Two year,Fiber,South,None,Mobile,0
C000712,39,53,63.66,1,20.2,24.3,7.3,1,Month-to-month,Fiber,South,Basic,Mobile,0
C000713,50,56,58.97,3,6.4,29.2,9.7,0,Two year,DSL,East,Premium,Desktop,0
C000714,40,67,108.62,2,13.3,41.7,8.2,1,Month-to-month,Fiber,East,None,Mobile,0
C000715,39,58,86.79,1,15.2,11.6,8.2,0,Month-to-month,DSL,West,Basic,Mobile,0
C000716,42,38,100.67,3,8.8,29.6,7.5,0,One year,Fiber,South,None,Desktop,0
C000717,52,36,57.41,0,4.3,23.9,5.8,0,Month-to-month,DSL,South,Premium,Mobile,0
C000718,63,17,73.27,0,7.8,,4.7,0,Two year,Fiber,East,None,Desktop,0
C000719,50,44,82.05,1,3.3,24.0,7.5,0,Month-to-month,DSL,South,None,Mobile,0
C000720,52,11,58.25,2,20.3,16.8,,0,One year,Fiber,West,Premium,Mobile,0
C000721,39,68,69.61,1,18.8,35.7,10.0,0,Month-to-month,Fiber,South,Basic,Desktop,0
C000722,33,61,57.41,1,10.7,64.3,8.4,0,Month-to-month,DSL,East,None,Mobile,0
C000723,51,9,81.98,2,6.4,29.8,5.6,0,One year,None,South,None,Desktop,0
C000724,44,57,38.97,1,24.2,22.3,6.9,0,Month-to-month,DSL,West,Basic,Mobile,0
C000725,24,9,86.3,1,19.1,22.2,6.4,0,One year,Fiber,East,Basic,Desktop,0
C000726,38,52,79.77,4,11.7,42.2,7.0,1,Two year,Fiber,West,Basic,Mobile,0
C000727,41,7,66.92,3,24.3,20.5,4.7,2,Month-to-month,None,South,Basic,Tablet,0
C000728,35,36,83.24,1,17.0,46.6,8.7,0,One year,None,North,Basic,Mobile,0
C000729,61,48,62.88,0,18.2,11.4,6.4,0,One year,None,North,Premium,Desktop,0
C000730,48,53,55.25,1,8.7,33.3,8.3,0,Two year,Fiber,West,Basic,Tablet,0
C000731,60,31,85.59,1,5.4,39.0,6.0,1,Month-to-month,DSL,East,Premium,Mobile,0
C000732,45,67,86.68,0,5.0,40.1,6.4,1,One year,DSL,South,Premium,Mobile,0
C000733,43,56,59.32,2,30.6,39.3,8.2,0,One year,Fiber,North,Premium,Desktop,0
C000734,30,15,57.17,2,10.2,34.2,3.4,0,Month-to-month,Fiber,North,Basic,Mobile,0
C000735,42,49,67.43,1,16.5,44.8,8.9,0,One year,Fiber,South,Premium,Mobile,0
C000736,42,53,58.2,2,19.2,19.1,9.7,0,One year,DSL,North,None,Tablet,0
C000737,24,25,110.13,1,15.9,23.3,9.7,0,One year,DSL,East,Premium,Mobile,0
C000738,35,54,79.91,1,14.9,26.2,5.8,0,Month-to-month,Fiber,West,None,Tablet,0
C000739,38,65,72.37,2,14.8,48.8,7.6,0,Month-to-month,Fiber,South,Premium,Mobile,0
C000740,47,59,48.68,1,19.4,36.6,6.3,0,One year,Fiber,East,None,Tablet,0
C000741,48,55,90.47,2,8.7,39.2,4.4,1,Month-to-month,DSL,North,Premium,Mobile,0
C000742,34,46,56.71,1,12.9,28.9,7.3,1,Month-to-month,Fiber,West,None,Desktop,0
C000743,48,20,55.68,2,0.0,40.8,4.5,0,Month-to-month,DSL,West,None,Desktop,0
C000744,40,58,91.32,0,3.0,12.4,8.2,2,Month-to-month,DSL,East,Basic,Desktop,0
C000745,18,27,81.68,1,6.9,26.1,8.6,0,One year,DSL,South,None,Desktop,0
C000746,36,39,20.0,1,22.0,28.4,9.4,0,One year,DSL,North,None,Tablet,0
C000747,56,23,68.06,0,14.1,25.3,8.0,1,One year,Fiber,South,Basic,Mobile,0
C000748,20,23,75.14,1,20.9,27.1,6.4,0,Month-to-month,DSL,North,Premium,Desktop,0
C000749,43,12,63.51,2,18.7,37.6,6.8,1,One year,Fiber,East,None,Desktop,0
C000750,63,70,76.01,2,17.8,33.9,7.3,0,One year,DSL,West,Basic,Tablet,0
C000751,32,11,26.76,0,9.4,45.3,9.7,1,Month-to-month,Fiber,North,Basic,Mobile,0
C000752,42,7,20.0,1,16.5,6.0,9.8,2,One year,DSL,South,,Mobile,0
C000753,25,68,47.61,0,17.8,48.9,6.9,0,Month-to-month,Fiber,East,Basic,Tablet,0
C000754,63,40,79.06,0,31.4,23.2,8.9,0,One year,DSL,East,Premium,Mobile,0
C000755,41,32,20.0,1,13.6,46.8,6.2,0,One year,Fiber,East,Basic,Mobile,0
C000756,43,54,50.91,0,21.1,26.0,7.9,0,Month-to-month,DSL,South,Basic,Mobile,0
C000757,60,28,23.93,2,15.1,35.4,6.5,0,Month-to-month,DSL,North,Basic,Mobile,0
C000758,51,10,65.93,1,11.1,18.1,7.5,0,One year,None,East,None,Desktop,0
C000759,31,53,120.95,1,22.1,16.4,5.6,1,Month-to-month,Fiber,South,Basic,Tablet,0
C000760,34,13,66.57,2,29.2,38.0,4.5,0,One year,Fiber,East,Premium,Desktop,0
C000761,48,40,69.31,0,17.8,3.0,4.9,0,Month-to-month,DSL,West,Basic,Desktop,0
C000762,34,69,92.98,2,11.2,16.4,8.1,1,Two year,Fiber,North,Premium,Mobile,0
C000763,18,68,72.53,5,19.3,40.2,5.1,0,Month-to-month,Fiber,East,Basic,Desktop,0
C000764,41,26,66.63,1,18.0,26.0,6.5,1,Month-to-month,None,East,Premium,Mobile,0
C000765,23,57,95.17,0,31.5,20.4,8.7,0,Month-to-month,Fiber,West,Premium,Desktop,0
C000766,63,45,83.8,1,21.2,49.3,9.1,0,One year,DSL,East,Premium,Tablet,0
C000767,44,35,79.22,2,9.5,53.5,5.3,1,One year,DSL,South,Premium,Desktop,0
C000768,30,11,68.53,2,24.9,31.0,,0,Two year,DSL,East,Basic,Mobile,0
C000769,33,28,63.35,1,21.4,46.3,5.7,0,Month-to-month,Fiber,East,Basic,Desktop,0
C000770,18,47,94.93,1,22.5,49.2,7.5,0,One year,Fiber,North,Basic,Mobile,0
C000771,28,72,63.59,2,19.1,30.8,8.3,0,Month-to-month,None,South,None,Desktop,0
C000772,55,1,102.78,0,23.1,24.9,5.0,0,Month-to-month,Fiber,East,None,Mobile,0
C000773,71,52,45.82,1,19.1,32.1,3.9,1,Two year,DSL,South,None,Desktop,0
C000774,51,61,107.84,3,14.2,13.5,5.5,0,Month-to-month,None,West,Premium,Mobile,0
C000775,41,69,83.8,1,16.9,37.8,6.2,0,Month-to-month,Fiber,West,Basic,Mobile,0
C000776,36,31,47.79,2,15.2,27.0,10.0,0,One year,DSL,North,Basic,Mobile,0
C000777,30,9,84.72,1,18.4,31.7,7.3,0,One year,None,East,Basic,Tablet,0
C000778,69,20,55.74,2,16.6,31.5,,0,Month-to-month,Fiber,North,Basic,Desktop,0
C000779,40,62,72.84,1,13.8,20.8,9.1,1,One year,Fiber,North,Premium,Desktop,0
C000780,70,64,59.83,0,14.7,30.6,6.3,0,Two year,DSL,South,Premium,Mobile,0
C000781,60,46,68.68,1,16.0,14.7,7.3,1,Month-to-month,Fiber,East,None,Desktop,0
C000782,19,9,95.54,2,3.5,25.2,7.6,0,Two year,DSL,East,Basic,Desktop,0
C000783,33,9,84.96,1,23.2,17.6,8.2,0,Month-to-month,Fiber,West,Basic,Desktop,0
C000784,33,35,43.87,3,18.4,20.5,6.9,1,One year,None,East,Basic,Mobile,0
C000785,41,43,45.3,1,11.7,3.9,9.0,0,Two year,Fiber,East,Basic,Mobile,0
C000786,41,3,78.77,1,20.1,25.8,9.1,1,Month-to-month,Fiber,North,None,Desktop,0
C000787,81,50,80.58,2,12.4,36.8,6.6,2,One year,Fiber,East,Basic,Desktop,0
C000788,28,40,55.14,3,12.4,33.1,8.5,0,One year,Fiber,West,Basic,Mobile,0
C000789,45,1,111.78,2,18.6,44.0,7.8,0,Month-to-month,Fiber,East,Premium,Mobile,0
C000790,50,7,92.34,1,26.0,19.6,10.0,0,Two year,DSL,South,Premium,Mobile,0
C000791,42,33,56.36,3,18.0,25.3,8.7,1,Month-to-month,Fiber,East,Basic,Mobile,0
C000792,43,53,53.94,1,10.6,42.0,7.8,0,Month-to-month,DSL,West,Basic,Mobile,0
C000793,28,60,66.3,1,13.5,30.0,6.1,0,Month-to-month,DSL,West,None,Mobile,0
C000794,43,32,63.7,1,21.9,33.2,5.2,0,One year,DSL,West,None,Desktop,0
C000795,49,22,103.4,4,18.8,56.4,8.0,0,One year,Fiber,North,Basic,Tablet,0
C000796,46,70,96.61,2,22.7,27.9,4.0,0,One year,DSL,North,Basic,Mobile,0
C000797,49,34,72.88,4,18.8,25.2,10.0,1,Month-to-month,None,North,Basic,Desktop,0
C000798,60,23,88.95,0,21.4,19.1,3.4,0,One year,Fiber,West,None,Desktop,0
C000799,54,32,92.57,2,30.1,27.5,5.2,0,One year,None,East,Basic,Desktop,0
C000800,43,1,73.46,0,6.5,43.3,8.9,0,Month-to-month,DSL,North,None,Desktop,0
C000801,27,22,82.07,0,32.9,37.9,7.0,0,Month-to-month,DSL,North,Premium,Tablet,0
C000802,34,38,86.85,3,22.6,48.2,,1,Month-to-month,Fiber,East,Premium,Desktop,0
C000803,39,67,84.19,1,34.4,35.3,5.9,1,One year,Fiber,West,None,Desktop,0
C000804,45,54,52.53,3,9.1,4.1,6.9,0,Month-to-month,DSL,West,Basic,Mobile,0
C000805,36,57,55.06,0,18.7,38.5,8.3,0,One year,Fiber,South,None,Mobile,0
C000806,30,40,64.79,0,17.1,32.3,,0,Two year,Fiber,West,None,Mobile,0
C000807,27,8,54.33,1,22.2,31.0,6.6,0,Month-to-month,DSL,West,Premium,Mobile,0
C000808,21,29,35.17,1,19.3,45.6,7.1,1,Two year,DSL,South,None,Mobile,0
C000809,39,72,88.9,1,18.5,27.7,6.6,0,Month-to-month,Fiber,West,None,Tablet,0
C000810,23,4,80.66,0,21.5,38.0,8.5,0,Month-to-month,Fiber,South,Basic,Mobile,0
C000811,29,64,38.52,1,15.3,18.1,7.9,0,Month-to-month,Fiber,North,,Mobile,0
C000812,37,50,65.98,2,12.4,12.8,6.9,0,One year,DSL,North,Basic,Mobile,0
C000813,25,21,67.39,2,19.2,23.8,4.0,0,One year,Fiber,West,Basic,Mobile,0
C000814,47,57,76.55,1,12.4,27.2,9.2,0,Month-to-month,DSL,North,Premium,Desktop,0
C000815,52,61,44.95,0,15.1,37.6,5.4,1,Two year,Fiber,North,Basic,Desktop,0
C000816,35,4,38.15,0,5.9,17.8,10.0,0,Month-to-month,DSL,East,,Mobile,0
C000817,36,8,84.99,1,16.4,49.1,5.6,0,One year,Fiber,South,None,Mobile,0
C000818,49,48,33.65,2,9.5,19.4,7.6,0,Two year,DSL,East,Premium,Tablet,0
C000819,33,72,66.18,1,15.8,29.9,8.2,0,Month-to-month,Fiber,South,None,Tablet,0
C000820,32,2,63.85,0,8.4,31.1,6.7,2,Two year,None,West,None,Desktop,0
C000821,58,48,68.92,2,15.9,34.6,7.7,0,One year,Fiber,South,Basic,Desktop,0
C000822,53,10,78.32,5,22.3,36.4,6.6,1,Month-to-month,DSL,South,Premium,Mobile,0
C000823,50,47,111.96,2,11.8,58.1,10.0,0,Month-to-month,Fiber,East,Basic,Mobile,0
C000824,54,45,32.01,1,9.5,23.8,7.5,0,One year,Fiber,North,None,Mobile,0
C000825,18,7,93.91,1,21.5,34.8,6.9,0,Two year,Fiber,North,Basic,Mobile,0
C000826,60,50,20.0,0,22.4,30.0,7.5,0,Two year,DSL,South,Basic,Mobile,0
C000827,47,65,106.84,2,19.0,42.8,9.1,0,Month-to-month,DSL,South,Basic,Mobile,0
C000828,55,63,20.93,2,12.7,36.4,7.8,1,One year,DSL,South,Premium,Desktop,0
C000829,47,3,132.91,3,11.6,33.6,7.4,1,Two year,Fiber,West,Basic,Desktop,0
C000830,43,18,62.26,1,13.7,13.1,4.5,0,Month-to-month,DSL,West,Basic,Desktop,0
C000831,38,18,104.26,0,15.6,25.6,9.2,2,Month-to-month,Fiber,North,None,Mobile,0
C000832,47,33,99.1,0,3.9,19.3,7.7,2,One year,None,South,,Mobile,0
C000833,38,11,61.09,2,9.1,25.6,6.3,0,Month-to-month,DSL,East,Basic,Mobile,0
C000834,53,62,63.01,2,24.8,21.1,7.7,0,Month-to-month,Fiber,East,None,Mobile,0
C000835,21,56,51.07,2,17.5,24.8,9.6,0,Month-to-month,DSL,East,Basic,Desktop,0
C000836,35,59,91.68,1,24.6,26.1,8.4,0,One year,DSL,North,None,Mobile,0
C000837,69,15,61.41,2,23.1,26.3,10.0,0,Two year,Fiber,South,None,Mobile,0
C000838,34,2,51.53,2,13.8,27.5,8.7,1,Month-to-month,None,East,Basic,Desktop,1
C000839,39,66,85.43,2,13.9,19.9,3.6,1,Month-to-month,DSL,West,None,Tablet,1
C000840,31,21,49.57,2,22.8,31.4,9.4,0,Month-to-month,Fiber,South,Basic,Mobile,0
C000841,46,48,63.78,4,21.3,20.2,4.0,1,One year,None,West,Basic,Desktop,1
C000842,32,66,74.68,0,22.9,23.8,9.5,0,One year,Fiber,West,,Mobile,0
C000843,40,3,55.94,3,15.9,30.4,8.7,1,One year,Fiber,South,Basic,Mobile,0
C000844,53,1,59.71,0,17.0,3.0,10.0,0,One year,DSL,West,Basic,Mobile,0
C000845,33,1,110.37,0,14.2,60.9,7.9,0,One year,DSL,West,Premium,Mobile,0
C000846,52,12,66.89,1,15.6,37.3,7.6,0,One year,DSL,North,Basic,Desktop,0
C000847,53,4,63.01,0,11.2,34.8,9.3,0,One year,DSL,North,Basic,Mobile,0
C000848,56,60,67.62,5,15.5,24.7,5.0,2,One year,Fiber,West,Basic,Desktop,0
C000849,44,44,83.36,1,14.9,32.1,7.2,1,Month-to-month,Fiber,North,Premium,Mobile,0
C000850,84,71,46.15,3,12.8,16.5,6.7,1,Month-to-month,DSL,North,Premium,Desktop,0
C000851,56,58,82.68,0,21.5,36.9,6.3,0,One year,Fiber,East,None,Mobile,0
C000852,46,70,78.4,1,6.1,10.8,6.1,0,One year,DSL,West,None,Desktop,0
C000853,31,18,27.28,0,18.4,15.8,7.4,1,Month-to-month,Fiber,East,Basic,Mobile,1
C000854,41,21,116.86,2,9.5,22.5,8.4,1,Month-to-month,Fiber,North,Basic,Mobile,1
C000855,61,62,108.52,0,10.1,49.1,9.8,0,Month-to-month,DSL,West,Basic,Mobile,0
C000856,64,18,51.99,4,10.7,17.8,6.6,0,Two year,Fiber,South,Basic,Mobile,0
C000857,61,5,43.94,4,19.3,35.0,6.4,0,Month-to-month,DSL,South,Premium,Desktop,0
C000858,52,49,77.7,0,0.2,6.2,2.0,0,Month-to-month,DSL,South,None,Mobile,0
C000859,26,58,36.35,1,17.2,31.3,9.7,0,Two year,Fiber,East,Basic,Tablet,0
C000860,48,70,106.11,2,16.3,51.8,4.7,0,Month-to-month,Fiber,East,Basic,Desktop,0
C000861,26,67,60.29,3,9.2,37.0,8.0,2,Two year,DSL,South,Basic,Mobile,0
C000862,23,9,112.55,0,17.3,6.1,7.6,1,Month-to-month,DSL,North,None,Desktop,0
C000863,45,56,51.39,0,7.5,31.5,8.9,0,Two year,Fiber,North,None,Mobile,0
C000864,49,61,69.19,1,15.7,25.4,5.5,3,Two year,DSL,West,Basic,Tablet,0
C000865,54,51,103.68,1,7.2,45.7,8.1,1,Month-to-month,Fiber,East,Basic,Mobile,0
C000866,48,60,63.92,1,30.4,29.8,10.0,0,Month-to-month,Fiber,North,Basic,Desktop,0
C000867,49,61,78.8,2,22.0,13.7,7.5,0,Month-to-month,Fiber,North,Premium,Mobile,0
C000868,29,33,99.32,2,17.7,29.4,5.5,0,Month-to-month,Fiber,North,Basic,Mobile,0
C000869,41,3,58.1,0,9.3,22.6,4.5,0,One year,Fiber,West,None,Desktop,0
C000870,22,33,40.46,0,14.1,5.1,9.8,0,Month-to-month,DSL,North,Basic,Mobile,0
C000871,18,15,35.53,2,14.4,28.9,6.3,0,Month-to-month,None,West,None,Mobile,0
C000872,52,9,86.59,0,17.7,31.1,6.7,1,One year,Fiber,South,None,Desktop,1
C000873,32,9,81.72,0,18.8,35.6,10.0,0,One year,DSL,East,Basic,Mobile,0
C000874,53,51,98.54,2,17.6,43.2,8.8,3,Month-to-month,DSL,North,None,Desktop,0
C000875,56,37,65.15,0,18.4,27.6,9.2,0,Month-to-month,Fiber,North,Basic,Mobile,0
C000876,34,39,36.23,2,14.8,13.0,10.0,0,One year,DSL,North,Premium,Mobile,0
C000877,50,54,20.0,0,18.4,21.0,4.3,1,Month-to-month,Fiber,South,None,Mobile,0
C000878,33,40,143.7,1,11.5,30.8,9.9,0,One year,Fiber,West,Premium,Tablet,0
C000879,18,46,85.17,1,8.6,45.6,10.0,0,One year,DSL,North,Basic,Desktop,0
C000880,44,7,75.42,0,28.9,31.0,6.3,0,Month-to-month,Fiber,West,Basic,Desktop,0
C000881,36,62,78.97,1,18.9,29.4,8.5,0,One year,Fiber,North,Basic,Desktop,0
C000882,36,33,36.22,2,28.6,28.2,8.8,0,Month-to-month,DSL,North,None,Desktop,0
C000883,68,12,52.13,2,14.1,30.9,5.8,2,Month-to-month,Fiber,East,Basic,Desktop,0
C000884,22,59,115.58,0,32.9,53.9,8.7,2,Month-to-month,Fiber,West,None,Tablet,0
C000885,47,53,88.46,4,16.6,30.0,6.0,0,Two year,Fiber,North,Basic,Mobile,0
C000886,29,4,52.91,1,24.0,27.8,10.0,0,Month-to-month,DSL,East,None,Desktop,0
C000887,54,14,41.33,1,16.2,31.5,7.4,1,Month-to-month,Fiber,South,Basic,Tablet,1
C000888,46,2,59.11,0,17.2,22.9,8.1,1,Month-to-month,Fiber,East,Premium,Mobile,0
C000889,47,20,64.11,1,15.2,12.3,4.2,0,One year,DSL,East,Basic,Tablet,0
C000890,30,8,123.23,3,12.6,10.1,7.8,1,Month-to-month,DSL,East,None,Mobile,0
C000891,32,52,67.29,2,22.9,22.3,9.3,0,One year,DSL,West,Basic,Mobile,1
C000892,54,38,42.26,1,15.9,45.2,5.5,1,Month-to-month,Fiber,North,Basic,Tablet,0
C000893,65,71,70.53,0,21.8,45.0,6.2,0,One year,DSL,East,Basic,Mobile,0
C000894,48,54,78.61,2,22.3,17.6,5.8,2,Two year,Fiber,East,None,Mobile,0
C000895,30,45,39.99,2,25.9,29.1,5.0,0,Month-to-month,Fiber,East,None,Desktop,0
C000896,46,37,82.05,2,18.9,32.6,4.8,0,Month-to-month,Fiber,West,Basic,Tablet,0
C000897,74,4,102.22,1,5.4,22.3,9.0,0,Month-to-month,DSL,North,None,Tablet,1
C000898,43,6,75.47,1,13.8,46.7,4.8,0,Month-to-month,Fiber,West,None,Mobile,0
C000899,61,45,52.07,1,15.8,40.1,3.9,0,Two year,DSL,West,Basic,Desktop,0
C000900,32,1,58.78,0,16.1,35.3,6.1,1,Two year,DSL,West,Basic,Mobile,0
C000901,41,4,30.53,0,25.2,31.8,7.2,1,Month-to-month,DSL,South,Basic,Desktop,0
C000902,50,16,68.65,4,24.0,12.2,8.1,0,One year,Fiber,East,None,Tablet,0
C000903,47,64,79.77,0,15.0,47.3,5.5,0,One year,Fiber,West,Basic,Mobile,0
C000904,32,34,49.58,2,33.0,38.0,6.0,0,One year,None,South,Basic,Mobile,0
C000905,31,52,120.49,0,13.6,35.9,8.1,0,Month-to-month,Fiber,South,Basic,Mobile,0
C000906,55,30,91.81,2,14.1,22.1,8.7,0,Two year,DSL,North,Premium,Mobile,0
C000907,57,13,27.18,4,8.4,23.2,9.3,0,Month-to-month,Fiber,South,None,Tablet,0
C000908,62,27,27.69,2,5.1,36.9,8.0,1,One year,DSL,South,Basic,Mobile,0
C000909,65,7,47.4,3,7.7,44.2,4.1,0,Month-to-month,Fiber,West,Premium,Desktop,0
C000910,44,56,111.33,0,23.1,51.7,5.5,0,Two year,DSL,North,Premium,Mobile,0
C000911,38,14,94.27,2,21.2,22.2,9.4,1,Month-to-month,Fiber,North,Basic,Mobile,0
C000912,60,28,112.59,1,9.8,29.1,10.0,0,Month-to-month,Fiber,West,Premium,Desktop,0
C000913,51,71,72.26,1,16.7,5.9,6.9,2,Month-to-month,Fiber,East,Basic,Mobile,0
C000914,29,43,66.76,1,21.6,3.0,6.8,0,Month-to-month,Fiber,North,Basic,Mobile,0
C000915,29,34,40.81,1,1.8,37.3,5.3,1,Month-to-month,Fiber,West,None,Mobile,0
C000916,48,40,80.74,0,28.4,20.8,9.7,1,One year,DSL,South,Basic,Desktop,0
C000917,40,57,67.1,4,23.4,7.3,5.2,0,Month-to-month,None,North,None,Tablet,0
C000918,42,19,66.13,3,21.7,17.0,10.0,0,Month-to-month,DSL,North,Premium,Mobile,0
C000919,56,46,112.45,1,24.4,35.1,7.0,0,One year,DSL,South,None,Mobile,0
C000920,52,63,68.84,0,1.7,35.6,5.6,0,One year,None,North,None,Mobile,0
C000921,59,42,105.27,1,14.5,11.4,3.9,0,One year,Fiber,South,None,Mobile,0
C000922,18,33,32.3,1,24.8,45.8,6.6,2,One year,Fiber,West,Premium,Mobile,0
C000923,45,11,139.2,2,16.0,22.7,6.9,0,One year,Fiber,West,None,Mobile,0
C000924,51,18,62.67,1,21.2,34.3,6.5,1,Month-to-month,Fiber,East,None,Mobile,0
C000925,22,69,89.68,1,26.1,31.5,7.1,0,Month-to-month,Fiber,East,Premium,Mobile,0
C000926,33,39,93.66,0,20.9,30.9,9.6,0,Two year,None,North,Basic,Desktop,0
C000927,31,22,59.57,2,14.2,19.8,8.2,0,One year,DSL,South,Basic,Mobile,0
C000928,42,31,92.48,0,20.0,30.7,7.5,0,Two year,Fiber,West,None,Desktop,0
C000929,63,42,93.78,2,4.3,34.2,9.2,0,Two year,Fiber,West,None,Desktop,0
C000930,68,39,54.17,0,19.4,28.6,5.5,1,Month-to-month,DSL,South,Basic,Mobile,0
C000931,31,51,54.47,0,21.2,32.2,8.4,0,One year,Fiber,South,None,Tablet,0
C000932,49,19,73.13,0,17.1,44.2,8.3,1,One year,DSL,North,Premium,Mobile,0
C000933,49,47,69.11,3,24.1,25.3,9.8,0,One year,Fiber,North,Premium,Desktop,0
C000934,47,32,106.83,1,18.0,38.8,4.6,0,Month-to-month,Fiber,East,Basic,Mobile,0
C000935,47,68,89.57,0,17.0,28.5,5.5,1,One year,Fiber,West,Basic,Mobile,0
C000936,46,12,70.24,0,28.8,48.1,5.6,0,Month-to-month,Fiber,South,None,Mobile,0
C000937,64,11,87.15,4,9.3,14.1,8.0,0,One year,Fiber,South,Basic,Desktop,0
C000938,56,34,20.83,3,25.7,46.6,7.5,0,One year,Fiber,North,None,Tablet,0
C000939,28,37,56.62,0,25.2,24.6,8.1,1,Month-to-month,Fiber,South,Premium,Desktop,0
C000940,52,50,79.2,2,21.9,56.3,3.3,0,Month-to-month,Fiber,East,Basic,Mobile,0
C000941,54,30,99.88,0,13.2,36.2,9.7,0,Month-to-month,None,East,Premium,Mobile,0
C000942,46,66,76.99,0,18.4,41.2,7.5,0,One year,None,South,Premium,Mobile,0
C000943,57,35,108.46,2,10.4,29.1,8.1,0,Month-to-month,Fiber,West,None,Mobile,0
C000944,44,10,93.7,0,12.1,39.2,7.8,0,Month-to-month,DSL,North,Basic,Tablet,0
C000945,45,9,59.79,2,16.9,39.2,6.0,0,One year,None,South,None,Tablet,0
C000946,44,71,68.5,0,9.8,29.3,8.0,0,Month-to-month,Fiber,North,None,Mobile,0
C000947,18,10,82.21,3,14.4,40.2,7.2,0,Month-to-month,DSL,East,Premium,Tablet,0
C000948,41,69,60.78,1,8.3,3.0,7.2,0,One year,Fiber,North,None,Mobile,0
C000949,33,21,110.28,3,20.6,23.3,8.0,0,One year,Fiber,West,Basic,Tablet,0
C000950,27,7,44.28,1,27.4,31.3,6.9,0,One year,Fiber,East,Basic,Desktop,0
C000951,61,22,79.9,1,31.4,37.0,4.7,1,One year,DSL,South,Basic,Tablet,0
C000952,49,45,90.39,4,8.8,42.7,6.8,1,One year,Fiber,West,Premium,Mobile,0
C000953,42,31,64.16,1,10.0,28.0,10.0,0,One year,DSL,West,Premium,Desktop,0
C000954,35,57,58.53,3,15.7,26.3,6.1,1,Month-to-month,DSL,South,Basic,Tablet,0
C000955,46,44,70.1,5,21.8,41.5,7.3,0,Month-to-month,Fiber,East,Basic,Desktop,0
C000956,55,29,92.3,0,15.4,44.8,8.6,0,Month-to-month,Fiber,East,None,Mobile,0
C000957,31,46,59.5,0,23.5,39.9,10.0,0,Two year,DSL,West,Basic,Desktop,0
C000958,42,70,45.28,0,20.5,29.2,6.6,1,Month-to-month,Fiber,East,Basic,Mobile,0
C000959,53,30,100.76,2,4.4,61.6,4.9,0,One year,DSL,West,Basic,Mobile,0
C000960,18,12,81.98,0,17.2,32.0,8.3,0,Month-to-month,Fiber,East,Premium,Mobile,0
C000961,41,30,97.2,3,8.1,33.6,5.6,2,One year,DSL,South,Basic,Mobile,0
C000962,36,61,90.98,5,12.8,50.6,7.6,0,Two year,DSL,South,Basic,Mobile,0
C000963,40,16,126.5,2,13.9,49.3,8.2,0,Month-to-month,DSL,North,None,Desktop,0
C000964,35,69,99.87,5,22.0,39.5,6.2,2,Month-to-month,None,North,None,Desktop,0
C000965,44,43,53.9,1,16.6,20.2,6.6,1,Month-to-month,DSL,East,None,Desktop,0
C000966,67,44,83.76,0,13.5,32.4,8.6,0,Two year,Fiber,West,Basic,Tablet,0
C000967,38,23,58.06,2,31.5,,9.1,0,Month-to-month,None,North,Premium,Mobile,0
C000968,46,67,60.65,1,10.5,54.4,7.2,1,Two year,DSL,North,Basic,Mobile,0
C000969,68,3,36.69,3,18.8,66.4,7.4,0,Month-to-month,DSL,North,None,Desktop,1
C000970,35,22,64.85,3,21.5,23.8,5.1,1,Two year,None,East,None,Desktop,0
C000971,66,31,85.63,0,18.0,41.2,7.3,0,Month-to-month,Fiber,South,Premium,Mobile,1
C000972,42,35,70.35,0,10.5,21.2,6.4,1,Month-to-month,DSL,North,Basic,Tablet,0
C000973,65,35,44.52,2,10.1,29.5,7.2,0,Two year,DSL,South,None,Desktop,0
C000974,52,11,33.92,1,21.1,20.6,,0,Two year,Fiber,North,None,Mobile,0
C000975,46,17,124.8,0,24.1,51.0,5.1,1,Month-to-month,Fiber,South,Basic,Mobile,1
C000976,41,7,80.13,6,16.4,33.9,9.2,0,One year,Fiber,West,Premium,Mobile,0
C000977,34,42,51.4,1,7.6,34.5,7.5,1,Month-to-month,Fiber,North,Basic,Mobile,0
C000978,43,26,83.54,2,16.8,31.6,7.1,0,Two year,Fiber,East,Basic,Tablet,0
C000979,54,41,126.73,0,27.4,35.5,5.5,0,Two year,None,West,Basic,Desktop,0
C000980,42,43,87.51,1,9.7,35.9,7.6,0,Two year,Fiber,South,Basic,Mobile,0
C000981,38,51,20.0,3,14.6,22.8,10.0,0,Two year,Fiber,East,Basic,Mobile,0
C000982,39,40,138.31,2,17.2,10.7,2.5,0,One year,Fiber,South,Basic,Mobile,0
C000983,55,47,25.77,1,24.4,15.1,3.6,0,Month-to-month,Fiber,East,Premium,Mobile,0
C000984,58,43,66.85,4,13.1,11.7,6.8,0,Two year,Fiber,North,None,Tablet,0
C000985,33,47,43.66,2,20.2,33.3,7.7,0,Month-to-month,None,North,Basic,Desktop,0
C000986,33,45,53.5,4,26.5,21.2,8.8,1,Two year,DSL,North,Basic,Tablet,0
C000987,47,23,79.11,0,6.4,42.8,7.9,0,Month-to-month,DSL,South,Basic,Tablet,0
C000988,62,18,20.22,0,7.6,33.9,4.2,0,One year,Fiber,South,Premium,Desktop,0
C000989,57,57,69.74,1,16.1,9.0,8.2,0,One year,Fiber,East,Basic,Desktop,0
C000990,26,25,100.68,0,23.6,26.1,6.8,0,Month-to-month,None,West,Basic,Mobile,0
C000991,39,40,50.92,3,19.1,5.5,8.7,0,Month-to-month,Fiber,North,Basic,Desktop,0
C000992,30,15,37.24,0,24.3,17.3,5.8,0,One year,Fiber,East,Basic,Mobile,0
C000993,39,32,68.52,2,4.9,25.1,4.3,0,Month-to-month,DSL,West,Basic,Desktop,0
C000994,63,39,63.54,2,19.2,19.7,6.3,0,One year,Fiber,East,Basic,Mobile,0
C000995,24,46,57.12,1,0.0,53.6,8.0,0,Month-to-month,Fiber,West,None,Desktop,0
C000996,21,38,42.29,2,26.1,40.0,7.8,1,Month-to-month,DSL,South,Basic,Mobile,0
C000997,31,26,84.98,1,25.1,27.1,7.1,0,Month-to-month,Fiber,East,Basic,Mobile,0
C000998,46,70,86.88,3,14.5,48.1,6.0,0,Month-to-month,DSL,North,Premium,Tablet,0
C000999,50,37,45.36,2,0.6,19.3,6.9,0,Month-to-month,Fiber,North,Basic,Mobile,0
C001000,48,59,48.82,0,15.3,27.0,9.8,0,Month-to-month,DSL,North,Basic,Mobile,0
C001001,57,54,75.41,0,24.6,41.2,10.0,0,Month-to-month,Fiber,North,Basic,Mobile,0
C001002,19,41,47.88,0,19.7,17.6,7.9,0,One year,None,South,None,Mobile,0
C001003,57,64,76.47,1,29.7,39.2,8.9,0,Month-to-month,None,North,Basic,Mobile,0
C001004,38,10,108.7,2,14.7,34.5,5.8,0,Two year,Fiber,East,Basic,Mobile,0
C001005,52,67,70.5,2,31.0,38.1,9.5,1,Month-to-month,DSL,South,None,Desktop,0
C001006,25,62,41.66,0,2.6,52.6,6.5,0,One year,Fiber,South,None,Desktop,0
C001007,42,37,81.8,2,11.5,36.5,4.8,0,Month-to-month,Fiber,West,Basic,Mobile,0
C001008,45,53,67.56,5,7.7,32.5,9.2,0,One year,Fiber,West,Premium,Mobile,1
C001009,57,38,68.25,1,21.9,13.0,7.3,1,One year,Fiber,South,Basic,Mobile,0
C001010,21,20,83.88,1,8.3,33.5,9.6,0,Month-to-month,DSL,North,None,Desktop,0
C001011,42,58,89.28,2,23.8,25.2,8.6,1,Month-to-month,Fiber,West,,Mobile,0
C001012,28,18,72.89,2,21.6,29.5,4.8,1,Two year,Fiber,West,Basic,Mobile,0
C001013,49,23,70.48,2,18.0,25.3,7.4,1,Month-to-month,Fiber,West,Basic,Mobile,0
C001014,52,38,123.59,5,16.0,36.9,5.5,1,Month-to-month,Fiber,South,Premium,Desktop,0
C001015,59,61,102.01,4,9.4,19.1,9.4,0,One year,Fiber,West,Basic,Mobile,0
C001016,35,28,92.84,2,21.0,33.5,7.3,0,Month-to-month,Fiber,West,Premium,Tablet,1
C001017,54,36,75.28,2,13.2,18.5,5.9,1,One year,DSL,West,None,Mobile,0
C001018,60,3,46.86,1,22.1,9.4,3.4,1,Month-to-month,Fiber,North,None,Mobile,0
C001019,21,9,100.18,1,27.2,26.9,9.2,0,Month-to-month,Fiber,North,None,Desktop,0
C001020,50,5,75.61,1,14.6,36.6,6.5,0,Month-to-month,Fiber,North,Basic,Mobile,0
C001021,54,6,57.57,1,26.0,21.7,6.6,1,Month-to-month,Fiber,East,Premium,Mobile,0
C001022,39,63,65.92,1,18.0,32.6,8.0,1,Month-to-month,Fiber,North,Basic,Desktop,0
C001023,26,61,47.85,3,20.9,26.6,5.5,0,One year,Fiber,South,Premium,Tablet,0
C001024,54,60,98.43,1,7.5,18.6,4.4,0,Month-to-month,Fiber,North,Basic,Desktop,1
C001025,26,5,89.08,1,11.9,37.7,7.4,0,Two year,None,North,None,Mobile,0
C001026,40,6,76.54,0,11.8,23.2,5.4,0,Month-to-month,DSL,West,None,Tablet,0
C001027,41,21,70.93,1,26.1,35.5,7.0,2,Month-to-month,DSL,West,Premium,Tablet,0
C001028,51,41,54.98,3,14.3,13.5,5.5,0,Month-to-month,DSL,East,,Desktop,0
C001029,34,25,20.0,1,21.1,32.6,4.7,0,Month-to-month,Fiber,West,Premium,Mobile,0
C001030,33,36,36.68,0,16.2,38.5,4.1,0,Month-to-month,DSL,East,None,Mobile,0
C001031,43,13,53.43,0,14.2,35.2,7.3,0,Month-to-month,Fiber,South,None,Mobile,0
C001032,55,53,49.68,1,6.4,41.7,9.1,0,One year,DSL,South,None,Mobile,0
C001033,72,23,79.23,0,3.3,38.7,8.9,1,One year,Fiber,West,Basic,Desktop,0
C001034,22,5,92.29,2,14.3,34.6,7.1,0,One year,Fiber,West,Basic,Mobile,0
C001035,46,54,68.79,2,14.7,41.2,9.7,1,Month-to-month,DSL,West,None,Mobile,1
C001036,28,66,107.22,1,10.6,26.5,6.1,0,Month-to-month,Fiber,East,,Mobile,0
C001037,55,2,52.43,1,17.7,37.3,8.6,1,Month-to-month,Fiber,West,Premium,Desktop,0
C001038,30,32,68.61,2,30.5,31.3,,0,One year,None,West,Basic,Desktop,0
C001039,33,60,70.73,0,27.2,53.2,5.8,0,One year,Fiber,South,Basic,Mobile,0
C001040,34,51,99.3,3,16.6,34.3,,0,Two year,Fiber,West,Basic,Tablet,0
C001041,41,62,74.65,2,16.8,15.6,7.9,1,Month-to-month,None,North,None,Mobile,0
C001042,46,30,75.34,1,20.9,34.0,8.2,0,Two year,Fiber,West,Basic,Mobile,0
C001043,48,27,30.63,0,18.2,19.6,4.4,1,One year,DSL,North,Basic,Tablet,0
C001044,42,52,49.5,1,20.9,39.7,9.0,0,Month-to-month,Fiber,South,Premium,Mobile,0
C001045,25,12,99.4,0,18.4,40.0,8.3,0,Month-to-month,Fiber,North,None,Mobile,0
C001046,51,18,20.12,0,17.1,23.7,6.4,0,One year,None,North,Premium,Desktop,0
C001047,41,44,105.57,0,11.9,18.5,8.1,0,One year,Fiber,South,Premium,Desktop,0
C001048,57,49,84.49,0,18.9,32.6,9.1,1,Two year,Fiber,South,Basic,Mobile,0
C001049,33,9,53.31,0,0.5,,5.8,0,Month-to-month,DSL,South,None,Desktop,0
C001050,21,37,51.2,1,18.2,20.9,5.8,3,Month-to-month,Fiber,North,None,Desktop,0
C001051,42,27,119.4,1,1.9,24.9,6.6,0,One year,DSL,West,Basic,Mobile,0
C001052,59,37,107.29,3,18.2,38.5,3.1,0,One year,Fiber,East,Basic,Desktop,0
C001053,44,70,69.01,0,9.5,13.2,7.7,0,Two year,None,South,Premium,Desktop,0
C001054,39,6,75.36,0,25.3,21.9,8.7,0,One year,Fiber,East,Premium,Desktop,0
C001055,31,72,55.85,0,17.0,59.8,8.1,0,Month-to-month,DSL,West,Premium,Desktop,0
C001056,65,33,75.37,5,16.3,54.4,8.0,0,Month-to-month,Fiber,South,Basic,Mobile,0
C001057,29,56,55.15,2,19.2,45.5,8.9,0,Month-to-month,None,East,None,Mobile,0
C001058,33,31,70.04,3,10.3,31.5,6.9,1,Two year,DSL,North,Basic,Mobile,0
C001059,49,23,117.26,3,24.2,40.0,4.3,2,Month-to-month,DSL,North,,Desktop,1
C001060,18,56,69.61,0,21.2,26.4,,0,Month-to-month,DSL,South,Basic,Desktop,0
C001061,59,50,45.8,3,12.5,3.0,9.4,0,One year,Fiber,West,,Desktop,0
C001062,50,11,37.84,0,8.9,24.2,7.8,0,Month-to-month,None,North,None,Mobile,0
C001063,54,51,75.18,0,13.4,25.3,6.4,1,Month-to-month,None,South,Basic,Tablet,0
C001064,49,55,52.98,2,15.2,31.3,8.5,1,One year,DSL,East,Basic,Tablet,0
C001065,40,28,78.17,0,8.4,36.8,7.8,0,Two year,Fiber,East,None,Mobile,0
C001066,28,67,31.51,0,12.8,50.8,6.7,2,One year,DSL,North,None,Mobile,0
C001067,40,47,89.26,2,11.9,31.4,7.3,0,Month-to-month,Fiber,West,None,Mobile,0
C001068,29,25,45.5,0,14.6,19.0,6.5,0,Month-to-month,None,South,Basic,Mobile,0
C001069,48,1,73.16,1,14.6,28.6,8.2,1,Two year,Fiber,South,Basic,Desktop,0
C001070,52,49,63.54,0,19.4,38.7,5.5,0,Month-to-month,Fiber,South,Premium,Mobile,0
C001071,61,16,114.96,1,16.2,29.7,7.7,0,Month-to-month,Fiber,West,Basic,Tablet,0
C001072,47,55,76.29,1,18.8,21.4,8.7,0,Two year,None,East,Basic,Desktop,0
C001073,54,38,120.64,1,17.7,37.3,7.5,0,Month-to-month,Fiber,West,Premium,Desktop,0
C001074,38,34,86.02,1,14.6,17.3,7.5,0,Month-to-month,None,West,Basic,Desktop,0
C001075,36,12,107.64,1,20.8,20.5,,0,One year,Fiber,West,None,Mobile,0
C001076,48,52,66.78,0,0.0,36.0,8.1,1,Month-to-month,DSL,North,Basic,Tablet,0
C001077,37,12,80.64,0,13.5,21.6,6.5,2,Month-to-month,Fiber,West,None,Desktop,0
C001078,45,31,102.47,2,12.0,26.8,6.9,0,One year,Fiber,South,None,Desktop,0
C001079,28,61,94.62,0,16.8,31.2,5.5,0,Two year,Fiber,South,Basic,Mobile,0
C001080,31,67,85.27,1,11.6,30.5,6.6,1,Month-to-month,DSL,West,None,Tablet,0
C001081,50,72,63.8,1,19.8,19.4,3.5,1,Month-to-month,DSL,East,Basic,Desktop,0
C001082,54,69,68.03,0,21.1,34.9,7.2,1,Two year,DSL,East,None,Mobile,0
C001083,29,41,100.44,1,6.3,20.0,8.2,2,Month-to-month,DSL,South,,Desktop,1
C001084,51,15,105.65,2,17.6,50.8,7.0,1,Two year,DSL,South,Basic,Mobile,1
C001085,35,61,57.18,0,7.0,26.2,8.8,2,Month-to-month,Fiber,East,Basic,Mobile,0
C001086,42,58,53.41,1,19.4,38.3,9.5,0,One year,Fiber,West,Premium,Desktop,0
C001087,60,72,49.4,1,12.7,39.8,7.1,0,Month-to-month,DSL,East,Basic,Desktop,0
C001088,52,47,92.74,1,10.4,26.7,5.3,0,Month-to-month,Fiber,West,None,Desktop,0
C001089,52,11,48.76,0,4.0,19.4,9.1,0,One year,Fiber,East,None,Mobile,0
C001090,67,37,92.44,1,15.4,39.8,8.7,0,Two year,Fiber,East,None,Mobile,0
C001091,33,33,85.64,1,7.9,13.9,7.9,0,Month-to-month,Fiber,West,Basic,Mobile,0
C001092,29,61,58.37,1,5.6,15.8,,0,Two year,DSL,North,None,Mobile,0
C001093,33,29,111.1,2,17.3,38.3,7.8,0,Month-to-month,Fiber,North,Basic,Tablet,1
C001094,39,24,35.44,5,22.8,28.6,6.5,0,Month-to-month,None,West,Premium,Desktop,0
C001095,18,6,113.49,1,18.8,22.5,5.8,2,Two year,Fiber,North,Basic,Mobile,1
C001096,39,61,79.97,2,6.0,25.0,7.7,0,One year,DSL,East,None,Desktop,0
C001097,35,55,20.16,2,15.0,21.5,5.3,1,Month-to-month,Fiber,East,None,Tablet,0
C001098,52,3,111.8,2,20.8,57.2,8.5,0,Month-to-month,DSL,East,Premium,Mobile,0
C001099,47,32,96.31,1,15.0,43.2,7.6,1,One year,None,North,Basic,Desktop,0
C001100,34,35,61.29,0,18.3,21.1,6.9,1,Month-to-month,Fiber,West,None,Mobile,1
C001101,50,34,47.88,5,12.9,27.2,7.0,1,Month-to-month,Fiber,South,Premium,Mobile,1
C001102,51,67,32.77,2,13.3,38.2,5.2,0,Two year,None,East,None,Desktop,0
C001103,32,11,132.39,4,11.4,19.3,5.3,0,One year,Fiber,North,Basic,Tablet,0
C001104,36,23,48.92,3,20.3,24.3,10.0,0,Two year,Fiber,North,Premium,Mobile,0
C001105,18,14,40.41,4,20.7,27.4,6.8,0,Month-to-month,Fiber,South,Premium,Desktop,0
C001106,28,18,78.7,1,12.1,20.4,4.5,1,Month-to-month,None,North,Basic,Mobile,0
C001107,32,66,31.05,1,21.3,44.2,8.8,1,Month-to-month,DSL,West,Premium,Desktop,0
C001108,43,68,47.46,1,6.0,22.4,5.3,0,Month-to-month,Fiber,West,None,Mobile,0
C001109,30,4,96.87,0,14.8,29.6,,0,One year,Fiber,East,None,Tablet,0
C001110,35,46,83.61,2,6.5,32.4,9.8,2,Two year,None,South,None,Mobile,0
C001111,26,17,62.34,1,8.1,50.0,6.7,1,Month-to-month,DSL,North,,Mobile,0
C001112,44,14,72.46,3,6.4,30.0,9.2,0,Month-to-month,Fiber,South,None,Mobile,1
C001113,48,22,60.94,2,11.4,56.6,8.4,1,Month-to-month,Fiber,West,Basic,Tablet,0
C001114,47,14,70.45,0,20.3,26.6,9.9,0,Month-to-month,None,East,Premium,Desktop,0
C001115,42,36,52.95,2,15.5,28.4,8.1,0,Month-to-month,Fiber,West,Premium,Mobile,0
C001116,22,72,57.49,0,11.9,42.2,6.1,0,One year,Fiber,East,Basic,Mobile,0
C001117,34,43,56.73,2,14.8,54.0,3.4,0,Two year,DSL,East,None,Tablet,0
C001118,37,53,53.85,2,1.6,27.8,5.7,0,Month-to-month,Fiber,North,None,Mobile,0
C001119,37,36,98.1,3,20.0,45.8,6.2,1,Two year,DSL,West,Premium,Mobile,0
C001120,43,2,91.25,1,0.3,41.2,8.9,0,One year,Fiber,South,Premium,Mobile,0
C001121,61,7,48.69,1,11.0,21.9,9.3,1,Month-to-month,Fiber,North,Premium,Desktop,0
C001122,53,20,42.14,1,15.4,30.8,5.1,0,One year,DSL,East,None,Mobile,0
C001123,29,18,68.07,1,19.1,30.5,9.3,1,Month-to-month,DSL,East,Basic,Tablet,0
C001124,51,61,125.88,4,17.7,18.6,5.7,0,Month-to-month,DSL,South,Basic,Mobile,0
C001125,50,61,46.31,3,15.7,33.0,5.6,0,Month-to-month,DSL,South,Basic,Mobile,0
C001126,32,62,67.97,0,26.2,32.0,4.6,0,One year,DSL,South,None,Mobile,0
C001127,53,46,74.22,1,30.1,35.5,7.7,1,Month-to-month,DSL,East,Basic,Mobile,0
C001128,40,41,69.28,2,16.0,31.8,6.0,1,One year,Fiber,North,Premium,Desktop,0
C001129,24,47,60.54,3,15.3,23.0,9.5,0,One year,Fiber,East,None,Mobile,0
C001130,48,30,100.88,1,14.9,60.4,5.5,1,One year,DSL,East,,Mobile,0
C001131,45,49,83.36,2,11.7,33.6,8.4,0,Month-to-month,DSL,South,,Desktop,0
C001132,39,58,93.15,3,18.6,46.6,4.9,0,One year,Fiber,South,None,Mobile,0
C001133,42,55,86.73,2,24.9,36.3,9.0,1,Two year,Fiber,South,Premium,Mobile,0
C001134,33,45,94.35,2,0.0,49.1,7.3,1,One year,Fiber,West,,Desktop,0
C001135,50,5,111.61,0,14.8,21.7,7.6,0,Month-to-month,Fiber,West,None,Mobile,0
C001136,41,53,105.28,5,26.4,29.9,6.5,0,One year,Fiber,East,Basic,Mobile,0
C001137,44,27,130.12,1,18.8,25.6,6.4,0,Month-to-month,Fiber,South,Basic,Desktop,0
C001138,47,54,102.43,0,18.9,24.1,8.0,0,Two year,DSL,West,None,Mobile,0
C001139,27,39,55.26,1,4.8,34.2,10.0,0,Month-to-month,Fiber,South,None,Desktop,0
C001140,30,64,93.18,0,20.9,28.0,5.2,0,Month-to-month,DSL,South,None,Mobile,0
C001141,18,25,89.76,3,23.1,13.9,6.5,1,Month-to-month,DSL,East,Premium,Desktop,0
C001142,49,68,120.01,2,17.4,27.4,6.0,0,Month-to-month,Fiber,East,Premium,Tablet,1
C001143,26,61,47.82,1,11.4,26.4,4.4,1,Month-to-month,None,East,None,Tablet,0
C001144,44,24,85.95,1,19.1,41.6,4.4,0,Month-to-month,DSL,North,Basic,Mobile,0
C001145,47,35,54.97,1,8.7,13.6,5.8,0,Two year,Fiber,South,None,Mobile,0
C001146,50,39,84.81,4,7.8,24.8,6.4,1,One year,Fiber,North,None,Desktop,0
C001147,26,56,66.63,1,21.6,22.0,9.6,0,One year,None,West,None,Desktop,0
C001148,41,50,83.99,3,23.7,39.9,8.9,0,Month-to-month,Fiber,North,None,Mobile,0
C001149,64,62,36.74,0,10.8,24.5,5.6,0,Month-to-month,Fiber,South,Premium,Tablet,0
C001150,64,27,91.83,0,7.8,43.6,,0,Month-to-month,DSL,West,None,Tablet,0
C001151,55,37,77.15,1,9.9,30.4,5.7,1,One year,Fiber,South,None,Desktop,0
C001152,46,32,75.8,2,17.4,36.9,6.9,0,Month-to-month,None,West,None,Desktop,0
C001153,29,66,120.76,0,7.9,44.3,7.7,0,Month-to-month,DSL,North,Basic,Mobile,0
C001154,51,22,62.44,0,25.0,16.6,10.0,0,One year,Fiber,West,Basic,Desktop,0
C001155,40,43,80.56,0,12.7,28.0,7.6,0,One year,DSL,South,None,Mobile,0
C001156,49,9,74.51,0,18.6,36.1,4.4,0,Month-to-month,DSL,East,Premium,Desktop,0
C001157,34,62,76.95,1,10.8,,8.4,0,Two year,DSL,East,Basic,Tablet,0
C001158,40,28,127.55,3,20.1,15.4,9.1,1,Month-to-month,Fiber,East,Basic,Desktop,0
C001159,44,25,73.6,1,20.7,39.4,8.7,2,Month-to-month,Fiber,North,Basic,Mobile,0
C001160,45,42,57.82,1,4.3,31.6,5.3,0,Two year,DSL,South,Basic,Mobile,0
C001161,48,36,118.77,3,11.2,32.5,7.3,1,One year,Fiber,North,None,Tablet,0
C001162,34,62,64.31,1,14.9,28.3,7.1,1,Month-to-month,None,West,Premium,Mobile,0
C001163,25,39,31.87,2,12.3,3.0,10.0,1,Month-to-month,Fiber,South,None,Mobile,0
C001164,63,38,53.48,1,22.1,37.5,8.2,0,Month-to-month,DSL,West,Basic,Desktop,0
C001165,74,8,40.84,1,11.8,38.1,10.0,1,One year,DSL,South,Premium,Desktop,0
C001166,48,2,27.0,3,21.0,25.9,5.8,2,Month-to-month,DSL,West,Premium,Mobile,0
C001167,25,29,62.92,2,19.4,13.2,6.7,2,Month-to-month,Fiber,South,None,Tablet,0
C001168,32,72,70.24,0,15.2,24.6,6.1,1,Month-to-month,None,South,Basic,Desktop,0
C001169,49,67,101.51,3,21.3,42.9,8.9,0,Month-to-month,Fiber,North,Premium,Mobile,0
C001170,59,46,87.74,3,5.2,26.1,9.2,0,One year,DSL,West,Basic,Mobile,0
C001171,26,46,86.6,0,15.6,31.3,7.8,1,Month-to-month,Fiber,East,None,Mobile,1
C001172,40,29,49.67,4,10.6,27.0,7.3,0,Month-to-month,Fiber,South,Premium,Tablet,0
C001173,45,13,94.12,4,15.3,34.8,7.9,1,Two year,Fiber,South,Basic,Desktop,0
C001174,53,1,106.78,0,12.7,15.2,4.6,0,Month-to-month,Fiber,East,Basic,Mobile,1
C001175,38,25,81.86,4,16.4,28.6,6.4,1,Month-to-month,Fiber,North,Basic,Mobile,0
C001176,22,23,82.56,3,16.1,44.2,6.5,1,One year,None,East,Basic,Mobile,1
C001177,50,14,40.38,2,17.0,20.0,7.1,0,Two year,DSL,South,Basic,Mobile,0
C001178,57,19,98.36,3,17.2,27.7,5.9,0,Month-to-month,DSL,East,None,Desktop,0
C001179,41,2,116.52,0,20.0,43.6,5.6,0,Two year,None,South,Premium,Mobile,0
C001180,47,44,80.07,0,7.2,40.0,4.2,0,One year,None,South,Basic,Tablet,0
C001181,36,67,57.14,3,19.6,36.4,7.9,2,Month-to-month,DSL,South,Basic,Desktop,0
C001182,31,50,67.95,2,5.4,35.7,4.6,2,One year,DSL,South,Basic,Mobile,0
C001183,55,33,61.49,2,0.0,35.5,8.9,0,One year,Fiber,East,None,Desktop,0
C001184,47,31,62.99,2,29.8,28.2,7.7,0,Two year,DSL,North,Basic,Tablet,0
C001185,48,23,88.2,0,9.4,44.2,8.7,0,Two year,DSL,East,None,Tablet,0
C001186,62,11,78.99,0,12.9,25.4,5.5,0,One year,DSL,East,None,Desktop,0
C001187,28,44,97.1,5,3.0,19.1,10.0,0,One year,DSL,North,None,Tablet,0
C001188,35,41,81.27,1,12.8,14.4,10.0,2,Month-to-month,DSL,East,Premium,Mobile,0
C001189,44,1,50.4,2,17.4,23.6,7.2,1,One year,DSL,South,Basic,Desktop,0
C001190,35,30,59.48,1,17.7,23.4,7.8,1,One year,Fiber,East,Premium,Mobile,0
C001191,52,21,57.93,3,7.6,22.5,7.1,0,Two year,Fiber,East,Premium,Tablet,0
C001192,40,13,67.34,2,12.9,16.9,8.9,1,Month-to-month,DSL,North,Basic,Mobile,0
C001193,29,51,116.87,3,18.6,35.5,8.5,0,One year,DSL,West,None,Mobile,0
C001194,43,38,120.87,1,17.7,19.6,3.9,0,Two year,Fiber,West,None,Desktop,1
C001195,44,46,92.92,2,16.9,37.6,5.6,0,One year,DSL,South,Basic,Mobile,0
C001196,54,52,74.97,1,21.3,39.7,7.8,0,Month-to-month,DSL,South,Basic,Desktop,0
C001197,47,71,37.96,1,15.2,61.9,8.5,1,Month-to-month,DSL,North,Premium,Desktop,0
C001198,48,58,77.5,0,25.7,25.5,7.4,1,Two year,Fiber,North,None,Mobile,0
C001199,46,45,52.25,2,13.9,29.1,,0,One year,DSL,West,Premium,Desktop,0
C001200,40,64,112.76,2,20.9,22.0,8.1,0,One year,Fiber,West,Basic,Mobile,0
C001201,33,35,31.85,2,21.1,16.9,10.0,1,Month-to-month,Fiber,East,None,Mobile,0
C001202,46,71,81.61,1,4.5,26.0,3.0,0,One year,DSL,West,Premium,Mobile,0
C001203,38,55,50.14,2,19.1,21.7,8.8,0,Two year,Fiber,East,Premium,Mobile,0
C001204,64,47,71.76,2,11.5,16.8,10.0,0,One year,None,South,Premium,Tablet,0
C001205,59,66,88.65,3,8.9,33.8,8.8,0,Month-to-month,Fiber,East,None,Mobile,1
C001206,50,38,97.55,0,13.0,18.1,7.0,0,Month-to-month,None,South,Basic,Mobile,0
C001207,47,52,70.48,2,17.1,37.8,8.7,0,Month-to-month,DSL,West,Basic,Desktop,0
C001208,41,21,91.03,1,5.0,41.3,6.9,1,Month-to-month,Fiber,North,Premium,Desktop,0
C001209,26,70,55.44,0,16.2,20.6,8.1,0,Month-to-month,Fiber,East,Premium,Tablet,0
C001210,39,45,78.14,3,14.5,47.8,7.2,0,One year,Fiber,West,None,Mobile,0
C001211,43,57,97.06,3,23.3,35.8,7.3,1,Two year,None,East,Premium,Mobile,0
C001212,45,34,80.3,1,11.6,30.1,5.7,0,Two year,None,North,Basic,Desktop,0
C001213,48,63,58.77,2,24.3,9.7,6.3,1,Month-to-month,DSL,West,Basic,Desktop,0
C001214,54,6,65.02,2,18.7,10.4,10.0,1,Month-to-month,DSL,East,Premium,Desktop,0
C001215,33,9,97.39,1,15.8,49.9,6.0,1,Month-to-month,DSL,North,Premium,Desktop,1
C001216,33,37,44.7,0,24.9,46.8,3.6,1,Month-to-month,Fiber,West,Basic,Mobile,0
C001217,61,53,48.39,0,29.5,50.2,10.0,0,One year,Fiber,East,None,Tablet,0
C001218,52,59,87.04,4,14.5,53.3,6.3,0,Month-to-month,Fiber,North,None,Desktop,0
C001219,37,32,61.02,1,10.8,47.5,6.6,1,One year,None,West,None,Desktop,0
C001220,41,47,35.67,1,19.0,33.9,6.4,0,Month-to-month,Fiber,South,Premium,Mobile,0
C001221,41,40,105.77,1,6.0,37.7,7.1,1,One year,DSL,North,Basic,Tablet,0
C001222,42,70,44.51,2,6.9,22.8,5.7,0,Two year,Fiber,North,None,Mobile,0
C001223,48,48,67.01,2,25.1,33.9,9.8,0,Month-to-month,Fiber,West,Basic,Tablet,0
C001224,75,31,56.51,1,20.0,39.9,6.7,0,Two year,DSL,South,Basic,Desktop,0
C001225,44,70,64.56,0,10.0,40.2,5.2,0,One year,Fiber,South,Basic,Mobile,0
C001226,51,8,49.88,1,37.9,29.5,1.9,0,Month-to-month,Fiber,East,None,Mobile,0
C001227,20,71,89.86,0,6.3,6.6,9.1,0,Month-to-month,DSL,West,Premium,Tablet,0
C001228,36,12,74.77,1,20.3,12.8,6.3,0,Month-to-month,Fiber,North,Basic,Mobile,0
C001229,58,21,96.59,2,10.4,36.7,7.8,0,One year,DSL,East,None,Mobile,0
C001230,47,60,56.77,2,28.5,24.9,5.4,0,One year,DSL,East,None,Mobile,0
C001231,18,53,125.33,2,12.3,39.0,7.3,0,Month-to-month,DSL,East,Basic,Mobile,0
C001232,51,70,24.38,0,14.0,16.4,7.1,0,Month-to-month,None,North,Basic,Mobile,0
C001233,67,54,32.37,1,3.3,47.3,8.8,0,Two year,Fiber,West,Basic,Mobile,0
C001234,18,46,115.83,1,30.6,19.7,7.4,0,Two year,None,West,None,Desktop,0
C001235,62,25,83.85,0,11.7,48.7,5.1,2,One year,None,South,Premium,Desktop,0
C001236,18,1,80.53,1,19.4,12.4,10.0,0,Month-to-month,Fiber,East,Premium,Desktop,0
C001237,54,9,82.78,2,16.0,38.2,7.9,0,Month-to-month,Fiber,South,Premium,Desktop,0
C001238,42,22,86.28,2,12.1,19.8,5.4,0,One year,Fiber,South,None,Mobile,0
C001239,18,3,79.49,1,0.4,30.9,7.4,1,Month-to-month,DSL,East,None,Tablet,0
C001240,48,37,47.85,0,14.4,43.9,7.8,2,Two year,DSL,East,Premium,Mobile,0
C001241,57,56,92.45,3,14.1,,8.0,0,One year,Fiber,West,Basic,Desktop,0
C001242,47,70,88.52,4,18.2,21.1,7.8,2,Month-to-month,Fiber,East,Premium,Desktop,0
C001243,50,36,107.71,2,31.0,23.6,7.5,0,Two year,None,West,Premium,Mobile,0
C001244,37,64,116.11,0,20.5,12.1,8.8,0,One year,Fiber,South,Basic,Desktop,0
C001245,18,71,80.26,1,22.0,9.5,8.4,0,One year,DSL,West,Basic,Desktop,0
C001246,51,62,41.31,5,13.9,21.0,8.4,0,One year,DSL,East,None,Desktop,0
C001247,65,34,116.31,3,6.8,20.7,3.9,0,Two year,DSL,West,Basic,Mobile,0
C001248,57,24,46.55,3,14.0,12.9,4.0,0,Two year,DSL,East,None,Mobile,0
C001249,18,71,80.45,2,10.9,28.5,5.7,0,Two year,Fiber,South,Basic,Mobile,0
C001250,22,18,65.58,2,15.6,30.6,6.7,0,Two year,DSL,North,Premium,Desktop,0
C001251,31,30,61.23,0,12.5,30.8,5.7,0,One year,Fiber,South,Premium,Mobile,0
C001252,21,6,91.11,1,4.3,21.4,5.3,0,Two year,Fiber,North,None,Mobile,0
C001253,43,58,78.11,1,24.9,24.1,7.5,0,Month-to-month,DSL,West,None,Mobile,0
C001254,47,47,84.83,2,15.0,27.2,5.5,0,Month-to-month,Fiber,South,Basic,Mobile,0
C001255,23,7,51.61,2,13.7,40.8,2.8,0,Month-to-month,None,North,Basic,Tablet,0
C001256,52,16,67.65,1,8.3,22.9,4.7,0,Month-to-month,DSL,West,Premium,Mobile,0
C001257,50,40,52.76,3,12.7,10.9,6.0,0,Month-to-month,Fiber,North,None,Desktop,0
C001258,35,39,67.02,4,10.0,27.1,6.6,1,One year,DSL,West,Basic,Mobile,0
C001259,40,58,69.03,1,7.6,25.8,8.7,1,Month-to-month,DSL,East,Basic,Mobile,0
C001260,18,20,118.11,0,17.1,11.6,7.9,0,Month-to-month,Fiber,West,Premium,Tablet,0
C001261,38,67,65.52,1,12.7,26.2,3.5,0,Month-to-month,Fiber,East,None,Desktop,0
C001262,42,33,20.0,0,21.2,20.4,9.7,1,One year,DSL,West,Premium,Mobile,0
C001263,44,60,106.88,1,13.5,30.1,6.7,0,Month-to-month,None,East,None,Desktop,0
C001264,47,18,83.23,2,16.8,36.0,7.2,0,Month-to-month,Fiber,West,Premium,Mobile,0
C001265,45,3,68.72,1,16.6,24.6,7.3,2,One year,DSL,South,Basic,Mobile,0
C001266,39,4,61.07,1,18.7,37.1,5.6,0,Month-to-month,DSL,South,None,Desktop,1
C001267,46,27,48.33,2,10.1,27.3,8.1,1,One year,DSL,West,Premium,Mobile,0
C001268,55,69,120.45,0,22.3,27.8,3.6,0,Month-to-month,DSL,South,Basic,Mobile,0
C001269,41,4,73.3,1,7.7,27.3,9.5,0,Month-to-month,Fiber,East,Basic,Desktop,1
C001270,46,27,28.56,2,16.3,28.7,7.4,1,Month-to-month,Fiber,North,None,Desktop,0
C001271,40,8,80.19,2,7.6,14.5,7.8,0,Two year,DSL,West,Premium,Mobile,0
C001272,34,68,102.15,2,15.2,9.1,8.0,0,One year,DSL,South,Basic,Mobile,0
C001273,49,49,75.91,3,22.2,44.4,6.3,0,One year,Fiber,West,Basic,Mobile,0
C001274,35,55,49.46,2,19.9,33.5,9.4,2,Month-to-month,Fiber,West,None,Mobile,0
C001275,47,52,47.22,1,23.4,24.5,5.8,0,Month-to-month,Fiber,West,None,Mobile,0
C001276,42,48,49.07,1,13.9,43.8,5.3,0,One year,DSL,East,Premium,Tablet,0
C001277,38,56,110.04,2,22.4,65.4,7.4,0,One year,Fiber,East,None,Mobile,0
C001278,38,1,70.21,1,11.2,13.0,4.6,1,Month-to-month,DSL,South,Basic,Tablet,1
C001279,35,63,30.03,1,12.8,30.5,6.1,0,Two year,DSL,North,None,Mobile,0
C001280,21,54,81.6,0,16.9,39.0,7.6,1,Two year,None,East,Premium,Mobile,0
C001281,47,54,75.53,2,22.0,11.4,8.4,2,Month-to-month,Fiber,North,Basic,Mobile,0
C001282,45,29,60.78,3,12.2,12.7,7.0,0,Month-to-month,Fiber,East,Basic,Tablet,0
C001283,53,58,46.49,2,20.9,42.4,5.5,0,Two year,DSL,North,Basic,Desktop,0
C001284,35,28,45.4,1,17.6,30.3,6.5,1,One year,DSL,South,Basic,Desktop,0
C001285,67,4,99.17,1,18.4,22.7,5.9,0,Month-to-month,DSL,South,Premium,Mobile,0
C001286,37,66,78.19,1,10.0,11.3,6.9,0,Two year,Fiber,East,Basic,Desktop,0
C001287,31,17,83.97,1,13.3,,6.0,0,One year,DSL,North,Premium,Mobile,0
C001288,29,8,78.12,2,15.3,14.2,5.3,0,One year,Fiber,West,None,Mobile,0
C001289,19,45,80.19,0,18.4,18.8,5.1,0,One year,DSL,South,None,Mobile,0
C001290,62,17,60.29,1,10.3,19.5,3.8,0,Month-to-month,None,East,None,Desktop,0
C001291,60,62,66.85,0,7.0,26.9,9.0,2,Month-to-month,Fiber,North,None,Tablet,0
C001292,50,32,101.12,3,1.1,17.8,8.4,0,Month-to-month,Fiber,East,Premium,Desktop,0
C001293,30,1,107.36,2,21.2,19.6,4.9,0,Month-to-month,Fiber,West,Basic,Mobile,1
C001294,66,69,41.45,1,22.6,42.3,8.3,0,Month-to-month,DSL,North,None,Mobile,0
C001295,37,38,66.79,0,1.9,33.0,7.2,0,Month-to-month,Fiber,East,Premium,Mobile,0
C001296,39,19,92.98,2,16.5,31.2,4.8,0,Month-to-month,Fiber,North,Basic,Mobile,0
C001297,61,49,119.05,1,13.4,36.2,5.2,0,One year,Fiber,West,None,Mobile,0
C001298,51,39,116.55,1,24.5,18.3,6.8,0,Two year,None,South,None,Mobile,0
C001299,71,3,52.11,1,14.5,35.4,8.4,0,One year,Fiber,North,Premium,Desktop,0
C001300,45,55,103.88,1,19.8,36.1,8.2,0,Month-to-month,Fiber,East,Premium,Desktop,0
C001301,37,29,73.47,2,13.0,18.7,6.1,0,Month-to-month,Fiber,East,None,Mobile,0
C001302,34,51,98.11,2,11.2,38.2,7.9,0,One year,DSL,East,Basic,Desktop,0
C001303,18,65,91.71,3,21.4,33.8,6.8,0,Two year,Fiber,North,None,Mobile,0
C001304,38,44,40.4,3,23.5,34.1,5.8,0,Two year,Fiber,West,None,Mobile,0
C001305,57,49,85.75,1,7.1,51.0,8.8,0,One year,DSL,South,Basic,Mobile,0
C001306,50,19,97.14,0,24.0,32.5,7.4,0,Month-to-month,None,West,Basic,Mobile,0
C001307,42,18,71.5,1,9.2,19.9,8.0,0,Month-to-month,Fiber,North,Basic,Desktop,0
C001308,29,30,65.84,4,0.0,32.6,5.1,0,Month-to-month,Fiber,East,None,Mobile,1
C001309,45,62,32.71,1,16.1,31.2,6.2,0,Month-to-month,Fiber,West,None,Mobile,0
C001310,55,38,89.09,2,19.6,17.7,8.6,2,Month-to-month,Fiber,East,Basic,Mobile,0
C001311,48,26,77.22,0,5.4,6.7,6.6,0,Month-to-month,Fiber,North,Premium,Desktop,0
C001312,44,57,48.95,0,2.1,30.2,6.7,0,One year,DSL,North,Basic,Desktop,0
C001313,32,62,63.85,1,12.5,42.3,5.2,2,Month-to-month,Fiber,East,None,Desktop,0
C001314,53,65,75.86,1,11.6,42.4,7.5,0,One year,DSL,West,Basic,Mobile,0
C001315,18,22,58.03,0,25.6,,5.2,0,Month-to-month,Fiber,North,Basic,Mobile,0
C001316,47,52,72.07,2,16.1,49.8,7.8,0,Two year,Fiber,West,Premium,Mobile,0
C001317,75,43,28.25,1,21.1,33.1,5.3,0,Month-to-month,None,North,Basic,Desktop,0
C001318,22,33,105.74,3,17.5,28.6,6.7,1,Month-to-month,DSL,South,None,Mobile,1
C001319,39,29,72.4,1,27.0,33.4,9.9,0,One year,Fiber,West,Premium,Mobile,0
C001320,42,9,44.52,0,9.8,22.2,7.8,0,One year,DSL,South,None,Mobile,0
C001321,36,20,20.0,1,15.4,15.8,6.5,1,Month-to-month,Fiber,West,Basic,Mobile,0
C001322,55,40,97.73,0,5.0,,8.6,0,Two year,Fiber,South,Premium,Tablet,0
C001323,48,64,85.95,6,21.7,25.2,5.8,1,One year,DSL,North,Basic,Mobile,0
C001324,44,63,77.27,3,23.8,41.4,5.3,0,Month-to-month,Fiber,West,None,Mobile,0
C001325,52,14,93.59,1,22.1,13.6,6.4,1,One year,Fiber,West,Premium,Mobile,0
C001326,42,49,93.52,2,15.1,19.3,9.1,1,One year,Fiber,South,None,Tablet,0
C001327,83,7,76.86,2,5.6,40.7,9.0,1,Month-to-month,Fiber,North,Basic,Mobile,0
C001328,44,49,65.64,1,15.4,26.7,6.2,0,Two year,DSL,North,Premium,Mobile,0
C001329,45,25,61.57,1,11.3,28.6,,1,Two year,Fiber,North,Premium,Mobile,0
C001330,20,33,82.52,1,22.5,26.5,7.9,0,One year,Fiber,North,Basic,Mobile,0
C001331,35,52,106.93,2,13.0,54.2,10.0,0,Month-to-month,Fiber,South,Basic,Mobile,0
C001332,57,31,69.43,2,12.9,37.7,6.7,0,One year,Fiber,East,None,Mobile,0
C001333,25,59,108.91,3,31.2,34.0,9.6,0,Month-to-month,DSL,East,None,Desktop,0
C001334,18,39,81.33,3,21.6,33.4,7.5,0,Two year,DSL,West,Basic,Desktop,0
C001335,42,72,81.52,1,23.5,35.9,,0,Two year,Fiber,South,Premium,Mobile,0
C001336,60,46,132.13,1,12.4,53.2,8.9,1,Month-to-month,DSL,South,Basic,Mobile,0
C001337,43,22,113.32,2,8.3,26.5,7.4,0,One year,Fiber,South,Basic,Mobile,0
C001338,38,56,113.97,2,23.5,33.0,7.0,1,One year,DSL,West,Basic,Tablet,0
C001339,18,30,52.06,2,26.4,31.3,6.7,0,One year,DSL,North,Basic,Tablet,0
C001340,48,39,126.8,0,7.0,41.8,7.7,1,One year,Fiber,North,Basic,Mobile,0
C001341,51,10,69.94,4,12.4,51.5,9.2,1,One year,Fiber,West,Basic,Desktop,1
C001342,19,9,66.31,0,9.6,23.9,9.5,0,One year,DSL,South,None,Mobile,0
C001343,57,42,20.0,1,19.4,36.4,9.3,2,Month-to-month,Fiber,North,None,Desktop,1
C001344,52,14,80.16,1,23.6,33.1,6.3,0,Month-to-month,Fiber,East,Basic,Desktop,0
C001345,57,72,44.92,1,13.4,14.3,6.1,0,Two year,Fiber,North,Basic,Mobile,0
C001346,50,62,82.21,0,13.4,42.6,5.6,0,One year,Fiber,South,None,Tablet,0
C001347,50,51,42.96,1,2.3,49.8,7.4,0,One year,DSL,North,Premium,Desktop,0
C001348,49,53,116.94,0,9.3,40.8,8.8,0,Month-to-month,DSL,East,Premium,Mobile,0
C001349,53,43,85.79,2,26.6,23.4,6.1,0,Month-to-month,Fiber,North,Basic,Mobile,0
C001350,18,5,129.0,1,19.4,14.7,6.8,2,Month-to-month,Fiber,East,None,Mobile,0
C001351,22,29,46.42,1,22.5,38.7,8.3,1,One year,Fiber,North,None,Mobile,0
C001352,32,36,110.73,3,13.4,18.0,6.5,1,One year,DSL,North,None,Desktop,0
C001353,40,66,26.93,2,14.1,19.2,6.8,0,Two year,Fiber,South,None,Mobile,0
C001354,47,16,77.2,1,16.1,33.5,9.1,1,Month-to-month,None,West,None,Mobile,0
C001355,46,36,56.21,0,18.3,39.8,7.1,1,Month-to-month,None,North,Basic,Mobile,0
C001356,57,25,60.8,0,25.6,27.0,5.8,0,Month-to-month,DSL,North,Basic,Mobile,0
C001357,57,10,59.09,1,11.3,28.5,,0,Two year,Fiber,North,Basic,Desktop,0
C001358,31,8,49.13,1,15.0,29.7,7.9,0,One year,Fiber,West,Premium,Mobile,0
C001359,45,27,40.51,1,10.4,20.0,10.0,0,Month-to-month,Fiber,North,Basic,Mobile,0
C001360,31,6,60.94,1,2.2,26.4,9.8,1,Month-to-month,Fiber,East,None,Mobile,0
C001361,40,5,74.9,3,22.4,11.6,10.0,0,Two year,Fiber,North,None,Desktop,1
C001362,46,26,101.09,1,28.2,39.8,5.2,0,One year,Fiber,West,Premium,Mobile,0
C001363,18,15,79.38,3,21.4,64.5,9.6,0,Month-to-month,Fiber,North,Basic,Mobile,0
C001364,73,40,101.16,1,17.6,31.7,9.9,0,Month-to-month,Fiber,South,None,Desktop,0
C001365,49,2,35.05,2,29.0,45.3,7.2,0,One year,Fiber,East,Premium,Desktop,0
C001366,34,22,61.18,4,19.2,27.9,6.4,1,One year,Fiber,West,Premium,Mobile,0
C001367,67,33,89.78,1,21.6,14.8,8.4,0,Month-to-month,DSL,West,None,Mobile,0
C001368,37,70,80.58,1,17.0,58.0,6.5,2,Month-to-month,DSL,North,Basic,Mobile,0
C001369,44,46,50.47,2,18.1,20.9,5.0,2,One year,Fiber,North,None,Mobile,0
C001370,36,64,95.35,0,15.1,42.4,4.5,0,Month-to-month,Fiber,North,Basic,Desktop,0
C001371,63,25,58.72,1,21.8,33.6,4.4,0,Month-to-month,Fiber,East,Basic,Desktop,0
C001372,41,33,52.57,1,8.4,45.2,7.5,0,Two year,DSL,South,Basic,Mobile,0
C001373,44,31,84.17,1,18.9,30.2,8.3,1,Month-to-month,DSL,South,None,Desktop,0
C001374,58,64,72.15,0,10.0,17.0,5.3,0,Month-to-month,Fiber,East,None,Mobile,0
C001375,50,70,58.93,2,19.6,23.0,8.0,0,Month-to-month,None,South,Basic,Mobile,0
C001376,41,70,58.08,2,32.8,59.2,8.0,1,Month-to-month,Fiber,South,Basic,Tablet,0
C001377,56,55,45.26,0,20.9,34.8,7.7,0,One year,Fiber,East,Basic,Mobile,0
C001378,75,37,62.11,1,24.2,57.1,,0,Month-to-month,None,West,None,Tablet,0
C001379,46,39,99.5,0,22.3,26.6,7.5,0,Month-to-month,DSL,West,None,Desktop,0
C001380,44,71,78.11,1,0.0,39.6,9.5,0,Month-to-month,Fiber,North,Premium,Desktop,0
C001381,44,21,95.96,3,15.1,15.6,8.2,1,Month-to-month,DSL,East,None,Desktop,1
C001382,59,25,84.9,2,19.1,31.4,4.8,1,Month-to-month,DSL,West,Basic,Desktop,0
C001383,34,65,56.69,1,1.4,57.7,10.0,0,Month-to-month,DSL,East,None,Mobile,0
C001384,38,28,30.77,3,14.0,,5.4,1,One year,DSL,East,None,Mobile,0
C001385,22,17,48.83,0,15.4,22.7,7.1,0,One year,Fiber,South,None,Desktop,0
C001386,27,41,55.22,0,7.4,40.9,10.0,0,Month-to-month,Fiber,South,Basic,Mobile,0
C001387,35,24,53.29,2,9.2,32.4,8.0,0,Two year,Fiber,South,Basic,Mobile,0
C001388,41,65,96.53,0,25.4,53.8,5.6,1,Month-to-month,Fiber,West,Premium,Mobile,0
C001389,65,66,96.26,2,0.0,28.1,7.7,1,Two year,DSL,West,None,Tablet,1
C001390,49,23,127.3,2,17.9,31.8,8.0,0,Month-to-month,Fiber,South,Basic,Mobile,0
C001391,30,39,52.91,5,24.1,34.8,7.5,0,Month-to-month,Fiber,West,Basic,Mobile,0
C001392,33,71,111.94,2,15.8,18.1,6.2,0,Month-to-month,Fiber,North,Basic,Desktop,0
C001393,60,54,111.78,3,25.9,15.4,4.8,1,One year,Fiber,West,Basic,Mobile,0
C001394,57,16,66.19,3,13.0,14.3,5.0,0,Month-to-month,Fiber,North,None,Mobile,0
C001395,42,43,83.84,0,9.7,3.0,5.7,0,One year,Fiber,West,Basic,Desktop,0
C001396,36,45,103.02,0,15.9,30.0,9.4,0,Month-to-month,Fiber,East,Basic,Mobile,0
C001397,57,48,70.53,0,13.3,,4.9,0,One year,Fiber,West,Basic,Desktop,0
C001398,29,2,68.59,0,12.0,24.5,7.4,0,One year,DSL,West,Basic,Desktop,0
C001399,47,22,56.32,1,14.7,43.2,9.6,0,One year,DSL,West,Basic,Mobile,0
C001400,72,62,20.0,2,10.5,19.6,8.3,1,Two year,Fiber,North,Basic,Mobile,0
C001401,45,18,73.76,2,10.1,39.3,9.7,0,Month-to-month,Fiber,East,Basic,Desktop,0
C001402,32,22,54.25,2,8.1,12.0,6.0,0,Month-to-month,DSL,South,Basic,Mobile,0
C001403,47,24,45.12,1,18.9,22.8,8.2,1,Month-to-month,None,South,Basic,Mobile,0
C001404,36,13,82.55,1,9.0,51.9,9.2,0,Month-to-month,Fiber,West,None,Mobile,0
C001405,24,12,35.72,2,7.3,25.9,8.8,0,One year,Fiber,East,Premium,Mobile,0
C001406,51,25,92.15,0,8.5,46.5,8.7,0,One year,DSL,West,Basic,Desktop,0
C001407,57,63,84.09,1,17.4,59.3,4.9,0,One year,DSL,West,Premium,Desktop,0
C001408,38,1,62.0,3,20.7,26.0,8.3,1,Month-to-month,None,East,None,Tablet,0
C001409,37,21,70.42,2,21.3,23.0,8.0,0,Month-to-month,DSL,North,Basic,Mobile,0
C001410,29,5,42.24,2,17.5,5.1,6.8,0,One year,Fiber,West,Basic,Desktop,0
C001411,40,41,90.76,2,19.7,34.5,6.0,0,One year,DSL,North,Basic,Tablet,0
C001412,35,19,76.68,6,15.6,35.6,7.9,0,One year,Fiber,West,Basic,Desktop,0
C001413,29,58,78.55,3,19.2,40.2,5.3,0,Month-to-month,Fiber,East,Premium,Mobile,0
C001414,67,43,84.55,3,19.1,47.7,6.3,0,Month-to-month,Fiber,North,None,Desktop,0
C001415,48,57,55.94,3,10.9,18.7,8.8,0,Month-to-month,Fiber,East,None,Mobile,0
C001416,49,46,34.02,3,8.5,53.5,9.0,1,One year,DSL,North,Basic,Mobile,0
C001417,53,32,95.93,2,25.5,27.6,8.0,0,Month-to-month,DSL,South,Premium,Tablet,0
C001418,52,62,89.22,3,16.9,35.4,6.3,0,Month-to-month,DSL,South,Basic,Desktop,0
C001419,37,35,58.62,2,23.4,30.2,5.1,0,Month-to-month,DSL,South,None,Mobile,0
C001420,46,69,82.23,1,8.3,21.7,5.7,0,Month-to-month,None,West,None,Tablet,0
C001421,39,72,103.45,0,13.2,16.6,9.4,0,Two year,DSL,North,Basic,Mobile,0
C001422,48,43,100.47,2,6.4,33.5,7.5,1,Month-to-month,Fiber,West,Premium,Tablet,0
C001423,46,49,57.89,2,20.5,19.4,6.9,0,Month-to-month,Fiber,East,Basic,Mobile,0
C001424,37,19,34.78,1,11.7,28.4,7.4,0,One year,DSL,South,None,Desktop,0
C001425,25,59,39.07,3,12.1,26.1,8.3,1,One year,DSL,West,Basic,Mobile,0
C001426,44,49,64.21,3,29.7,26.7,5.3,0,Two year,Fiber,West,Basic,Desktop,0
C001427,39,65,108.56,2,20.7,9.4,6.2,0,Month-to-month,Fiber,North,None,Desktop,0
C001428,18,20,53.79,0,20.6,3.0,8.3,3,Month-to-month,Fiber,South,Basic,Tablet,0
C001429,49,57,57.09,2,7.6,41.1,7.5,0,One year,Fiber,South,Premium,Tablet,0
C001430,55,34,56.58,1,3.0,44.5,9.1,0,Month-to-month,DSL,South,Basic,Tablet,0
C001431,75,14,58.71,4,22.8,3.0,8.5,0,Month-to-month,Fiber,North,None,Desktop,1
C001432,37,13,71.72,1,0.3,36.0,5.7,0,One year,DSL,West,None,Mobile,0
C001433,35,41,40.0,0,12.5,33.6,1.1,0,Two year,None,North,Basic,Desktop,0
C001434,28,24,99.11,1,10.3,15.1,7.5,1,Month-to-month,Fiber,North,None,Tablet,1
C001435,45,8,68.38,2,9.5,41.8,5.2,0,One year,DSL,North,Basic,Mobile,0
C001436,45,31,133.98,2,12.9,44.7,8.0,0,One year,DSL,East,Basic,Mobile,0
C001437,31,48,42.66,0,8.6,43.7,10.0,2,One year,Fiber,South,None,Desktop,0
C001438,40,23,111.75,4,7.5,51.9,5.2,1,Month-to-month,Fiber,West,Basic,Tablet,1
C001439,18,69,106.78,0,17.8,43.0,8.3,1,Two year,DSL,West,Basic,Mobile,0
C001440,54,57,61.71,1,23.5,21.0,8.7,0,Month-to-month,None,South,Basic,Mobile,0
C001441,32,37,62.12,2,3.8,31.2,7.7,0,Two year,DSL,South,Premium,Mobile,0
C001442,42,68,48.97,2,17.4,35.6,7.7,0,One year,Fiber,North,None,Desktop,0
C001443,23,32,49.25,4,19.8,49.2,3.4,0,Two year,DSL,East,Basic,Mobile,0
C001444,34,11,71.98,2,19.1,28.0,7.2,0,One year,DSL,North,Basic,Desktop,0
C001445,38,3,72.52,0,14.5,23.4,7.1,0,One year,DSL,East,None,Mobile,0
C001446,42,68,31.94,2,11.8,11.2,9.0,0,Month-to-month,DSL,East,Premium,Desktop,0
C001447,48,70,129.34,0,21.3,41.5,8.8,0,One year,Fiber,South,None,Desktop,0
C001448,61,54,65.51,0,18.3,33.5,6.2,0,Month-to-month,Fiber,West,Premium,Tablet,0
C001449,52,8,73.64,1,2.7,,3.7,0,Month-to-month,None,North,Premium,Desktop,0
C001450,55,22,56.34,6,14.5,40.2,4.2,0,Month-to-month,DSL,South,Premium,Mobile,0
C001451,61,3,65.32,2,16.4,26.9,9.6,0,Two year,DSL,North,Basic,Mobile,0
C001452,49,4,63.05,0,8.3,15.1,7.0,0,Two year,DSL,South,Premium,Desktop,0
C001453,42,18,71.93,3,14.3,47.0,4.5,0,One year,Fiber,East,Premium,Mobile,1
C001454,55,42,71.64,3,19.4,6.2,4.7,0,Month-to-month,DSL,North,None,Desktop,0
C001455,56,5,92.12,1,10.2,32.7,7.5,1,Month-to-month,Fiber,South,None,Tablet,0
C001456,50,71,77.68,1,17.6,29.7,7.3,0,Month-to-month,DSL,North,Basic,Desktop,0
C001457,23,33,89.61,1,9.1,11.3,10.0,1,Two year,Fiber,East,None,Mobile,0
C001458,31,19,71.75,4,7.3,34.9,,0,Month-to-month,Fiber,West,Premium,Desktop,1
C001459,38,38,77.78,1,20.3,22.7,7.8,0,One year,DSL,East,Premium,Desktop,0
C001460,52,57,65.97,1,24.2,51.2,7.0,1,Month-to-month,None,South,Basic,Mobile,0
C001461,42,23,97.08,2,7.7,43.0,8.6,0,Month-to-month,DSL,East,None,Mobile,1
C001462,57,4,80.07,2,22.7,33.7,10.0,0,One year,DSL,North,None,Mobile,0
C001463,59,4,68.05,2,15.9,3.0,8.8,1,Month-to-month,Fiber,East,None,Desktop,0
C001464,58,62,67.3,3,0.5,24.3,10.0,2,Month-to-month,None,West,None,Mobile,0
C001465,58,9,69.27,3,6.0,23.4,8.1,0,Month-to-month,DSL,South,Basic,Mobile,1
C001466,29,46,72.76,1,20.3,45.5,4.2,0,Month-to-month,Fiber,East,Premium,Desktop,0
C001467,48,28,70.59,1,4.6,33.1,5.6,0,Two year,DSL,South,Premium,Desktop,0
C001468,34,56,58.03,2,11.7,34.8,8.6,0,Month-to-month,DSL,South,None,Desktop,0
C001469,21,5,91.12,3,15.4,43.2,6.7,0,One year,DSL,East,Basic,Desktop,0
C001470,38,65,92.7,2,19.1,50.6,7.1,1,Month-to-month,None,South,None,Mobile,0
C001471,59,51,116.6,3,17.3,48.5,5.6,1,Month-to-month,None,West,None,Desktop,0
C001472,48,33,56.91,1,27.0,37.6,9.7,1,Month-to-month,Fiber,South,None,Desktop,0
C001473,68,15,88.66,1,10.3,27.7,9.9,0,Month-to-month,None,East,Basic,Mobile,0
C001474,44,71,24.27,0,16.7,36.2,6.7,0,One year,Fiber,North,None,Mobile,0
C001475,74,22,92.73,2,19.2,30.6,6.7,0,Two year,Fiber,West,Basic,Desktop,0
C001476,44,36,35.59,1,21.0,40.4,9.4,0,Month-to-month,DSL,South,Premium,Tablet,0
C001477,42,29,47.39,0,23.4,24.2,9.0,0,One year,Fiber,North,Basic,Tablet,0
C001478,25,17,80.31,1,13.0,41.8,4.2,1,Month-to-month,Fiber,South,None,Mobile,0
C001479,56,30,56.46,3,20.6,31.6,8.3,1,Month-to-month,Fiber,North,Basic,Mobile,0
C001480,35,11,53.04,3,9.5,35.6,8.0,0,One year,Fiber,North,Basic,Desktop,0
C001481,34,1,59.88,0,15.5,16.6,7.4,2,Two year,Fiber,East,Premium,Desktop,0
C001482,59,21,90.24,0,19.5,27.7,5.5,3,One year,Fiber,West,Basic,Tablet,1
C001483,57,9,48.68,2,22.8,36.4,5.6,0,Month-to-month,DSL,South,Premium,Mobile,0
C001484,57,30,70.65,0,20.0,28.8,1.5,0,One year,DSL,North,Premium,Tablet,0
C001485,37,63,62.53,2,16.6,3.0,5.9,0,Two year,DSL,East,None,Desktop,0
C001486,41,12,92.5,3,15.4,16.2,3.6,0,Month-to-month,DSL,West,Premium,Mobile,0
C001487,41,1,93.2,3,19.8,35.1,6.1,1,One year,Fiber,North,None,Desktop,0
C001488,52,8,26.12,3,31.3,49.1,7.8,0,One year,DSL,West,Basic,Mobile,0
C001489,62,37,98.13,0,22.0,28.2,5.0,0,Month-to-month,DSL,South,Basic,Desktop,0
C001490,47,20,56.73,1,18.7,25.1,9.5,0,One year,DSL,East,Basic,Tablet,0
C001491,68,36,77.91,2,6.4,43.6,10.0,2,One year,DSL,West,Premium,Tablet,0
C001492,54,3,48.53,1,10.1,31.1,7.5,0,Month-to-month,Fiber,West,Basic,Mobile,0
C001493,39,24,81.28,0,13.7,39.9,8.2,0,Month-to-month,Fiber,South,None,Mobile,0
C001494,53,30,135.78,0,22.4,,4.2,0,Month-to-month,DSL,East,Premium,Mobile,0
C001495,64,32,75.18,1,9.4,26.1,7.4,0,Month-to-month,DSL,West,Basic,Desktop,0
C001496,68,40,60.5,4,20.5,40.9,4.6,0,Two year,DSL,South,Basic,Tablet,0
C001497,57,57,66.2,3,16.8,39.1,4.0,0,Two year,DSL,East,Premium,Desktop,0
C001498,42,34,35.27,0,18.5,27.2,4.8,1,One year,DSL,East,Basic,Mobile,0
C001499,39,61,108.22,0,14.5,17.5,6.8,0,Month-to-month,DSL,West,Premium,Desktop,0
C001500,49,39,79.82,1,11.8,11.0,7.0,0,Month-to-month,DSL,South,None,Mobile,0
C001501,64,19,45.78,1,9.2,12.6,7.0,0,Month-to-month,Fiber,South,Basic,Desktop,0
C001502,48,17,46.59,1,20.3,23.4,5.0,1,Month-to-month,DSL,North,None,Mobile,0
C001503,48,24,72.38,1,15.5,34.8,7.3,0,One year,DSL,South,None,Mobile,0
C001504,43,44,95.3,3,8.5,11.0,5.8,0,Two year,Fiber,North,Basic,Tablet,0
C001505,38,18,43.23,3,17.6,11.8,7.3,0,Month-to-month,DSL,South,Basic,Mobile,0
C001506,40,66,99.84,3,40.0,35.5,6.7,1,Month-to-month,Fiber,South,Basic,Tablet,0
C001507,44,35,69.71,2,14.6,49.8,3.9,1,Month-to-month,None,West,Basic,Tablet,0
C001508,64,63,48.74,1,27.6,44.1,5.9,1,Month-to-month,DSL,North,Basic,Mobile,0
C001509,39,50,60.31,1,0.0,8.9,8.1,0,Month-to-month,Fiber,North,Basic,Mobile,0
C001510,43,25,115.71,6,14.1,35.7,8.6,0,One year,DSL,East,Basic,Mobile,0
C001511,31,17,37.29,1,22.7,42.5,4.9,1,One year,Fiber,South,None,Tablet,0
C001512,51,54,53.7,2,16.1,25.1,5.7,0,One year,DSL,South,Basic,Tablet,0
C001513,60,24,95.81,0,11.5,28.2,6.3,0,Two year,Fiber,North,None,Mobile,0
C001514,63,18,77.41,1,15.8,35.0,9.2,0,One year,None,East,Premium,Desktop,0
C001515,45,67,52.22,1,22.9,36.9,7.9,0,One year,Fiber,West,None,Desktop,0
C001516,49,35,96.12,4,31.0,35.5,,1,One year,Fiber,South,Basic,Mobile,0
C001517,40,4,97.31,0,23.5,39.7,8.0,0,Month-to-month,Fiber,North,Basic,Tablet,0
C001518,49,36,80.28,1,12.5,33.6,9.4,0,Month-to-month,DSL,North,None,Desktop,0
C001519,46,34,56.69,2,14.4,23.5,7.5,0,Two year,Fiber,South,None,Mobile,0
C001520,43,63,60.54,2,14.4,25.6,5.7,0,Month-to-month,DSL,East,None,Mobile,0
C001521,44,52,79.12,3,9.9,21.6,8.6,0,Month-to-month,None,South,None,Mobile,0
C001522,48,14,39.2,2,14.9,25.5,7.4,1,Month-to-month,None,East,Basic,Tablet,0
C001523,38,11,105.19,4,14.1,,6.7,1,Month-to-month,Fiber,South,Basic,Mobile,0
C001524,39,44,114.51,1,7.6,21.7,8.7,0,Month-to-month,DSL,South,None,Desktop,1
C001525,64,4,66.1,1,21.9,43.8,7.1,0,One year,DSL,North,None,Mobile,0
C001526,77,23,80.9,0,18.9,19.1,7.2,0,Two year,Fiber,South,Basic,Mobile,0
C001527,26,10,101.65,2,11.5,33.4,8.6,1,Month-to-month,DSL,East,Premium,Mobile,0
C001528,26,2,120.89,4,17.0,41.0,6.2,0,Month-to-month,Fiber,South,Premium,Desktop,0
C001529,30,67,110.92,0,9.2,36.4,5.0,0,Two year,Fiber,North,,Desktop,0
C001530,41,7,28.61,3,12.1,8.8,7.7,0,One year,DSL,North,None,Tablet,0
C001531,54,1,64.11,1,20.8,32.6,9.9,0,Month-to-month,Fiber,East,Basic,Desktop,0
C001532,50,68,84.52,0,19.3,22.1,3.0,0,Two year,Fiber,South,Basic,Desktop,1
C001533,44,14,59.64,3,12.4,15.1,8.4,0,Month-to-month,None,West,Premium,Desktop,0
C001534,49,59,116.57,1,18.2,33.7,7.2,0,One year,None,East,None,Mobile,0
C001535,33,3,112.73,1,15.5,16.0,6.1,0,Two year,Fiber,East,None,Mobile,0
C001536,39,12,51.6,3,9.0,33.9,5.9,0,Month-to-month,Fiber,East,Basic,Mobile,0
C001537,42,8,67.94,2,14.8,48.5,8.7,0,One year,DSL,East,Basic,Desktop,0
C001538,21,51,53.26,4,19.0,34.6,8.3,1,Month-to-month,DSL,South,Basic,Desktop,0
C001539,27,45,67.12,1,18.1,28.2,5.2,0,Month-to-month,Fiber,North,Basic,Mobile,0
C001540,27,35,66.36,2,4.2,29.1,7.6,2,Month-to-month,Fiber,North,Basic,Desktop,0
C001541,52,18,95.86,2,17.2,42.0,9.6,0,Two year,DSL,East,Basic,Tablet,0
C001542,45,7,49.79,2,16.2,27.3,8.4,0,Month-to-month,None,East,None,Mobile,0
C001543,50,41,20.0,0,2.7,25.4,4.1,0,Month-to-month,DSL,South,None,Mobile,0
C001544,18,17,31.89,3,10.3,19.8,8.3,0,Month-to-month,Fiber,East,Premium,Desktop,0
C001545,23,43,46.29,0,19.4,20.3,4.9,2,Month-to-month,Fiber,South,Basic,Mobile,0
C001546,51,50,55.61,1,25.7,41.7,7.5,1,One year,DSL,East,,Desktop,0
C001547,18,62,76.68,2,4.5,25.2,5.8,0,Month-to-month,Fiber,South,Basic,Mobile,0
C001548,58,36,45.01,4,22.9,,7.8,1,Two year,Fiber,East,Basic,Tablet,0
C001549,18,1,41.72,3,2.8,38.6,5.9,0,One year,None,North,None,Mobile,0
C001550,53,21,48.76,2,25.8,19.5,5.2,0,One year,Fiber,West,Premium,Mobile,0
C001551,30,62,44.11,1,14.3,21.5,7.7,0,Month-to-month,None,North,None,Mobile,0
C001552,56,39,58.14,1,11.0,37.9,,1,Two year,Fiber,West,None,Desktop,0
C001553,84,45,57.07,1,18.5,32.7,8.6,0,Month-to-month,None,East,Basic,Mobile,0
C001554,18,33,89.23,1,9.3,28.9,6.1,1,Two year,Fiber,South,None,Mobile,0
C001555,51,12,47.26,1,19.6,36.5,4.4,1,Month-to-month,DSL,West,None,Mobile,0
C001556,18,65,63.06,2,15.1,43.1,8.3,0,One year,None,West,Premium,Tablet,0
C001557,48,56,58.37,1,0.0,30.5,9.7,2,One year,DSL,North,Basic,Mobile,0
C001558,39,72,92.22,1,10.3,24.2,6.1,0,Month-to-month,DSL,West,None,Mobile,0
C001559,44,62,68.14,3,17.3,32.4,8.0,0,Month-to-month,DSL,South,,Mobile,0
C001560,30,21,98.27,1,23.5,21.3,6.5,0,Month-to-month,Fiber,South,None,Tablet,0
C001561,52,19,43.19,1,18.3,32.7,10.0,0,Month-to-month,DSL,South,Premium,Mobile,0
C001562,23,18,70.77,0,23.4,31.0,6.2,0,Two year,Fiber,North,Basic,Desktop,0
C001563,58,67,57.6,0,9.7,21.2,7.0,0,Month-to-month,Fiber,North,Basic,Mobile,0
C001564,37,41,41.35,3,21.1,26.1,3.5,1,One year,Fiber,North,Basic,Mobile,0
C001565,24,33,70.31,2,21.2,27.1,9.9,0,Month-to-month,None,South,Basic,Tablet,0
C001566,63,70,115.32,1,4.6,39.8,6.1,1,Month-to-month,Fiber,East,None,Mobile,0
C001567,41,44,50.68,2,23.7,20.5,9.4,0,Month-to-month,DSL,South,Premium,Desktop,0
C001568,67,66,68.81,1,18.3,21.3,5.9,0,Two year,DSL,East,None,Tablet,0
C001569,58,71,39.19,0,14.0,26.5,7.0,0,One year,Fiber,West,None,Mobile,0
C001570,32,6,35.52,1,13.9,37.8,5.7,0,One year,Fiber,South,Basic,Mobile,0
C001571,41,27,52.32,1,8.7,39.7,5.4,2,One year,Fiber,North,Basic,Desktop,0
C001572,44,53,60.75,1,20.4,34.1,6.6,2,Month-to-month,DSL,East,None,Mobile,0
C001573,62,59,61.86,1,18.1,39.6,6.9,1,Month-to-month,Fiber,South,None,Desktop,0
C001574,48,11,66.35,2,20.1,44.9,6.4,1,Two year,Fiber,East,None,Desktop,0
C001575,44,23,30.79,1,16.6,32.9,4.4,0,One year,Fiber,South,Basic,Desktop,0
C001576,39,40,56.35,1,17.4,21.4,7.6,0,One year,Fiber,West,Basic,Mobile,0
C001577,41,58,84.54,3,13.9,30.1,3.6,0,One year,Fiber,West,Basic,Mobile,0
C001578,59,9,38.04,0,23.5,14.7,6.5,0,Month-to-month,DSL,North,Basic,Mobile,0
C001579,42,44,63.12,1,20.2,35.7,4.3,1,Month-to-month,Fiber,West,None,Desktop,0
C001580,37,22,79.32,2,17.2,25.1,8.7,0,Month-to-month,None,West,Premium,Mobile,0
C001581,35,16,52.44,1,15.1,32.3,9.3,0,One year,None,West,Basic,Tablet,0
C001582,35,38,80.54,3,3.6,30.0,8.2,0,Month-to-month,None,North,Premium,Mobile,0
C001583,24,30,33.97,1,2.1,26.4,6.2,0,Month-to-month,Fiber,South,Premium,Desktop,0
C001584,32,46,94.21,2,13.4,33.7,5.8,0,Month-to-month,Fiber,West,Basic,Mobile,0
C001585,61,23,81.15,1,24.9,29.5,6.6,1,Two year,Fiber,South,Basic,Mobile,0
C001586,39,60,73.39,2,11.1,23.4,7.0,0,Month-to-month,DSL,West,Premium,Mobile,0
C001587,51,6,100.12,1,11.3,17.8,8.0,1,Month-to-month,Fiber,North,None,Mobile,1
C001588,18,63,63.77,2,9.2,35.3,7.8,1,Month-to-month,DSL,East,Premium,Tablet,0
C001589,49,3,56.55,4,7.0,16.5,3.4,1,Month-to-month,Fiber,West,Premium,Tablet,1
C001590,40,53,106.31,3,9.6,52.5,8.3,2,Two year,Fiber,East,Basic,Desktop,0
C001591,36,25,118.02,1,18.0,46.4,7.8,0,Month-to-month,Fiber,South,Basic,Mobile,0
C001592,44,28,54.66,2,12.6,11.9,5.7,0,Month-to-month,Fiber,East,Basic,Tablet,0
C001593,36,2,69.16,3,12.2,38.5,5.4,1,One year,Fiber,East,None,Desktop,0
C001594,18,51,98.13,1,11.6,44.7,7.2,1,Month-to-month,Fiber,South,Premium,Mobile,0
C001595,54,12,70.05,0,17.7,24.0,7.4,0,One year,Fiber,North,None,Desktop,0
C001596,45,48,86.86,1,18.7,35.2,5.1,0,One year,Fiber,East,None,Mobile,0
C001597,38,53,91.51,1,2.9,29.5,7.2,0,Month-to-month,DSL,North,Basic,Desktop,0
C001598,29,61,57.94,3,10.7,39.2,7.4,0,Month-to-month,Fiber,South,Premium,Mobile,0
C001599,23,51,82.48,2,15.4,,8.6,0,Month-to-month,None,East,Basic,Mobile,0
C001600,45,22,71.85,1,19.1,43.2,6.9,0,Month-to-month,None,North,Basic,Desktop,0
C001601,63,54,41.58,3,16.9,29.3,3.4,0,One year,Fiber,East,Basic,Mobile,0
C001602,45,60,47.26,3,21.8,27.2,7.6,0,Month-to-month,Fiber,South,Premium,Mobile,0
C001603,24,23,55.69,0,6.1,38.8,4.1,1,Month-to-month,Fiber,South,None,Mobile,0
C001604,45,9,95.21,0,18.9,41.8,5.6,0,Two year,DSL,South,None,Mobile,0
C001605,41,65,96.03,0,30.4,3.0,4.7,0,Month-to-month,None,South,Basic,Desktop,0
C001606,53,11,90.75,2,16.3,3.0,8.0,0,Month-to-month,DSL,South,None,Mobile,0
C001607,50,43,83.0,5,16.6,35.1,5.1,1,Month-to-month,DSL,South,Premium,Mobile,0
C001608,18,18,82.32,2,19.6,23.1,8.9,0,One year,Fiber,East,Basic,Mobile,0
C001609,49,10,78.94,0,12.2,,5.0,0,Month-to-month,DSL,West,Basic,Mobile,0
C001610,29,56,82.19,3,9.4,26.5,3.5,0,Month-to-month,Fiber,South,None,Mobile,0
C001611,24,11,83.88,2,16.4,65.9,6.5,1,Two year,Fiber,East,Premium,Mobile,0
C001612,40,49,36.89,2,4.4,15.0,4.7,0,One year,DSL,East,Basic,Desktop,0
C001613,47,50,52.24,5,18.8,41.6,9.5,0,Month-to-month,DSL,South,Basic,Mobile,0
C001614,21,5,46.28,0,20.0,21.9,5.9,3,One year,Fiber,South,None,Desktop,0
C001615,51,13,99.68,3,4.8,,9.2,1,Month-to-month,DSL,North,None,Mobile,1
C001616,52,58,113.35,1,17.1,23.7,6.5,0,One year,Fiber,East,Basic,Mobile,0
C001617,43,37,20.0,0,14.5,13.9,7.7,0,Month-to-month,None,West,None,Mobile,0
C001618,31,9,111.12,1,26.3,12.2,6.1,0,Month-to-month,Fiber,North,Basic,Mobile,1
C001619,29,72,74.17,3,25.2,22.3,10.0,0,Month-to-month,DSL,North,Basic,Mobile,0
C001620,55,20,97.32,1,21.9,,5.0,0,Month-to-month,Fiber,South,None,Mobile,0
C001621,22,1,84.66,2,24.5,29.2,1.6,0,Two year,DSL,West,None,Mobile,0
C001622,56,67,108.01,0,13.4,33.0,7.6,3,Month-to-month,DSL,West,None,Mobile,0
C001623,40,2,77.24,2,17.8,21.5,5.3,1,Month-to-month,None,South,None,Mobile,0
C001624,41,40,37.91,4,14.2,38.6,7.5,0,Two year,Fiber,East,Basic,Desktop,0
C001625,20,72,69.36,2,9.0,23.0,7.0,1,Month-to-month,Fiber,South,Basic,Mobile,0
C001626,40,42,84.89,1,16.6,29.2,6.1,2,Month-to-month,Fiber,East,None,Mobile,0
C001627,50,43,66.6,0,15.4,5.0,6.4,0,Month-to-month,Fiber,East,Premium,Mobile,0
C001628,25,28,88.44,0,14.6,32.0,7.8,1,Month-to-month,Fiber,West,Basic,Desktop,0
C001629,48,10,70.36,4,15.6,58.0,6.4,0,Month-to-month,Fiber,East,Basic,Desktop,0
C001630,43,42,57.11,1,16.4,40.5,6.8,0,Month-to-month,DSL,North,Basic,Desktop,0
C001631,34,65,44.85,3,22.2,28.9,6.2,0,Two year,DSL,North,None,Mobile,0
C001632,53,7,62.2,0,11.9,17.1,10.0,2,One year,DSL,South,Basic,Desktop,0
C001633,18,64,77.11,1,7.0,50.6,9.5,0,One year,Fiber,North,None,Desktop,0
C001634,47,30,23.02,2,20.7,29.1,4.4,0,Two year,DSL,East,Premium,Mobile,0
C001635,63,39,52.5,0,22.0,22.9,7.1,0,Month-to-month,Fiber,West,Basic,Desktop,0
C001636,61,12,22.08,3,18.5,23.2,5.6,0,Month-to-month,Fiber,North,Basic,Tablet,0
C001637,47,45,56.57,3,8.0,55.9,4.9,2,One year,Fiber,East,Basic,Mobile,0
C001638,38,14,101.93,3,15.1,29.6,1.3,1,Month-to-month,Fiber,West,Basic,Mobile,1
C001639,34,20,42.35,2,18.0,36.4,6.5,0,Month-to-month,Fiber,West,None,Mobile,1
C001640,38,52,89.58,1,8.5,28.6,6.7,0,Month-to-month,Fiber,West,Basic,Desktop,0
C001641,49,4,143.22,0,10.6,30.2,9.5,0,Month-to-month,None,West,None,Desktop,0
C001642,32,33,108.34,0,15.0,25.9,9.0,1,Month-to-month,Fiber,North,Basic,Mobile,0
C001643,52,43,75.34,1,24.3,48.1,8.0,0,One year,Fiber,West,Premium,Desktop,0
C001644,70,10,93.46,3,17.6,31.5,8.4,0,Two year,DSL,North,Basic,Desktop,0
C001645,41,22,37.76,2,12.0,14.1,8.6,0,One year,Fiber,East,Basic,Desktop,0
C001646,25,25,32.66,3,14.6,35.7,8.0,0,Two year,Fiber,South,Basic,Tablet,0
C001647,25,48,72.72,4,11.3,29.6,9.6,0,Two year,DSL,South,None,Mobile,0
C001648,52,71,81.97,3,13.1,35.6,4.8,0,Month-to-month,Fiber,South,None,Mobile,0
C001649,41,61,99.36,3,21.1,27.0,6.2,0,One year,Fiber,East,Premium,Mobile,0
C001650,53,14,57.78,3,2.6,24.5,6.0,0,One year,Fiber,East,Basic,Mobile,0
C001651,35,2,76.83,2,25.2,41.7,6.1,0,Month-to-month,DSL,South,Basic,Mobile,0
C001652,53,4,75.98,2,31.3,53.3,6.8,0,Month-to-month,Fiber,East,Basic,Desktop,0
C001653,40,43,68.72,1,17.1,8.7,10.0,0,One year,Fiber,West,None,Mobile,0
C001654,32,12,70.19,2,10.2,32.0,8.7,0,Month-to-month,Fiber,West,Premium,Mobile,0
C001655,37,17,50.63,2,24.1,24.5,9.3,0,Month-to-month,Fiber,South,,Desktop,0
C001656,26,62,78.99,2,17.9,20.1,7.0,1,Month-to-month,DSL,North,Basic,Tablet,0
C001657,68,63,76.88,2,12.3,5.1,6.9,0,Month-to-month,Fiber,North,None,Tablet,0
C001658,41,61,61.0,0,9.2,35.3,8.1,0,Month-to-month,None,East,Basic,Mobile,0
C001659,50,19,88.64,0,13.2,25.2,7.9,3,Month-to-month,Fiber,South,Basic,Desktop,0
C001660,35,45,97.7,4,17.3,24.5,7.9,0,Month-to-month,None,North,Basic,Mobile,0
C001661,28,44,88.93,3,22.3,45.4,10.0,1,Month-to-month,Fiber,South,None,Mobile,0
C001662,39,14,45.94,2,18.0,25.7,8.2,0,Two year,Fiber,South,Premium,Desktop,0
C001663,56,40,74.49,3,19.2,25.2,5.7,0,Two year,DSL,South,None,Mobile,0
C001664,35,38,49.21,1,13.7,15.0,5.8,0,Month-to-month,DSL,North,None,Mobile,0
C001665,31,29,74.41,3,22.0,20.1,8.6,0,Two year,Fiber,South,Premium,Mobile,0
C001666,44,55,49.31,1,14.6,48.6,8.5,0,Month-to-month,Fiber,North,Basic,Desktop,0
C001667,48,49,103.93,1,28.9,38.3,8.9,0,Month-to-month,DSL,North,Premium,Mobile,0
C001668,63,39,91.58,1,11.4,46.5,8.0,0,Month-to-month,DSL,North,Basic,Mobile,0
C001669,47,53,100.82,1,18.8,,5.2,1,Month-to-month,Fiber,West,Basic,Desktop,0
C001670,50,55,98.29,0,31.3,35.3,9.9,0,Month-to-month,DSL,East,,Desktop,0
C001671,51,41,65.24,4,23.3,43.6,9.5,0,Month-to-month,DSL,East,Basic,Desktop,0
C001672,27,20,61.36,3,21.2,38.0,6.4,0,One year,Fiber,North,Premium,Mobile,0
C001673,29,55,115.54,2,18.1,50.0,7.8,0,Month-to-month,DSL,West,,Tablet,0
C001674,28,52,67.87,0,16.4,35.8,7.4,1,Month-to-month,DSL,North,None,Desktop,1
C001675,25,71,38.14,2,14.8,31.0,6.4,0,Two year,Fiber,South,Basic,Mobile,0
C001676,52,11,97.19,2,12.1,3.0,5.0,1,Two year,DSL,West,Basic,Desktop,0
C001677,46,31,75.59,4,5.2,36.0,8.1,0,Month-to-month,Fiber,South,None,Desktop,0
C001678,43,67,109.65,2,20.5,38.2,4.4,0,Month-to-month,DSL,North,None,Tablet,0
C001679,18,38,78.07,1,5.2,44.8,6.0,0,One year,None,East,None,Desktop,0
C001680,69,68,71.5,2,20.6,21.5,10.0,0,One year,DSL,South,None,Desktop,0
C001681,30,1,110.15,2,13.8,30.6,7.8,0,Month-to-month,Fiber,North,Basic,Desktop,0
C001682,69,3,33.54,1,9.3,11.9,7.8,0,Month-to-month,Fiber,East,None,Tablet,0
C001683,23,58,57.37,1,25.8,11.6,6.6,0,Month-to-month,None,East,Basic,Desktop,0
C001684,31,26,49.82,2,5.9,37.2,4.3,0,Month-to-month,DSL,North,Basic,Mobile,0
C001685,18,38,20.0,0,11.3,46.2,7.8,1,Month-to-month,Fiber,West,Basic,Mobile,0
C001686,47,31,93.83,4,12.0,46.6,8.0,0,One year,DSL,South,None,Desktop,0
C001687,28,30,58.06,0,17.0,36.3,8.5,0,One year,Fiber,West,Basic,Mobile,0
C001688,28,68,94.63,0,11.7,55.6,6.4,0,One year,DSL,West,Basic,Tablet,0
C001689,24,7,81.73,2,26.2,26.3,6.4,0,One year,DSL,West,Basic,Desktop,0
C001690,52,56,87.18,3,6.4,41.8,8.1,1,Month-to-month,Fiber,South,None,Mobile,1
C001691,51,65,60.62,4,44.6,15.2,4.8,0,Month-to-month,DSL,North,None,Tablet,0
C001692,66,48,52.89,2,8.6,3.0,8.6,1,Month-to-month,DSL,West,Basic,Mobile,0
C001693,33,29,74.24,3,36.7,25.2,6.8,0,Month-to-month,DSL,North,Basic,Desktop,0
C001694,45,12,94.98,2,23.7,29.6,7.6,0,One year,None,North,Basic,Mobile,0
C001695,25,50,70.74,0,15.2,33.8,10.0,0,Month-to-month,Fiber,East,,Tablet,0
C001696,38,34,54.45,0,17.6,28.8,6.6,0,Month-to-month,Fiber,North,None,Mobile,0
C001697,35,11,42.02,1,13.3,35.3,7.4,0,Month-to-month,Fiber,West,Basic,Mobile,0
C001698,48,26,77.1,0,18.4,51.9,7.2,0,One year,DSL,South,Basic,Mobile,0
C001699,55,70,58.15,2,10.8,39.9,3.5,0,Month-to-month,DSL,South,None,Tablet,0
C001700,55,20,70.21,2,21.0,21.8,8.2,1,Month-to-month,DSL,East,Premium,Desktop,0
C001701,31,13,66.03,1,17.3,3.0,2.9,1,Two year,Fiber,East,None,Mobile,0
C001702,55,50,60.89,0,9.1,18.1,8.5,0,One year,None,North,None,Tablet,0
C001703,41,15,79.35,1,19.0,47.1,5.9,1,Month-to-month,Fiber,South,None,Mobile,1
C001704,38,67,85.86,0,18.6,25.0,5.8,0,Month-to-month,DSL,South,Premium,Desktop,0
C001705,33,62,121.13,2,11.0,39.1,7.0,1,Month-to-month,None,East,None,Mobile,0
C001706,35,71,90.95,3,13.0,38.7,4.7,1,One year,Fiber,East,Basic,Desktop,0
C001707,65,66,111.84,3,19.6,30.3,6.9,0,Month-to-month,DSL,West,None,Tablet,0
C001708,46,18,51.53,1,23.6,30.0,5.1,1,Month-to-month,DSL,West,Premium,Mobile,0
C001709,44,16,31.98,2,15.0,23.0,4.8,0,Month-to-month,Fiber,East,Basic,Mobile,0
C001710,39,25,71.64,2,22.5,57.7,6.7,0,Month-to-month,Fiber,East,Premium,Desktop,0
C001711,74,34,93.45,2,24.2,19.5,9.3,0,One year,Fiber,East,Basic,Mobile,0
C001712,59,64,89.53,2,25.1,44.5,8.4,1,Month-to-month,None,East,Basic,Desktop,0
C001713,33,53,102.28,2,18.9,41.0,6.1,1,Month-to-month,DSL,East,Basic,Tablet,0
C001714,38,47,20.0,0,9.7,38.4,6.8,0,One year,Fiber,South,None,Desktop,0
C001715,39,64,103.32,2,22.2,29.6,6.1,1,Month-to-month,Fiber,East,Premium,Mobile,0
C001716,44,47,80.39,1,14.7,13.2,5.0,0,Month-to-month,None,South,None,Mobile,0
C001717,33,28,33.4,3,19.5,17.2,5.2,1,Month-to-month,None,North,Basic,Mobile,0
C001718,48,30,90.09,3,11.6,21.7,7.6,0,One year,Fiber,North,Basic,Desktop,0
C001719,61,38,76.24,0,11.8,35.4,5.8,1,Two year,None,West,None,Mobile,0
C001720,25,7,81.53,3,11.1,41.7,7.0,0,Month-to-month,Fiber,South,None,Mobile,0
C001721,27,54,96.98,0,6.7,34.8,5.3,3,Month-to-month,DSL,West,Basic,Tablet,0
C001722,36,47,82.76,0,11.9,34.1,8.5,0,One year,DSL,West,Basic,Mobile,0
C001723,36,53,35.18,0,8.8,43.5,8.3,2,Two year,None,North,Basic,Desktop,0
C001724,68,39,68.42,0,20.0,5.9,9.9,0,Two year,None,West,Basic,Desktop,0
C001725,55,57,31.56,1,8.5,4.5,9.6,1,Two year,Fiber,East,Basic,Desktop,0
C001726,54,69,88.23,2,11.3,12.4,5.4,0,Two year,Fiber,East,None,Mobile,0
C001727,39,42,106.95,2,16.0,42.1,5.6,0,Month-to-month,Fiber,North,None,Desktop,0
C001728,38,32,40.96,0,28.7,6.9,7.7,1,One year,Fiber,South,None,Tablet,0
C001729,23,8,55.21,1,11.2,30.9,5.5,1,Month-to-month,DSL,East,None,Mobile,0
C001730,52,57,49.94,1,6.3,20.1,7.5,0,Month-to-month,DSL,South,Basic,Mobile,0
C001731,48,66,60.65,1,6.8,32.9,6.5,0,One year,Fiber,East,Basic,Desktop,0
C001732,59,51,82.31,1,10.0,29.3,8.7,0,One year,DSL,East,Basic,Desktop,0
C001733,39,63,60.92,1,11.4,34.0,8.8,0,Month-to-month,Fiber,North,Basic,Mobile,0
C001734,40,63,88.31,0,32.1,26.2,6.5,1,One year,None,East,Premium,Mobile,0
C001735,44,58,98.63,3,22.8,39.5,3.8,0,Month-to-month,DSL,North,Basic,Mobile,0
C001736,54,37,99.54,2,13.8,48.6,8.9,0,Two year,Fiber,East,None,Desktop,0
C001737,23,8,44.05,1,29.0,46.2,6.0,1,Month-to-month,None,South,Basic,Desktop,0
C001738,52,1,106.65,3,11.7,26.7,7.1,0,Month-to-month,Fiber,West,Basic,Desktop,0
C001739,42,15,108.65,1,13.1,20.6,6.9,0,Month-to-month,DSL,West,None,Desktop,0
C001740,28,32,110.82,2,12.7,33.3,7.8,0,Two year,Fiber,East,None,Mobile,0
C001741,18,54,68.05,0,23.2,54.7,6.0,0,One year,Fiber,East,Basic,Mobile,0
C001742,40,33,53.2,1,15.5,30.4,5.1,1,One year,DSL,South,None,Tablet,0
C001743,61,2,47.39,1,26.6,41.1,7.4,0,One year,Fiber,South,Basic,Mobile,0
C001744,64,16,44.46,1,19.0,40.4,8.6,0,Two year,Fiber,East,Basic,Desktop,0
C001745,47,71,72.29,1,22.4,40.3,6.9,0,Month-to-month,Fiber,West,Basic,Tablet,0
C001746,68,72,93.2,0,3.3,46.3,6.9,0,Two year,Fiber,North,None,Mobile,0
C001747,41,28,104.66,0,4.1,15.2,5.0,0,Month-to-month,Fiber,West,Basic,Mobile,0
C001748,54,58,59.86,1,4.3,19.4,8.0,0,One year,Fiber,East,Basic,Mobile,0
C001749,36,52,71.03,0,13.0,31.6,8.2,0,One year,DSL,East,Basic,Desktop,0
C001750,35,68,69.4,2,5.2,45.8,6.9,0,Two year,Fiber,North,Basic,Desktop,0
C001751,33,64,56.12,1,24.7,45.7,5.3,0,Two year,DSL,North,Basic,Mobile,0
C001752,18,46,90.39,1,14.6,30.4,7.2,0,Two year,DSL,North,None,Desktop,0
C001753,59,29,81.07,1,20.3,43.0,7.4,2,One year,Fiber,East,Basic,Tablet,0
C001754,34,46,75.55,1,12.6,25.9,7.0,0,One year,DSL,North,None,Desktop,0
C001755,32,23,80.96,1,21.8,21.1,5.2,1,Month-to-month,None,South,None,Tablet,1
C001756,27,26,87.39,2,2.2,15.1,7.6,0,Month-to-month,DSL,East,Premium,Mobile,0
C001757,39,44,87.14,0,15.7,29.4,7.4,0,One year,None,North,None,Mobile,0
C001758,65,42,51.04,2,19.5,26.8,7.9,0,Month-to-month,Fiber,East,Premium,Mobile,0
C001759,69,42,94.41,2,20.1,43.0,6.9,2,Month-to-month,Fiber,West,None,Desktop,0
C001760,20,28,78.38,0,13.8,37.8,9.4,1,Month-to-month,Fiber,West,Premium,Tablet,0
C001761,37,30,61.13,2,4.0,31.7,7.1,1,Two year,DSL,North,Basic,Mobile,0
C001762,29,1,77.86,0,23.1,31.7,9.6,2,Month-to-month,Fiber,East,Basic,Mobile,0
C001763,55,44,80.61,0,13.3,26.0,7.5,0,Month-to-month,None,South,Basic,Mobile,0
C001764,46,42,99.04,1,13.9,9.7,5.0,0,Two year,DSL,South,None,Desktop,0
C001765,34,68,45.85,3,31.5,16.8,8.6,0,Month-to-month,DSL,South,None,Mobile,0
C001766,43,37,105.12,3,16.7,40.4,6.4,1,Month-to-month,Fiber,East,Basic,Mobile,1
C001767,36,34,72.58,5,12.4,29.3,6.3,0,Month-to-month,Fiber,South,Basic,Mobile,0
C001768,63,5,59.35,0,11.9,,9.0,0,One year,DSL,East,Basic,Mobile,0
C001769,49,15,58.58,3,20.5,47.4,4.9,0,One year,DSL,North,Premium,Desktop,0
C001770,51,25,46.97,4,10.3,51.4,3.9,0,Month-to-month,Fiber,South,Basic,Desktop,0
C001771,18,28,28.48,2,19.6,45.5,6.7,0,One year,DSL,East,Basic,Desktop,0
C001772,41,27,88.93,0,23.7,36.1,7.6,1,Two year,DSL,South,None,Desktop,0
C001773,69,29,121.52,5,15.4,34.4,8.7,1,Month-to-month,None,West,None,Mobile,0
C001774,59,56,31.56,5,22.9,30.7,7.4,0,Month-to-month,Fiber,South,None,Desktop,0
C001775,18,10,48.24,0,15.5,33.0,3.0,0,One year,Fiber,North,Basic,Desktop,0
C001776,38,24,90.79,2,11.2,38.5,5.4,0,Month-to-month,Fiber,East,Premium,Desktop,0
C001777,26,12,70.86,2,4.3,39.5,4.8,1,Month-to-month,DSL,West,Premium,Desktop,0
C001778,64,23,92.86,0,17.9,36.4,3.7,0,One year,Fiber,North,None,Mobile,0
C001779,45,50,69.46,2,18.1,3.0,6.8,1,Two year,Fiber,East,None,Desktop,0
C001780,32,4,57.48,3,22.9,44.8,8.0,0,Month-to-month,DSL,West,Basic,Mobile,0
C001781,42,25,66.35,4,22.2,33.4,8.8,0,One year,Fiber,West,Premium,Mobile,0
C001782,18,2,20.0,3,30.5,14.7,8.0,0,One year,Fiber,West,Premium,Mobile,0
C001783,28,69,43.41,3,11.9,33.4,6.1,0,One year,None,East,,Tablet,0
C001784,42,53,95.71,1,18.5,34.6,9.0,0,Month-to-month,DSL,West,Basic,Mobile,0
C001785,53,18,101.8,3,11.2,12.2,6.7,0,Month-to-month,DSL,West,Basic,Tablet,1
C001786,18,15,107.15,3,22.5,23.3,7.2,0,One year,DSL,West,Basic,Desktop,0
C001787,37,8,83.02,2,9.5,17.7,5.9,0,Two year,None,South,None,Desktop,0
C001788,55,35,20.0,2,22.4,19.3,6.7,1,Two year,Fiber,South,None,Mobile,0
C001789,23,55,56.12,2,10.8,37.8,6.3,0,One year,Fiber,East,None,Desktop,0
C001790,45,43,105.12,2,21.4,23.5,4.6,0,Two year,Fiber,East,Basic,Mobile,0
C001791,43,64,112.58,2,24.4,32.1,8.2,0,Month-to-month,DSL,North,None,Mobile,0
C001792,64,25,106.07,1,5.1,39.9,7.4,0,Month-to-month,Fiber,South,None,Tablet,1
C001793,39,21,66.09,0,6.6,25.8,8.5,0,Month-to-month,Fiber,North,None,Mobile,0
C001794,40,35,39.34,2,17.6,40.3,5.8,1,One year,None,North,Premium,Desktop,0
C001795,53,15,70.98,0,16.9,47.3,8.4,0,Month-to-month,Fiber,East,None,Desktop,0
C001796,25,71,72.37,4,14.0,41.2,4.3,0,Two year,Fiber,North,Basic,Mobile,0
C001797,39,14,111.14,1,12.7,38.2,8.1,0,Month-to-month,Fiber,East,Basic,Tablet,0
C001798,36,35,77.69,0,10.0,41.3,8.3,0,Month-to-month,DSL,North,Basic,Desktop,0
C001799,40,38,72.42,1,18.3,35.7,5.2,0,Month-to-month,Fiber,East,Basic,Desktop,0
C001800,53,5,73.84,2,9.2,41.2,9.1,1,Month-to-month,Fiber,North,Basic,Tablet,0
C001801,49,34,82.0,1,18.6,16.9,9.9,0,Month-to-month,Fiber,West,Basic,Mobile,0
C001802,32,33,87.66,1,12.0,30.1,6.1,0,Month-to-month,Fiber,East,None,Mobile,0
C001803,44,19,53.89,2,13.0,,9.7,0,Month-to-month,None,East,Premium,Desktop,0
C001804,61,10,45.56,2,24.5,30.1,4.0,1,One year,Fiber,South,Basic,Mobile,1
C001805,31,4,106.26,1,22.7,61.0,6.9,2,Month-to-month,DSL,East,None,Tablet,0
C001806,44,1,30.97,2,9.0,28.7,2.4,2,Month-to-month,Fiber,East,Basic,Mobile,1
C001807,39,35,112.94,2,9.9,9.6,8.8,1,Month-to-month,DSL,East,Basic,Desktop,0
C001808,41,7,24.23,1,21.4,31.7,4.3,0,Two year,DSL,West,None,Mobile,0
C001809,21,70,57.39,2,6.0,40.9,3.6,0,Two year,DSL,West,Premium,Tablet,0
C001810,60,18,96.3,0,26.2,20.5,7.6,1,Month-to-month,DSL,East,Basic,Mobile,0
C001811,32,47,72.01,3,16.9,30.6,9.0,0,Month-to-month,None,North,Basic,Tablet,0
C001812,55,49,39.09,0,12.0,30.1,6.4,0,One year,Fiber,South,Basic,Mobile,0
C001813,34,36,82.66,4,16.1,30.3,7.3,1,Two year,DSL,North,Basic,Desktop,0
C001814,34,64,73.68,2,25.5,23.8,10.0,0,Month-to-month,DSL,North,Premium,Mobile,0
C001815,58,8,66.6,0,1.1,44.2,5.4,1,One year,None,South,Premium,Mobile,0
C001816,55,17,56.4,3,23.2,57.0,5.3,1,One year,DSL,East,Basic,Desktop,0
C001817,45,19,71.13,0,24.4,20.9,,0,One year,Fiber,East,Basic,Mobile,0
C001818,52,10,57.45,2,13.8,15.3,7.5,0,Two year,Fiber,South,Premium,Mobile,0
C001819,38,22,132.86,0,15.5,25.7,9.7,0,One year,None,West,Premium,Mobile,0
C001820,42,23,66.0,1,17.0,47.9,4.8,0,Month-to-month,Fiber,East,Basic,Desktop,0
C001821,33,56,62.66,2,21.1,27.9,3.9,0,Two year,Fiber,North,Premium,Mobile,0
C001822,54,22,58.46,1,10.9,35.4,4.5,1,Month-to-month,Fiber,South,None,Tablet,0
C001823,33,64,116.42,2,15.9,20.1,8.4,0,Month-to-month,Fiber,North,Basic,Mobile,0
C001824,61,56,31.02,0,15.3,52.4,9.3,1,One year,DSL,East,Basic,Desktop,0
C001825,38,65,80.99,0,20.8,27.5,9.0,0,Two year,Fiber,North,Premium,Mobile,0
C001826,42,8,66.02,2,34.7,34.0,8.1,0,One year,Fiber,West,Premium,Mobile,0
C001827,52,71,36.41,1,10.9,21.4,9.4,0,Month-to-month,Fiber,North,Premium,Mobile,0
C001828,42,45,51.52,2,16.6,20.3,6.0,0,Month-to-month,Fiber,South,Basic,Desktop,0
C001829,38,71,79.92,1,10.7,31.0,3.5,1,One year,Fiber,West,None,Desktop,0
C001830,42,26,50.39,1,12.6,32.2,4.2,0,Month-to-month,Fiber,East,,Mobile,0
C001831,54,69,78.49,0,8.5,41.4,4.5,0,Month-to-month,Fiber,West,None,Desktop,0
C001832,33,43,115.23,2,5.3,10.7,3.6,2,Two year,Fiber,North,Basic,Mobile,0
C001833,40,6,76.27,1,24.3,19.6,4.7,1,Month-to-month,None,East,None,Desktop,0
C001834,42,30,35.66,2,18.5,22.8,,0,Month-to-month,Fiber,East,Basic,Tablet,0
C001835,53,10,50.83,4,16.7,32.4,8.2,0,One year,Fiber,East,None,Mobile,0
C001836,41,68,64.86,4,9.9,17.4,7.6,1,Month-to-month,DSL,North,Basic,Desktop,0
C001837,66,22,63.19,0,15.5,29.9,9.8,0,Two year,DSL,West,Basic,Tablet,0
C001838,40,17,75.8,2,7.9,23.3,4.9,0,One year,Fiber,West,None,Desktop,0
C001839,39,40,79.81,2,15.8,29.4,7.8,0,Month-to-month,Fiber,West,Basic,Mobile,0
C001840,40,31,115.26,0,18.3,21.7,9.5,1,Month-to-month,Fiber,West,Basic,Mobile,0
C001841,25,7,71.91,3,12.2,18.9,6.2,1,One year,Fiber,South,Basic,Mobile,0
C001842,29,59,43.2,1,10.7,34.4,6.3,0,One year,Fiber,South,None,Tablet,0
C001843,35,61,100.85,2,12.6,44.4,9.6,0,One year,DSL,North,Premium,Desktop,0
C001844,57,54,103.58,1,21.7,40.8,6.5,0,One year,Fiber,East,Premium,Mobile,0
C001845,42,45,77.81,1,17.4,44.4,9.7,0,Two year,Fiber,North,Basic,Mobile,0
C001846,36,29,65.84,0,4.8,45.8,4.4,0,Month-to-month,Fiber,South,None,Desktop,0
C001847,58,40,87.56,2,21.1,29.1,10.0,0,Month-to-month,Fiber,West,Basic,Mobile,0
C001848,62,38,66.72,1,19.8,53.5,9.4,0,Month-to-month,None,South,Basic,Mobile,0
C001849,58,12,20.61,2,17.3,40.1,5.4,0,Month-to-month,Fiber,West,Premium,Mobile,0
C001850,31,6,86.09,2,27.5,19.6,6.5,0,Month-to-month,Fiber,West,,Mobile,0
C001851,36,19,94.31,2,16.2,23.0,4.9,1,One year,DSL,South,Premium,Tablet,0
C001852,66,33,108.03,1,19.0,32.8,6.2,0,Month-to-month,None,East,None,Desktop,0
C001853,45,12,53.73,1,19.3,41.6,4.3,0,Month-to-month,DSL,North,None,Mobile,0
C001854,39,8,77.65,1,22.1,28.3,3.9,0,Two year,Fiber,South,None,Desktop,0
C001855,51,62,78.19,1,14.4,19.3,4.8,0,Month-to-month,None,West,Basic,Mobile,0
C001856,55,27,74.13,1,11.5,40.5,9.0,0,Month-to-month,Fiber,North,None,Mobile,0
C001857,35,43,74.87,1,22.8,17.6,3.8,0,One year,DSL,East,None,Mobile,0
C001858,45,38,72.93,2,22.4,34.6,9.6,0,Month-to-month,Fiber,East,Basic,Mobile,0
C001859,54,53,77.29,1,24.9,31.5,8.7,0,Month-to-month,Fiber,South,None,Mobile,0
C001860,27,54,90.52,1,18.9,14.9,9.5,1,One year,DSL,East,Premium,Tablet,0
C001861,42,22,102.51,2,4.5,52.3,7.7,1,Two year,DSL,West,Premium,Mobile,0
C001862,28,62,53.09,3,17.1,31.2,10.0,0,One year,DSL,West,None,Desktop,0
C001863,29,27,67.69,1,16.2,16.8,4.5,0,Two year,Fiber,North,Basic,Mobile,0
C001864,35,61,61.43,3,24.6,31.6,9.6,0,Two year,DSL,East,None,Desktop,0
C001865,48,30,57.86,0,23.4,10.2,10.0,0,Two year,DSL,South,Premium,Desktop,0
C001866,38,8,31.6,2,20.3,35.3,6.6,2,One year,Fiber,East,None,Tablet,0
C001867,34,55,72.61,2,1.5,41.3,7.0,0,Month-to-month,Fiber,South,None,Mobile,0
C001868,43,3,83.98,2,10.2,63.4,5.4,1,Month-to-month,Fiber,South,Basic,Mobile,0
C001869,27,56,68.12,3,13.5,32.2,7.2,0,One year,DSL,West,Basic,Mobile,0
C001870,48,4,71.78,3,13.6,23.1,7.4,0,Month-to-month,DSL,South,Premium,Mobile,0
C001871,57,15,82.46,2,17.2,33.5,2.8,0,Month-to-month,DSL,West,Basic,Desktop,0
C001872,41,44,107.28,1,26.4,48.3,8.2,0,One year,DSL,North,Basic,Mobile,0
C001873,39,68,61.51,1,21.5,37.0,9.1,1,One year,DSL,East,Premium,Desktop,0
C001874,47,30,42.71,0,9.6,41.0,5.5,0,Month-to-month,Fiber,West,Premium,Mobile,0
C001875,18,9,69.74,0,10.2,40.1,6.3,0,One year,DSL,South,None,Tablet,0
C001876,49,17,119.09,1,9.6,37.1,8.6,0,Two year,DSL,North,None,Desktop,0
C001877,82,65,42.98,0,15.2,14.2,5.4,1,Two year,Fiber,North,None,Mobile,0
C001878,40,53,88.25,0,21.6,13.5,8.4,0,Month-to-month,Fiber,West,None,Tablet,0
C001879,40,8,100.95,1,22.7,12.0,7.6,0,Two year,Fiber,West,Basic,Desktop,0
C001880,52,28,20.0,1,13.4,16.6,10.0,0,Two year,None,East,Basic,Desktop,0
C001881,63,20,82.26,0,15.8,18.0,6.9,1,Month-to-month,None,North,Basic,Mobile,0
C001882,55,13,87.09,1,27.7,53.3,6.1,0,Two year,Fiber,South,Basic,Desktop,0
C001883,18,61,65.32,2,5.6,22.5,7.5,0,Month-to-month,Fiber,North,None,Desktop,0
C001884,49,45,55.84,0,20.5,32.2,7.3,1,One year,Fiber,North,None,Mobile,0
C001885,75,13,57.23,1,19.7,28.1,10.0,1,Month-to-month,Fiber,South,None,Desktop,1
C001886,50,47,63.79,2,13.9,33.3,9.9,1,Month-to-month,DSL,West,Basic,Tablet,0
C001887,27,30,64.45,1,15.9,31.8,5.8,0,Month-to-month,Fiber,East,Basic,Mobile,0
C001888,46,5,59.73,2,18.9,15.9,6.8,1,Month-to-month,Fiber,West,Basic,Desktop,0
C001889,25,33,63.39,1,13.9,38.2,5.8,1,One year,DSL,East,None,Desktop,0
C001890,58,14,101.77,0,11.5,22.8,5.5,0,Month-to-month,Fiber,North,,Tablet,0
C001891,30,18,41.64,3,11.0,22.4,1.2,0,Month-to-month,DSL,East,Basic,Mobile,1
C001892,43,64,28.27,4,29.0,27.3,10.0,3,One year,DSL,South,Basic,Desktop,0
C001893,31,52,102.17,3,12.9,40.7,5.9,0,Month-to-month,DSL,South,Premium,Desktop,1
C001894,35,10,67.2,3,17.4,23.5,6.3,0,Month-to-month,None,West,None,Desktop,0
C001895,61,62,62.29,1,21.5,32.1,10.0,1,Month-to-month,DSL,South,Premium,Mobile,0
C001896,43,42,69.22,0,14.5,35.8,5.9,0,Month-to-month,Fiber,East,Premium,Desktop,0
C001897,35,63,77.23,3,16.3,34.1,6.8,1,Month-to-month,Fiber,South,None,Mobile,0
C001898,27,54,58.9,2,19.5,33.4,7.6,0,Two year,Fiber,East,Premium,Tablet,0
C001899,18,25,84.65,4,10.1,14.2,7.7,1,One year,DSL,North,Premium,Desktop,0
C001900,26,39,47.94,2,5.2,32.5,6.0,0,Month-to-month,Fiber,West,None,Desktop,0
C001901,43,39,64.45,1,10.9,20.0,9.1,0,Two year,Fiber,South,Basic,Mobile,0
C001902,55,52,20.0,3,28.1,9.9,7.4,0,Two year,Fiber,South,None,Mobile,0
C001903,35,18,101.31,0,12.0,25.4,7.3,0,Two year,Fiber,North,Premium,Mobile,0
C001904,62,24,67.6,0,16.9,24.8,5.9,0,One year,DSL,West,Premium,Mobile,0
C001905,33,18,88.75,0,6.7,66.5,6.9,0,One year,None,North,None,Mobile,1
C001906,39,22,83.91,2,25.4,42.7,8.9,0,Month-to-month,Fiber,South,Premium,Mobile,0
C001907,28,12,85.75,2,13.9,40.4,8.9,0,Month-to-month,Fiber,North,Premium,Mobile,0
C001908,55,3,71.81,2,12.8,26.1,6.3,0,Month-to-month,Fiber,West,None,Desktop,0
C001909,69,68,81.71,1,15.1,28.8,5.7,0,One year,DSL,West,Premium,Desktop,0
C001910,19,6,47.97,3,33.6,61.9,8.7,0,Month-to-month,Fiber,East,None,Mobile,0
C001911,37,64,42.72,4,19.1,23.4,7.6,0,Month-to-month,Fiber,East,None,Desktop,0
C001912,58,1,69.47,2,14.9,34.1,8.7,1,Month-to-month,Fiber,West,Premium,Desktop,1
C001913,23,56,55.01,2,0.0,53.1,5.4,1,One year,Fiber,South,None,Mobile,0
C001914,49,24,107.64,1,25.5,,7.1,0,One year,Fiber,West,Premium,Desktop,0
C001915,58,38,81.38,4,11.1,32.8,8.7,0,Month-to-month,Fiber,East,Premium,Mobile,0
C001916,43,21,54.09,3,10.0,30.8,5.8,1,Month-to-month,Fiber,South,Basic,Desktop,0
C001917,49,36,65.21,3,10.7,20.3,10.0,1,One year,Fiber,West,None,Desktop,0
C001918,65,33,75.33,0,26.3,40.3,10.0,0,Month-to-month,Fiber,South,Premium,Tablet,0
C001919,67,39,70.3,3,15.7,17.6,6.7,0,Month-to-month,DSL,West,Premium,Mobile,0
C001920,41,29,78.79,1,5.3,40.3,6.7,0,Month-to-month,DSL,West,Basic,Desktop,0
C001921,35,39,73.72,3,14.6,36.2,7.7,0,Month-to-month,Fiber,East,Basic,Desktop,0
C001922,30,60,37.23,3,10.2,41.8,7.4,0,Month-to-month,None,East,Basic,Mobile,0
C001923,55,32,20.0,3,18.5,28.7,9.3,0,Month-to-month,Fiber,South,Basic,Tablet,0
C001924,24,27,62.66,0,13.3,35.7,5.5,0,Two year,None,North,Premium,Desktop,0
C001925,39,10,86.01,3,5.0,43.3,5.5,0,Month-to-month,Fiber,North,None,Mobile,1
C001926,43,26,62.94,1,15.4,14.1,7.6,0,One year,Fiber,South,Basic,Mobile,0
C001927,35,10,102.91,3,15.6,16.5,8.0,1,One year,None,West,None,Mobile,0
C001928,46,14,70.83,0,7.2,38.0,7.0,0,Month-to-month,Fiber,South,Premium,Desktop,0
C001929,75,69,105.93,1,2.3,40.9,,0,Month-to-month,DSL,North,,Mobile,0
C001930,40,7,100.8,2,18.0,32.6,9.6,1,One year,DSL,West,None,Desktop,0
C001931,36,35,98.28,1,14.0,42.0,8.4,0,Month-to-month,DSL,West,None,Mobile,0
C001932,55,61,41.91,3,14.5,26.7,7.8,0,Month-to-month,DSL,North,Premium,Mobile,0
C001933,45,69,72.43,1,21.2,,6.7,1,Month-to-month,None,West,None,Tablet,0
C001934,61,11,102.57,1,2.4,30.1,7.2,1,One year,DSL,East,None,Mobile,0
C001935,44,12,78.81,0,16.4,21.7,4.6,1,Month-to-month,DSL,South,None,Desktop,0
C001936,39,27,85.86,1,20.6,48.1,5.0,0,One year,Fiber,West,Premium,Desktop,0
C001937,19,40,37.3,1,14.7,40.9,9.4,0,Month-to-month,None,South,Basic,Desktop,0
C001938,21,70,119.97,3,6.1,25.6,10.0,0,One year,DSL,West,Basic,Mobile,0
C001939,18,15,52.22,1,11.4,25.8,4.6,0,Month-to-month,DSL,North,Premium,Mobile,0
C001940,47,12,22.14,0,12.8,38.2,8.1,0,Month-to-month,DSL,North,None,Mobile,0
C001941,24,19,63.22,1,4.9,19.0,4.4,0,One year,Fiber,West,None,Desktop,0
C001942,58,63,20.0,1,18.6,34.8,10.0,0,One year,DSL,South,None,Tablet,0
C001943,42,3,44.87,2,16.0,29.0,7.1,0,Month-to-month,DSL,South,Basic,Mobile,0
C001944,39,28,135.96,1,11.5,33.6,10.0,1,Month-to-month,DSL,North,None,Mobile,0
C001945,31,9,62.5,2,22.9,6.7,6.0,1,One year,None,North,None,Mobile,0
C001946,50,12,36.31,1,12.3,20.1,6.2,1,Month-to-month,Fiber,East,None,Tablet,1
C001947,32,67,72.63,2,26.4,34.0,7.8,0,Month-to-month,None,South,Basic,Mobile,0
C001948,29,1,49.55,2,14.1,43.6,8.7,0,Two year,Fiber,East,None,Desktop,0
C001949,57,24,93.61,2,9.3,29.4,8.6,0,Month-to-month,None,East,Basic,Desktop,0
C001950,47,66,49.76,2,9.5,39.7,8.9,2,Two year,Fiber,South,Basic,Mobile,0
C001951,39,44,78.77,2,16.6,13.2,6.7,0,Month-to-month,Fiber,South,None,Mobile,0
C001952,50,6,43.32,1,8.5,25.6,8.9,0,Month-to-month,None,North,None,Desktop,0
C001953,42,34,136.98,2,17.0,34.4,10.0,0,Month-to-month,Fiber,South,Premium,Mobile,0
C001954,47,70,84.59,0,13.2,30.3,8.5,0,Month-to-month,Fiber,North,Premium,Mobile,0
C001955,31,29,68.36,1,13.0,40.2,5.6,0,Month-to-month,None,South,Basic,Mobile,0
C001956,69,39,64.68,1,15.7,27.9,7.9,1,One year,Fiber,South,None,Tablet,0
C001957,34,39,58.16,5,23.0,28.0,3.6,0,Month-to-month,DSL,South,Premium,Mobile,1
C001958,62,48,52.98,1,12.2,38.8,8.4,0,Month-to-month,Fiber,West,Premium,Desktop,0
C001959,40,14,52.29,0,17.3,24.6,4.1,0,Two year,DSL,West,Premium,Mobile,0
C001960,52,61,113.96,5,19.1,20.1,,0,Two year,None,East,Basic,Mobile,0
C001961,52,72,58.18,0,7.5,36.6,7.0,0,Month-to-month,None,North,Premium,Mobile,0
C001962,57,11,20.0,3,19.7,19.4,8.9,0,Month-to-month,DSL,South,Basic,Mobile,0
C001963,31,59,42.85,4,21.7,48.0,7.2,0,Month-to-month,Fiber,South,None,Mobile,0
C001964,56,59,95.19,5,22.8,8.9,9.6,0,One year,None,West,Basic,Mobile,0
C001965,66,54,65.69,2,8.2,27.4,,0,One year,DSL,West,Premium,Mobile,0
C001966,39,27,68.65,2,8.7,50.5,9.1,0,One year,Fiber,North,Premium,Mobile,0
C001967,42,34,101.25,1,15.6,54.7,6.4,0,Two year,DSL,South,Basic,Tablet,0
C001968,35,61,52.57,0,15.2,29.9,6.3,0,Month-to-month,Fiber,South,None,Mobile,0
C001969,37,12,87.81,1,16.1,44.2,4.6,0,Two year,None,East,None,Desktop,0
C001970,64,60,55.3,2,13.5,40.3,5.1,1,One year,Fiber,North,Premium,Mobile,0
C001971,29,67,86.4,1,17.3,25.1,7.3,2,One year,DSL,East,None,Mobile,0
C001972,30,50,62.22,3,0.0,36.6,7.2,0,One year,Fiber,West,None,Mobile,0
C001973,63,25,65.96,2,20.6,20.7,7.8,0,Month-to-month,DSL,East,Basic,Mobile,0
C001974,50,41,92.5,2,26.3,12.3,5.9,0,Two year,Fiber,South,Premium,Mobile,0
C001975,70,4,90.7,2,12.1,37.1,7.4,0,Month-to-month,Fiber,South,None,Mobile,0
C001976,36,68,67.86,2,17.4,37.8,9.5,0,Month-to-month,Fiber,North,Basic,Desktop,0
C001977,44,25,60.21,0,27.8,16.8,7.9,0,Two year,Fiber,North,Premium,Tablet,0
C001978,33,5,111.98,2,16.2,29.3,7.2,0,Month-to-month,None,West,None,Desktop,0
C001979,44,58,86.73,0,18.1,16.8,7.6,0,Two year,DSL,West,None,Desktop,0
C001980,19,48,62.22,0,28.9,25.5,9.3,1,Two year,DSL,South,Premium,Mobile,0
C001981,51,45,55.67,1,30.3,25.8,7.4,0,One year,Fiber,East,Basic,Desktop,0
C001982,46,4,97.62,1,8.6,39.9,6.2,2,Two year,Fiber,South,Basic,Desktop,0
C001983,41,55,74.89,3,13.1,25.0,6.2,1,One year,Fiber,West,None,Mobile,0
C001984,37,46,67.91,0,22.3,15.9,6.1,0,One year,DSL,West,None,Desktop,0
C001985,30,58,74.87,1,19.5,51.6,6.1,0,One year,Fiber,South,Premium,Desktop,0
C001986,51,60,80.44,2,20.9,36.9,8.5,0,One year,DSL,North,None,Mobile,0
C001987,27,16,70.58,2,0.0,41.8,10.0,1,Month-to-month,DSL,South,Premium,Mobile,1
C001988,49,16,102.09,2,2.3,38.3,6.4,1,One year,None,West,Basic,Mobile,1
C001989,69,67,103.48,1,28.5,42.3,5.5,0,Month-to-month,Fiber,North,Basic,Mobile,0
C001990,61,39,85.3,3,21.4,36.2,4.8,0,Two year,Fiber,North,None,Desktop,0
C001991,22,32,106.37,2,18.5,36.6,10.0,0,One year,DSL,North,Premium,Tablet,0
C001992,35,21,72.21,1,7.3,32.5,8.8,0,Month-to-month,None,North,None,Mobile,0
C001993,47,47,89.26,2,13.1,25.7,5.9,0,Two year,Fiber,South,Basic,Desktop,0
C001994,41,55,97.11,2,20.0,41.6,7.4,0,Two year,Fiber,East,None,Desktop,0
C001995,24,1,97.48,0,6.3,27.8,,0,One year,DSL,East,None,Mobile,0
C001996,47,40,94.9,1,11.1,32.4,7.0,0,Month-to-month,Fiber,West,None,Mobile,0
C001997,42,72,87.78,2,18.6,35.4,8.7,0,Two year,DSL,North,None,Desktop,0
C001998,67,21,120.93,0,20.1,36.5,6.8,0,Two year,Fiber,West,Basic,Mobile,0
C001999,39,21,58.51,0,12.3,18.8,6.6,0,Month-to-month,Fiber,North,None,Mobile,0
C002000,57,64,68.12,2,22.9,33.4,2.3,0,Month-to-month,DSL,West,Premium,Mobile,0
C002001,26,5,66.64,1,22.6,18.8,6.4,1,Two year,Fiber,South,None,Mobile,0
C002002,29,29,62.8,2,3.5,33.1,6.1,0,Two year,DSL,South,None,Desktop,0
C002003,51,33,22.28,0,27.5,40.4,8.0,0,Two year,DSL,West,Premium,Mobile,0
C002004,56,58,106.37,1,24.2,52.6,7.5,1,One year,Fiber,West,None,Mobile,0
C002005,30,10,46.35,3,17.4,37.9,7.5,0,Month-to-month,None,North,Premium,Mobile,0
C002006,42,32,76.25,1,15.0,41.4,8.8,1,One year,Fiber,North,Basic,Mobile,0
C002007,24,11,36.45,2,21.5,17.9,2.9,0,Month-to-month,Fiber,East,Basic,Mobile,1
C002008,40,57,87.52,1,19.7,37.5,7.0,0,One year,Fiber,South,Basic,Desktop,0
C002009,53,46,52.37,0,14.1,17.6,5.0,0,Month-to-month,DSL,South,None,Tablet,0
C002010,36,36,43.6,0,27.2,45.4,4.8,0,Two year,DSL,North,None,Tablet,0
C002011,39,29,76.86,0,1.3,18.2,6.6,0,One year,DSL,North,Premium,Desktop,0
C002012,27,12,54.48,1,11.3,19.3,7.1,0,Month-to-month,DSL,West,Basic,Desktop,0
C002013,34,67,57.65,2,19.1,40.1,8.0,0,Month-to-month,DSL,West,Premium,Mobile,0
C002014,65,47,76.29,0,15.6,51.2,7.9,0,One year,Fiber,North,None,Mobile,0
C002015,43,23,92.0,0,20.9,43.7,5.6,0,Two year,Fiber,West,Basic,Mobile,0
C002016,29,30,51.54,0,6.2,26.8,6.7,1,Two year,DSL,North,Basic,Mobile,0
C002017,38,53,47.22,0,14.2,19.1,9.7,3,Two year,DSL,North,None,Mobile,0
C002018,21,52,72.59,1,24.1,25.9,10.0,0,Month-to-month,Fiber,East,Premium,Mobile,0
C002019,29,34,85.48,0,5.5,32.5,6.5,0,One year,DSL,South,None,Tablet,0
C002020,60,22,108.57,2,14.3,30.1,7.3,0,One year,DSL,South,Basic,Tablet,0
C002021,40,48,45.22,3,12.3,18.7,5.5,0,Month-to-month,DSL,South,Premium,Mobile,0
C002022,67,48,64.05,2,18.5,46.4,8.9,1,Month-to-month,Fiber,South,Basic,Tablet,0
C002023,41,44,101.39,3,18.8,46.7,10.0,1,One year,DSL,South,Basic,Desktop,0
C002024,42,6,121.33,5,16.7,53.6,6.1,0,Two year,Fiber,North,None,Desktop,0
C002025,50,35,47.17,1,14.0,11.1,9.2,0,Month-to-month,DSL,North,None,Mobile,0
C002026,18,45,53.53,3,16.4,21.3,8.4,1,One year,None,North,Premium,Tablet,0
C002027,45,69,81.53,1,14.8,34.0,6.8,1,Month-to-month,Fiber,North,Basic,Mobile,0
C002028,41,38,57.56,1,15.8,31.1,5.8,0,Month-to-month,Fiber,North,None,Mobile,0
C002029,61,25,53.02,4,26.2,25.6,10.0,0,Month-to-month,Fiber,South,Premium,Desktop,0
C002030,55,41,78.11,2,7.6,20.7,8.5,0,One year,Fiber,West,Premium,Mobile,0
C002031,27,13,110.74,1,18.4,19.0,8.8,1,Month-to-month,Fiber,East,Basic,Mobile,0
C002032,58,7,39.26,2,9.4,55.3,6.7,0,One year,Fiber,East,Premium,Mobile,0
C002033,39,49,109.46,3,29.7,13.9,7.2,0,Month-to-month,Fiber,South,None,Tablet,0
C002034,30,72,57.63,0,16.6,12.3,4.9,1,Month-to-month,Fiber,North,Basic,Mobile,0
C002035,45,61,80.64,3,7.1,16.7,8.5,0,One year,DSL,North,Basic,Mobile,0
C002036,39,43,111.77,0,14.4,33.3,6.4,0,Month-to-month,Fiber,East,Basic,Mobile,0
C002037,62,3,80.13,0,5.8,27.7,5.3,0,Month-to-month,None,East,None,Desktop,0
C002038,46,72,64.56,2,11.6,36.0,5.6,0,One year,Fiber,West,Premium,Mobile,0
C002039,45,33,89.95,2,20.3,22.5,10.0,1,Month-to-month,Fiber,West,Basic,Mobile,0
C002040,54,21,67.67,0,25.5,32.1,6.6,2,Month-to-month,Fiber,West,Basic,Mobile,0
C002041,56,65,85.03,2,23.6,32.0,7.8,1,One year,DSL,South,Basic,Desktop,0
C002042,52,54,66.88,0,15.3,49.9,,0,One year,None,East,Basic,Desktop,0
C002043,60,54,93.53,1,20.0,52.3,6.8,0,Two year,Fiber,West,Basic,Mobile,0
C002044,50,20,37.14,2,21.7,29.2,4.6,0,Month-to-month,Fiber,North,Premium,Desktop,0
C002045,44,72,46.66,3,31.7,41.3,7.8,2,One year,Fiber,North,None,Desktop,0
C002046,58,33,36.78,2,11.8,32.9,5.5,0,Month-to-month,Fiber,North,None,Tablet,0
C002047,41,39,70.59,2,26.6,40.2,8.5,0,Month-to-month,Fiber,South,,Desktop,0
C002048,42,55,33.76,0,8.4,35.6,3.9,1,One year,DSL,North,Basic,Tablet,0
C002049,64,48,54.7,0,24.3,39.8,6.0,0,Two year,Fiber,North,Basic,Mobile,0
C002050,63,13,44.31,2,11.7,41.2,9.2,1,Month-to-month,None,East,Basic,Tablet,0
C002051,42,22,108.99,0,11.2,36.1,9.9,0,Month-to-month,DSL,East,,Desktop,0
C002052,36,27,47.23,2,14.0,32.6,7.1,0,One year,Fiber,South,None,Mobile,0
C002053,61,69,39.84,2,10.6,43.5,6.4,0,One year,DSL,West,None,Desktop,0
C002054,52,52,78.21,1,19.0,29.4,7.3,1,Two year,Fiber,East,None,Tablet,0
C002055,46,27,114.17,3,24.6,24.1,10.0,0,Month-to-month,DSL,East,Basic,Desktop,1
C002056,38,53,69.1,4,1.2,12.3,6.6,0,One year,None,North,None,Desktop,0
C002057,46,54,71.03,1,14.8,36.1,7.1,1,Month-to-month,DSL,South,Premium,Desktop,1
C002058,42,29,104.27,1,8.4,39.3,5.2,1,One year,Fiber,West,None,Mobile,0
C002059,33,30,93.96,2,22.3,10.3,5.9,1,One year,None,East,Basic,Tablet,0
C002060,44,65,82.64,4,25.9,23.6,7.9,3,One year,DSL,West,Basic,Mobile,0
C002061,45,41,57.44,1,14.8,40.0,8.7,0,Month-to-month,DSL,West,Premium,Tablet,0
C002062,37,11,83.4,1,11.1,29.3,7.6,1,Month-to-month,Fiber,West,Basic,Mobile,0
C002063,54,52,37.98,2,4.7,31.7,8.6,0,Month-to-month,DSL,South,None,Tablet,0
C002064,59,43,56.41,1,29.6,42.0,5.3,0,Month-to-month,Fiber,North,None,Mobile,0
C002065,55,37,107.79,2,25.2,29.7,5.1,0,Month-to-month,DSL,West,None,Tablet,0
C002066,38,53,104.55,5,2.2,35.6,8.5,0,Month-to-month,Fiber,West,None,Desktop,1
C002067,52,66,82.94,0,20.6,18.0,6.2,0,Month-to-month,DSL,South,None,Tablet,0
C002068,43,24,23.77,0,8.2,35.2,5.0,0,Month-to-month,None,North,None,Mobile,0
C002069,26,31,41.79,1,12.4,14.9,7.5,1,Month-to-month,DSL,South,None,Desktop,0
C002070,51,14,55.01,2,7.3,15.4,7.3,0,Month-to-month,None,South,Premium,Desktop,0
C002071,44,47,67.71,1,2.0,25.0,6.8,0,Month-to-month,Fiber,West,None,Desktop,0
C002072,76,29,40.74,1,15.7,37.6,10.0,0,One year,Fiber,South,Basic,Tablet,0
C002073,61,25,65.84,0,29.3,31.6,10.0,0,Two year,Fiber,West,Premium,Mobile,0
C002074,51,51,116.18,0,9.5,21.5,8.8,0,Month-to-month,None,East,Basic,Desktop,1
C002075,45,30,82.02,1,22.2,41.5,7.9,0,Month-to-month,Fiber,North,Basic,Desktop,0
C002076,44,34,77.47,3,23.3,34.8,9.6,1,Month-to-month,Fiber,North,None,Mobile,0
C002077,29,32,46.56,1,21.1,43.5,7.4,0,Month-to-month,Fiber,South,Premium,Mobile,0
C002078,19,19,31.03,3,30.0,20.3,6.8,1,Month-to-month,None,South,Basic,Mobile,0
C002079,31,10,41.3,2,22.7,48.2,6.0,0,Month-to-month,Fiber,West,Basic,Desktop,0
C002080,41,60,30.02,3,28.6,50.0,5.7,0,Month-to-month,Fiber,East,Basic,Desktop,0
C002081,18,7,73.88,1,8.0,41.9,8.8,0,Month-to-month,None,South,Basic,Mobile,0
C002082,35,24,81.6,2,21.2,36.9,4.4,0,Month-to-month,Fiber,South,Basic,Mobile,0
C002083,39,49,47.87,1,26.6,37.0,6.0,0,Month-to-month,DSL,North,Premium,Mobile,0
C002084,39,10,75.7,0,10.6,35.0,6.5,0,Month-to-month,DSL,North,Basic,Desktop,0
C002085,33,48,108.72,0,0.0,14.5,4.6,0,Month-to-month,Fiber,East,Basic,Desktop,0
C002086,38,53,120.94,2,7.1,,6.4,0,Month-to-month,Fiber,North,Premium,Desktop,0
C002087,64,48,91.26,1,10.9,29.8,7.3,0,Month-to-month,DSL,North,None,Mobile,0
C002088,51,22,67.63,2,19.9,18.6,8.9,1,One year,DSL,North,Premium,Desktop,0
C002089,35,2,90.45,0,12.0,48.2,6.2,0,Month-to-month,DSL,North,Premium,Desktop,0
C002090,41,64,105.8,2,16.0,37.0,7.3,1,Month-to-month,Fiber,West,Premium,Mobile,0
C002091,42,24,21.82,2,11.8,52.4,4.4,0,Month-to-month,DSL,North,None,Mobile,1
C002092,32,58,109.05,0,15.1,40.5,4.9,0,One year,Fiber,East,Basic,Desktop,0
C002093,32,15,58.39,3,15.5,14.2,3.7,0,Two year,DSL,West,None,Tablet,0
C002094,55,12,58.63,0,11.6,46.7,8.9,0,Month-to-month,DSL,North,Basic,Desktop,0
C002095,37,57,63.13,1,21.7,25.6,6.5,1,One year,None,East,Premium,Mobile,0
C002096,28,68,80.0,1,25.7,,7.5,0,Month-to-month,Fiber,North,None,Mobile,0
C002097,41,62,44.22,1,8.0,49.1,8.0,0,Month-to-month,Fiber,South,Premium,Desktop,0
C002098,44,55,64.88,2,17.5,47.2,,1,Month-to-month,DSL,West,Basic,Mobile,0
C002099,18,18,85.13,0,6.0,43.9,10.0,0,Month-to-month,DSL,South,Premium,Mobile,0
C002100,41,66,77.46,2,3.7,36.2,7.0,0,Month-to-month,Fiber,East,Premium,Mobile,0
C002101,53,49,81.52,2,23.3,30.9,5.8,0,Month-to-month,Fiber,South,Premium,Desktop,0
C002102,48,13,63.9,2,30.1,53.6,8.4,0,Two year,Fiber,South,Basic,Mobile,0
C002103,71,10,89.34,1,13.7,34.3,10.0,0,Month-to-month,Fiber,North,Basic,Desktop,0
C002104,58,63,98.41,0,28.8,26.4,6.1,1,One year,Fiber,South,Basic,Desktop,0
C002105,61,20,96.91,4,11.5,36.3,5.7,0,Month-to-month,None,South,Basic,Desktop,0
C002106,78,56,82.69,2,14.4,44.8,2.5,0,One year,Fiber,East,Premium,Desktop,0
C002107,52,10,95.47,3,27.7,44.3,3.4,0,One year,DSL,South,Basic,Desktop,0
C002108,44,21,93.78,1,9.6,18.0,,0,Month-to-month,DSL,North,Basic,Mobile,0
C002109,55,21,138.91,1,22.4,44.0,6.8,0,Month-to-month,DSL,East,Premium,Desktop,0
C002110,35,21,102.45,1,13.6,39.3,5.1,0,Month-to-month,DSL,South,Basic,Mobile,0
C002111,43,49,69.78,4,11.0,26.9,7.1,0,Two year,DSL,South,Basic,Desktop,0
C002112,34,66,49.21,0,12.4,21.1,10.0,0,Month-to-month,Fiber,South,Basic,Mobile,0
C002113,47,66,65.47,1,0.8,48.2,7.1,0,Month-to-month,DSL,West,Premium,Desktop,0
C002114,34,54,63.71,2,24.8,49.3,10.0,0,Month-to-month,Fiber,West,None,Desktop,0
C002115,33,15,84.79,1,17.6,49.8,5.4,0,One year,None,South,Basic,Desktop,0
C002116,47,70,54.49,2,15.0,15.3,9.7,0,Month-to-month,DSL,West,Premium,Mobile,0
C002117,40,40,101.8,2,11.1,28.5,6.1,0,Month-to-month,Fiber,North,Basic,Desktop,0
C002118,18,40,37.26,2,18.2,31.7,5.7,0,Month-to-month,Fiber,North,Premium,Desktop,0
C002119,23,51,31.19,1,22.2,49.0,5.4,1,Month-to-month,None,East,Basic,Desktop,0
C002120,27,56,68.62,2,14.1,40.7,6.5,0,Two year,None,East,None,Mobile,0
C002121,31,69,50.94,2,22.7,28.3,8.9,1,One year,None,South,Basic,Mobile,0
C002122,47,42,40.54,4,17.9,32.9,6.2,0,Two year,DSL,North,Premium,Desktop,0
C002123,45,44,56.07,0,15.3,39.6,,0,One year,None,North,Basic,Mobile,0
C002124,56,54,52.96,1,22.4,40.0,5.8,0,One year,Fiber,North,Basic,Desktop,0
C002125,52,19,72.25,2,12.4,51.2,7.0,0,Two year,Fiber,West,None,Mobile,0
C002126,56,23,56.49,0,7.2,48.5,6.1,0,Month-to-month,Fiber,South,None,Desktop,0
C002127,50,46,58.52,1,15.6,46.0,10.0,0,One year,DSL,East,Basic,Desktop,0
C002128,45,5,71.88,1,16.2,21.8,8.0,1,Month-to-month,None,North,Basic,Tablet,0
C002129,56,24,97.36,0,14.4,22.6,7.6,1,Month-to-month,DSL,West,None,Mobile,1
C002130,54,52,108.77,0,24.3,19.1,6.6,0,Month-to-month,Fiber,East,None,Mobile,0
C002131,47,71,75.69,3,19.5,36.1,6.1,0,Month-to-month,Fiber,West,Basic,Mobile,0
C002132,59,38,77.64,1,15.2,25.4,5.3,2,Month-to-month,Fiber,East,Basic,Desktop,0
C002133,18,29,67.42,0,16.0,38.1,9.5,0,Month-to-month,Fiber,South,Premium,Tablet,0
C002134,38,32,84.03,1,16.6,39.9,4.2,0,One year,Fiber,North,Basic,Desktop,0
C002135,38,50,81.76,1,19.7,34.0,6.4,0,One year,DSL,West,None,Desktop,0
C002136,57,40,105.15,1,16.4,41.9,8.7,0,Month-to-month,Fiber,West,None,Mobile,0
C002137,62,2,24.78,0,14.9,23.6,4.1,0,Two year,DSL,North,None,Mobile,0
C002138,23,39,66.14,1,6.7,13.6,7.4,0,One year,Fiber,North,Basic,Mobile,0
C002139,60,29,80.48,2,11.0,22.9,5.5,0,Month-to-month,DSL,North,Basic,Mobile,0
C002140,27,51,71.34,3,17.9,41.4,7.1,1,Month-to-month,Fiber,West,None,Desktop,0
C002141,27,64,48.52,4,17.3,53.4,6.8,0,Two year,Fiber,North,None,Mobile,0
C002142,39,70,39.52,1,5.6,49.1,3.0,0,Month-to-month,Fiber,South,None,Desktop,0
C002143,38,44,92.16,1,12.1,29.0,8.2,0,Month-to-month,Fiber,North,Premium,Mobile,0
C002144,22,27,53.08,3,9.5,42.9,5.3,1,Month-to-month,DSL,East,Basic,Tablet,0
C002145,50,32,28.13,0,25.6,14.8,6.1,0,Month-to-month,DSL,West,Basic,Desktop,0
C002146,51,13,93.41,0,17.8,50.0,7.2,0,One year,Fiber,East,None,Tablet,0
C002147,56,68,83.47,2,19.0,37.8,7.8,0,One year,DSL,North,None,Mobile,0
C002148,36,62,69.1,1,15.5,41.0,7.9,0,Month-to-month,None,West,None,Mobile,0
C002149,41,62,49.14,3,11.6,8.5,8.5,1,Month-to-month,None,North,Basic,Mobile,0
C002150,42,24,69.16,0,12.9,37.1,2.7,0,Two year,DSL,East,Premium,Desktop,0
C002151,64,24,102.39,1,19.4,53.7,8.0,1,One year,Fiber,North,None,Desktop,0
C002152,18,62,31.63,3,14.2,35.1,7.1,0,One year,DSL,North,None,Tablet,0
C002153,30,40,32.9,0,19.5,30.5,6.1,0,Month-to-month,DSL,West,Premium,Mobile,0
C002154,42,51,56.31,2,17.0,28.5,7.6,3,Two year,DSL,South,None,Mobile,0
C002155,28,36,71.33,1,18.1,22.9,8.8,1,One year,Fiber,West,Basic,Mobile,0
C002156,39,32,59.59,1,18.4,32.7,5.5,0,Month-to-month,DSL,North,Premium,Mobile,0
C002157,40,46,88.07,2,12.3,17.0,9.6,0,Two year,DSL,North,None,Desktop,0
C002158,33,59,99.22,2,13.8,37.0,9.2,0,Month-to-month,Fiber,West,None,Mobile,0
C002159,43,25,78.97,0,22.4,44.9,7.8,0,Month-to-month,DSL,North,Basic,Mobile,0
C002160,50,59,86.01,2,28.8,26.4,4.9,0,Month-to-month,DSL,West,None,Mobile,0
C002161,39,18,78.8,4,22.4,36.2,10.0,3,One year,None,North,Basic,Mobile,0
C002162,36,30,72.24,0,0.0,30.8,7.6,0,Month-to-month,Fiber,South,Premium,Desktop,0
C002163,40,66,39.66,4,10.7,36.3,7.4,2,Month-to-month,Fiber,East,Premium,Tablet,0
C002164,42,69,46.3,1,16.8,42.5,7.3,0,Month-to-month,Fiber,West,None,Mobile,0
C002165,19,67,38.23,3,8.3,36.6,8.1,0,Two year,Fiber,South,Basic,Tablet,0
C002166,48,23,68.29,1,8.0,41.9,8.8,1,Month-to-month,Fiber,South,Basic,Mobile,0
C002167,36,61,77.81,1,13.1,37.9,7.1,0,Month-to-month,DSL,West,Premium,Tablet,0
C002168,58,68,35.77,1,18.4,42.0,4.9,0,One year,Fiber,South,Basic,Desktop,0
C002169,50,71,73.81,1,20.3,35.4,,0,Month-to-month,Fiber,West,Basic,Mobile,0
C002170,57,2,50.12,1,13.4,35.6,5.6,1,Month-to-month,Fiber,North,None,Mobile,1
C002171,29,54,45.27,1,12.9,39.9,5.3,0,Two year,Fiber,South,Basic,Mobile,0
C002172,37,72,56.37,1,10.1,30.7,7.0,0,Month-to-month,None,North,Premium,Desktop,0
C002173,26,56,43.99,0,19.5,37.0,6.3,0,Month-to-month,DSL,South,Premium,Tablet,0
C002174,33,17,87.17,2,19.1,20.9,7.8,1,Month-to-month,Fiber,North,Premium,Mobile,0
C002175,58,55,67.8,1,22.3,9.8,8.1,0,One year,DSL,North,Premium,Mobile,0
C002176,61,8,92.38,0,16.9,32.7,6.3,1,Month-to-month,Fiber,West,None,Mobile,0
C002177,27,35,60.91,4,6.8,22.0,,1,One year,Fiber,South,Basic,Tablet,0
C002178,36,46,61.86,0,13.6,54.8,6.2,0,Month-to-month,DSL,South,None,Mobile,0
C002179,41,33,118.83,2,22.0,22.0,8.5,2,Month-to-month,DSL,East,Basic,Tablet,0
C002180,50,51,31.42,2,3.9,40.7,8.0,0,Two year,Fiber,East,Premium,Mobile,0
C002181,19,18,104.11,1,15.4,23.0,8.4,1,Month-to-month,Fiber,South,Basic,Mobile,0
C002182,21,44,113.36,1,18.0,31.3,6.6,0,Month-to-month,None,North,Basic,Mobile,0
C002183,48,47,91.15,4,30.0,18.1,7.6,1,Two year,None,East,Premium,Desktop,0
C002184,18,46,63.74,1,11.8,17.0,8.0,0,Month-to-month,None,South,Basic,Mobile,0
C002185,36,21,107.67,2,15.1,35.0,8.4,0,One year,Fiber,East,Basic,Desktop,0
C002186,44,22,63.96,3,27.8,26.8,8.3,2,One year,Fiber,East,Basic,Mobile,0
C002187,47,19,54.36,2,11.9,40.4,6.9,0,Month-to-month,Fiber,West,None,Mobile,0
C002188,40,34,62.29,3,23.5,46.5,5.0,0,Month-to-month,DSL,South,None,Mobile,0
C002189,37,43,57.75,1,18.7,12.4,8.0,1,Month-to-month,DSL,East,Basic,Mobile,0
C002190,53,27,48.33,2,14.5,44.1,7.9,2,One year,DSL,West,None,Desktop,0
C002191,46,30,99.75,5,19.2,19.5,5.1,0,Month-to-month,Fiber,North,Premium,Tablet,0
C002192,34,21,52.66,0,15.0,27.0,8.6,0,Month-to-month,DSL,East,Basic,Mobile,0
C002193,42,16,71.26,2,31.8,14.2,7.4,0,Month-to-month,None,West,None,Tablet,0
C002194,47,48,35.91,1,1.5,14.5,6.9,0,One year,Fiber,North,Premium,Mobile,0
C002195,64,59,72.77,3,14.0,7.7,7.5,0,Two year,None,East,Basic,Mobile,0
C002196,52,21,43.1,0,14.2,26.1,8.8,1,One year,Fiber,South,Premium,Tablet,0
C002197,58,62,42.49,2,15.1,31.7,9.9,0,One year,DSL,South,None,Desktop,0
C002198,34,42,69.27,3,23.6,26.5,7.0,1,Month-to-month,Fiber,North,Basic,Mobile,0
C002199,35,13,98.42,1,12.9,9.5,6.7,0,Month-to-month,DSL,North,Basic,Desktop,0
C002200,39,27,83.01,2,19.4,7.5,8.2,1,Month-to-month,DSL,South,Basic,Mobile,0
C002201,40,1,84.73,2,17.6,31.1,4.7,0,One year,Fiber,East,Basic,Mobile,0
C002202,29,3,68.75,3,21.9,40.5,8.7,0,One year,Fiber,South,None,Desktop,0
C002203,58,25,63.61,2,15.0,34.0,4.7,0,Month-to-month,Fiber,East,None,Desktop,0
C002204,53,33,91.78,1,18.3,53.4,4.6,2,One year,Fiber,South,None,Mobile,1
C002205,38,58,57.92,1,15.1,,9.9,2,One year,DSL,South,Premium,Desktop,0
C002206,50,10,92.86,1,9.1,34.8,3.4,0,One year,DSL,South,Basic,Mobile,0
C002207,45,61,102.9,1,27.2,30.7,9.5,0,Two year,None,South,Basic,Mobile,0
C002208,51,17,50.97,1,10.7,21.6,9.9,0,Month-to-month,Fiber,North,Basic,Mobile,0
C002209,25,10,54.64,1,12.7,29.0,7.7,0,One year,DSL,East,Premium,Desktop,0
C002210,40,51,58.36,2,10.0,41.1,8.2,0,Month-to-month,Fiber,West,Basic,Mobile,0
C002211,41,56,35.33,1,18.8,41.5,4.3,0,Month-to-month,Fiber,North,None,Desktop,0
C002212,50,44,60.26,0,12.7,35.3,6.2,0,Month-to-month,Fiber,North,None,Desktop,0
C002213,34,9,104.54,1,26.6,50.0,7.7,0,Month-to-month,DSL,East,None,Mobile,0
C002214,18,9,45.86,1,19.7,36.5,7.7,0,Month-to-month,DSL,East,,Desktop,0
C002215,28,29,105.13,2,14.1,34.9,7.9,0,Two year,Fiber,West,None,Mobile,0
C002216,41,33,61.16,1,9.6,49.0,7.7,0,Month-to-month,Fiber,North,Premium,Desktop,0
C002217,43,72,124.85,1,15.2,22.4,7.1,0,One year,Fiber,West,None,Desktop,0
C002218,64,21,54.95,1,19.6,48.1,4.9,0,One year,DSL,South,Basic,Mobile,0
C002219,50,14,68.4,1,15.7,19.3,7.7,0,Two year,Fiber,South,None,Desktop,0
C002220,43,69,49.25,2,15.0,27.8,5.1,0,Month-to-month,Fiber,South,Basic,Mobile,0
C002221,42,12,54.81,2,8.9,9.0,6.4,0,Month-to-month,Fiber,South,Basic,Desktop,0
C002222,56,2,105.45,1,31.7,34.0,9.6,1,One year,Fiber,South,Premium,Tablet,1
C002223,34,31,83.86,2,14.6,46.9,4.3,1,One year,DSL,West,Basic,Mobile,0
C002224,40,29,97.72,2,6.4,19.7,6.9,0,Month-to-month,Fiber,West,None,Desktop,0
C002225,28,45,39.11,0,8.5,27.6,8.7,0,Month-to-month,Fiber,East,Basic,Tablet,0
C002226,60,64,88.37,1,13.6,28.3,8.2,1,Month-to-month,DSL,West,Premium,Mobile,0
C002227,47,68,47.71,1,29.6,28.4,7.7,0,Two year,Fiber,South,Premium,Mobile,0
C002228,33,21,38.57,1,14.8,18.4,5.9,0,One year,Fiber,East,Premium,Mobile,1
C002229,41,71,77.97,1,13.4,31.5,9.5,0,Two year,DSL,South,Premium,Desktop,0
C002230,49,46,77.71,3,21.9,49.8,4.9,1,Month-to-month,Fiber,South,None,Mobile,0
C002231,39,6,73.33,1,22.4,25.0,8.3,0,Month-to-month,Fiber,North,None,Tablet,0
C002232,35,68,89.94,2,20.6,33.8,7.4,0,One year,Fiber,West,Basic,Mobile,1
C002233,33,10,93.84,1,17.4,33.7,,1,One year,Fiber,West,Basic,Desktop,0
C002234,46,43,108.74,2,8.3,26.3,6.4,0,Month-to-month,DSL,West,Premium,Tablet,0
C002235,37,57,42.24,4,10.7,34.3,10.0,0,Month-to-month,Fiber,North,Basic,Mobile,0
C002236,36,18,109.55,2,4.9,26.4,5.0,0,Month-to-month,Fiber,East,Premium,Desktop,1
C002237,25,20,119.06,1,14.4,36.0,3.9,0,One year,Fiber,South,Basic,Tablet,0
C002238,43,35,62.84,1,13.0,30.2,6.0,0,Month-to-month,Fiber,East,Basic,Mobile,0
C002239,40,64,30.29,1,12.3,14.1,7.8,0,Month-to-month,Fiber,South,Basic,Desktop,0
C002240,38,17,37.41,0,18.0,9.4,9.7,0,One year,Fiber,East,Premium,Tablet,0
C002241,45,48,60.45,2,11.4,5.3,7.1,1,One year,Fiber,West,None,Mobile,0
C002242,52,33,122.35,3,13.6,26.1,4.2,0,Month-to-month,DSL,South,Basic,Desktop,1
C002243,51,9,72.43,2,12.6,41.0,7.3,0,One year,None,North,Basic,Tablet,0
C002244,49,52,56.57,0,15.8,22.2,8.6,0,Month-to-month,Fiber,East,None,Tablet,0
C002245,39,60,54.86,0,18.6,28.0,7.7,0,Month-to-month,DSL,North,None,Desktop,0
C002246,35,42,38.93,5,6.6,23.2,8.0,1,Two year,DSL,South,Basic,Mobile,0
C002247,28,13,93.86,2,19.2,21.0,3.7,1,Month-to-month,Fiber,West,Basic,Mobile,1
C002248,34,12,69.7,0,17.8,57.4,4.7,0,Month-to-month,Fiber,East,Basic,Mobile,0
C002249,42,31,124.5,2,18.9,21.4,6.9,0,Month-to-month,DSL,North,None,Desktop,0
C002250,32,37,87.71,1,16.9,14.8,,0,Month-to-month,Fiber,West,None,Desktop,0
C002251,43,40,92.75,3,18.5,20.3,5.7,1,One year,Fiber,North,Basic,Desktop,0
C002252,29,18,65.95,2,13.1,31.9,7.5,1,Month-to-month,Fiber,South,None,Mobile,0
C002253,20,37,44.72,1,19.1,24.1,7.4,0,One year,Fiber,East,Basic,Desktop,0
C002254,53,22,50.16,2,24.0,34.4,5.2,0,One year,DSL,South,None,Mobile,0
C002255,36,50,37.77,2,12.5,22.2,5.8,0,Month-to-month,Fiber,North,Premium,Mobile,0
C002256,31,58,94.76,2,12.8,23.9,7.1,0,One year,DSL,North,None,Mobile,0
C002257,28,47,62.38,3,20.4,22.5,,1,Month-to-month,Fiber,East,None,Desktop,0
C002258,47,1,95.81,2,12.1,29.9,8.6,0,One year,Fiber,East,Basic,Tablet,0
C002259,60,72,75.4,0,11.0,39.6,6.3,0,One year,DSL,West,Premium,Tablet,0
C002260,37,2,64.68,2,19.0,40.8,8.7,1,Two year,None,East,Premium,Desktop,0
C002261,39,72,42.76,1,13.0,47.9,6.4,0,Month-to-month,Fiber,West,Basic,Tablet,0
C002262,56,3,79.54,3,24.6,15.2,7.1,1,Month-to-month,DSL,North,Basic,Desktop,0
C002263,18,38,66.53,2,12.7,18.5,8.5,0,Month-to-month,Fiber,West,Premium,Mobile,0
C002264,68,8,94.55,2,10.3,20.0,6.9,1,Month-to-month,Fiber,West,Basic,Tablet,0
C002265,74,7,54.11,1,16.0,31.0,6.3,1,Two year,None,West,Basic,Mobile,0
C002266,18,50,87.4,0,19.0,18.1,7.0,1,One year,None,West,Basic,Mobile,0
C002267,41,53,113.02,2,18.2,22.7,8.7,2,Month-to-month,Fiber,West,Basic,Mobile,0
C002268,33,9,78.81,1,19.8,39.2,7.7,0,One year,Fiber,West,Basic,Desktop,0
C002269,39,71,91.63,2,12.1,43.8,3.2,1,Month-to-month,Fiber,North,Basic,Desktop,0
C002270,37,24,86.3,1,23.9,39.3,5.8,0,Month-to-month,DSL,South,Basic,Desktop,0
C002271,53,23,119.45,2,4.4,34.8,5.8,1,Month-to-month,Fiber,East,Basic,Desktop,1
C002272,41,22,81.29,2,10.5,23.0,8.2,0,Two year,Fiber,South,Basic,Mobile,0
C002273,30,34,89.5,0,16.3,31.3,3.7,0,Month-to-month,Fiber,South,Basic,Mobile,0
C002274,40,13,71.09,1,11.1,44.7,7.6,2,Month-to-month,Fiber,South,Basic,Mobile,0
C002275,49,31,52.64,2,13.8,38.9,8.2,1,Two year,Fiber,South,Basic,Desktop,0
C002276,27,16,41.8,0,9.1,41.6,8.2,0,One year,Fiber,North,None,Mobile,0
C002277,21,4,103.67,1,14.5,42.4,6.9,0,One year,None,South,Basic,Tablet,0
C002278,68,27,46.79,2,19.2,27.1,4.2,0,Month-to-month,Fiber,North,Premium,Mobile,0
C002279,34,49,90.65,1,12.3,38.6,6.6,1,Month-to-month,Fiber,East,Basic,Mobile,0
C002280,40,55,82.4,1,9.8,26.4,9.8,1,Month-to-month,Fiber,North,None,Desktop,0
C002281,37,26,94.94,4,12.8,38.1,6.0,0,Two year,DSL,South,Basic,Mobile,0
C002282,49,24,59.13,0,23.7,45.7,10.0,0,Two year,Fiber,South,Premium,Desktop,0
C002283,65,57,52.23,0,23.7,49.6,8.6,0,One year,DSL,South,None,Tablet,0
C002284,50,50,81.46,1,12.7,38.1,6.8,0,Two year,DSL,East,None,Mobile,0
C002285,22,60,64.69,2,19.6,35.7,7.5,0,Month-to-month,Fiber,South,Basic,Tablet,0
C002286,24,66,41.22,1,15.9,47.7,7.8,0,Month-to-month,DSL,South,Basic,Mobile,0
C002287,37,60,120.46,1,25.0,20.6,6.1,1,One year,Fiber,West,Premium,Mobile,0
C002288,39,68,52.21,0,17.3,48.4,6.4,0,Two year,Fiber,West,None,Mobile,0
C002289,20,30,47.16,2,14.6,32.6,10.0,0,Two year,Fiber,East,Basic,Desktop,0
C002290,53,29,65.95,0,27.2,32.7,9.8,1,Month-to-month,Fiber,South,None,Mobile,0
C002291,28,24,103.32,1,9.5,25.6,6.4,0,Two year,DSL,North,Basic,Desktop,0
C002292,61,17,20.0,5,18.2,16.9,5.7,0,Month-to-month,DSL,East,Basic,Desktop,0
C002293,66,54,101.25,1,25.6,48.7,4.2,0,Month-to-month,Fiber,West,Premium,Mobile,0
C002294,39,52,49.21,2,20.7,35.8,10.0,1,Month-to-month,Fiber,North,None,Tablet,0
C002295,48,58,78.61,1,10.7,26.6,8.9,0,Month-to-month,DSL,North,None,Mobile,0
C002296,26,13,55.1,1,10.3,35.2,9.3,1,Month-to-month,Fiber,East,None,Tablet,0
C002297,50,36,121.8,1,6.1,27.0,6.1,0,One year,None,South,Basic,Mobile,0
C002298,36,16,75.12,4,26.4,10.5,6.0,0,Two year,Fiber,West,None,Mobile,0
C002299,28,65,54.3,1,8.1,28.9,5.4,0,Two year,Fiber,North,Basic,Mobile,0
C002300,38,20,64.47,2,21.0,14.1,1.4,0,Month-to-month,Fiber,South,None,Mobile,0
C002301,36,11,74.24,0,6.0,33.9,5.5,1,Month-to-month,Fiber,East,None,Tablet,0
C002302,38,42,76.44,1,33.9,50.0,7.7,1,Month-to-month,DSL,South,Premium,Mobile,0
C002303,54,64,82.97,2,6.5,23.3,7.5,1,Month-to-month,Fiber,West,Basic,Mobile,1
C002304,32,66,71.96,2,16.3,40.5,6.0,0,Month-to-month,Fiber,West,Premium,Mobile,0
C002305,65,7,37.57,0,24.5,23.3,,0,Month-to-month,DSL,North,None,Mobile,0
C002306,25,24,63.49,0,11.1,30.8,5.9,0,Month-to-month,DSL,West,None,Mobile,0
C002307,63,12,87.17,3,19.9,20.5,8.5,0,Month-to-month,Fiber,East,None,Desktop,0
C002308,29,23,55.25,0,14.0,38.4,8.5,0,One year,Fiber,West,Premium,Desktop,0
C002309,42,39,88.82,0,18.7,47.2,8.6,0,One year,Fiber,West,Basic,Mobile,0
C002310,36,21,72.79,0,23.6,33.3,7.2,0,One year,DSL,East,None,Tablet,0
C002311,38,5,66.56,2,13.0,37.4,5.6,0,Month-to-month,DSL,East,Basic,Mobile,0
C002312,52,37,101.85,1,26.5,37.4,5.0,1,Month-to-month,Fiber,East,None,Desktop,0
C002313,61,4,28.55,2,18.5,,3.2,0,Two year,DSL,West,Basic,Mobile,0
C002314,57,17,55.12,1,29.6,46.7,8.5,0,Two year,DSL,North,Premium,Desktop,0
C002315,37,1,102.81,0,10.2,24.8,4.1,0,Two year,None,East,None,Tablet,0
C002316,44,7,117.75,3,11.5,12.1,6.9,0,Two year,DSL,East,Basic,Desktop,0
C002317,32,32,129.15,1,14.4,19.9,7.5,0,One year,Fiber,South,None,Mobile,0
C002318,29,62,73.26,2,7.5,38.4,5.2,1,Two year,None,South,Basic,Desktop,0
C002319,27,56,83.45,0,22.5,26.4,6.9,0,Two year,DSL,North,Basic,Mobile,0
C002320,36,8,92.44,2,15.5,32.1,7.7,0,One year,Fiber,North,Basic,Mobile,0
C002321,45,3,103.88,1,8.0,28.1,6.6,1,Month-to-month,None,East,Premium,Desktop,0
C002322,18,25,79.83,2,10.2,33.2,7.9,3,Month-to-month,DSL,South,Basic,Desktop,0
C002323,41,47,95.15,0,9.9,44.1,6.3,0,One year,Fiber,North,None,Mobile,0
C002324,62,54,83.49,1,22.5,49.3,6.6,1,One year,Fiber,South,Basic,Mobile,0
C002325,57,60,85.06,2,19.2,19.4,5.5,0,Month-to-month,Fiber,East,Basic,Mobile,0
C002326,34,25,49.04,2,15.1,42.2,6.9,0,Month-to-month,Fiber,North,Premium,Desktop,0
C002327,24,13,63.77,0,13.4,33.4,7.1,1,Month-to-month,Fiber,East,None,Desktop,0
C002328,48,2,58.93,1,14.3,16.3,5.4,1,Two year,Fiber,North,Basic,Tablet,1
C002329,18,11,42.28,0,28.5,,7.9,1,Month-to-month,None,South,Basic,Desktop,0
C002330,56,5,30.71,0,14.4,53.2,2.7,1,Two year,DSL,South,None,Desktop,0
C002331,39,62,61.41,1,22.0,22.1,9.0,1,One year,DSL,East,Basic,Desktop,0
C002332,66,20,65.4,3,13.7,28.3,4.5,0,Month-to-month,DSL,East,None,Mobile,0
C002333,20,60,74.63,2,27.8,11.7,9.0,0,Month-to-month,Fiber,East,Premium,Desktop,0
C002334,54,40,85.89,4,7.5,29.6,8.2,0,One year,Fiber,North,None,Mobile,0
C002335,41,39,76.7,2,21.6,32.9,8.9,0,One year,Fiber,East,None,Desktop,0
C002336,38,33,65.58,3,10.7,54.7,5.1,0,Two year,DSL,West,None,Desktop,0
C002337,24,59,49.12,0,31.5,19.8,6.7,3,Two year,DSL,South,Basic,Desktop,0
C002338,50,4,93.93,0,20.9,42.6,7.6,0,One year,DSL,West,Basic,Mobile,0
C002339,51,7,69.45,0,4.1,34.6,7.9,0,One year,Fiber,West,None,Tablet,0
C002340,65,31,61.16,2,9.5,57.8,8.6,0,Month-to-month,Fiber,East,Basic,Desktop,0
C002341,55,29,67.34,3,20.8,33.1,8.3,1,One year,None,West,Premium,Mobile,0
C002342,34,40,53.68,1,20.6,30.4,8.0,0,One year,DSL,North,None,Tablet,0
C002343,29,54,58.73,1,20.1,41.2,8.0,0,Month-to-month,DSL,East,None,Desktop,0
C002344,24,43,57.94,2,17.1,36.9,8.3,0,One year,Fiber,North,None,Mobile,0
C002345,61,19,64.82,2,13.8,42.2,7.1,0,Month-to-month,Fiber,North,None,Mobile,0
C002346,32,24,88.39,1,23.6,37.7,9.2,1,One year,Fiber,North,None,Tablet,0
C002347,61,55,82.18,1,10.0,13.3,7.0,0,One year,None,South,Basic,Mobile,0
C002348,49,15,110.67,0,16.4,37.3,4.1,0,One year,Fiber,West,Premium,Desktop,0
C002349,46,37,102.29,4,11.7,37.0,9.3,0,Month-to-month,DSL,West,Basic,Mobile,0
C002350,38,39,120.91,0,11.1,22.1,7.9,1,Month-to-month,None,West,None,Desktop,0
C002351,51,55,85.98,1,12.8,34.5,6.8,1,One year,Fiber,West,Basic,Desktop,0
C002352,42,52,85.58,2,10.9,9.0,7.3,0,Month-to-month,DSL,North,Basic,Mobile,0
C002353,37,34,59.81,0,19.8,34.1,9.8,0,Two year,DSL,West,None,Desktop,0
C002354,51,23,92.65,0,5.7,39.2,7.3,2,Two year,Fiber,West,None,Mobile,0
C002355,40,27,55.6,1,19.0,42.5,9.8,2,Two year,None,East,Basic,Tablet,0
C002356,32,30,35.24,1,11.6,39.4,7.9,1,Month-to-month,DSL,East,Premium,Mobile,0
C002357,50,16,110.16,1,16.2,20.4,6.4,0,Two year,None,South,None,Mobile,0
C002358,41,46,40.77,1,14.8,13.4,4.7,0,Month-to-month,DSL,West,None,Desktop,0
C002359,48,16,82.97,0,12.5,42.3,7.3,0,One year,Fiber,North,Basic,Mobile,0
C002360,36,47,49.99,0,24.5,35.9,9.5,1,Two year,DSL,North,Basic,Mobile,0
C002361,26,55,100.17,0,13.4,36.9,6.1,0,Month-to-month,DSL,South,Basic,Tablet,0
C002362,65,70,103.57,2,20.9,51.2,7.8,0,One year,Fiber,East,Basic,Mobile,0
C002363,62,9,85.23,4,21.0,11.7,9.9,0,One year,Fiber,North,Premium,Desktop,0
C002364,53,55,103.16,6,14.1,52.6,3.9,0,Month-to-month,Fiber,West,Premium,Desktop,1
C002365,37,7,72.18,0,7.2,24.3,7.8,0,Month-to-month,DSL,West,Premium,Mobile,0
C002366,38,25,127.85,2,9.8,40.9,8.1,0,Month-to-month,Fiber,East,None,Desktop,0
C002367,60,13,90.65,0,25.0,30.8,7.7,0,One year,DSL,North,Basic,Tablet,0
C002368,37,12,49.49,2,19.4,26.9,4.0,0,One year,Fiber,West,Premium,Mobile,0
C002369,34,13,73.74,0,17.0,12.9,5.7,0,Two year,Fiber,East,Basic,Mobile,0
C002370,66,4,68.19,0,12.0,22.9,3.3,0,One year,Fiber,West,Basic,Mobile,0
C002371,41,60,65.74,3,28.1,36.6,4.7,0,One year,DSL,East,Premium,Desktop,0
C002372,65,5,30.57,1,9.9,35.3,8.6,1,Month-to-month,DSL,North,Basic,Mobile,0
C002373,24,29,81.67,4,17.0,42.4,6.5,0,Month-to-month,Fiber,South,Basic,Desktop,0
C002374,49,51,37.36,0,19.5,22.7,8.6,0,Month-to-month,DSL,West,None,Tablet,0
C002375,69,72,20.0,1,6.9,40.0,8.5,0,Month-to-month,DSL,West,None,Desktop,0
C002376,42,62,63.4,2,10.7,31.8,5.1,1,Two year,Fiber,North,None,Desktop,0
C002377,39,10,53.1,1,12.8,38.6,7.4,0,Month-to-month,Fiber,North,Basic,Mobile,1
C002378,27,72,50.46,2,22.0,37.2,4.2,0,One year,DSL,South,None,Mobile,0
C002379,56,48,20.0,1,12.9,25.3,7.6,0,Two year,Fiber,West,None,Desktop,0
C002380,32,13,50.73,4,5.9,34.0,7.9,1,Month-to-month,None,East,Basic,Desktop,0
C002381,41,33,67.66,0,5.3,36.5,6.7,0,Month-to-month,None,South,Premium,Mobile,0
C002382,26,67,56.15,0,10.6,40.4,4.1,1,Month-to-month,DSL,East,Basic,Desktop,0
C002383,62,29,81.68,3,5.6,49.1,4.4,0,One year,Fiber,North,Premium,Mobile,0
C002384,57,14,106.82,0,21.4,23.4,10.0,0,Month-to-month,Fiber,East,Basic,Desktop,0
C002385,42,64,84.91,2,21.7,17.0,8.2,0,Month-to-month,Fiber,South,Basic,Mobile,0
C002386,27,69,97.66,2,16.0,46.4,6.6,1,One year,DSL,West,None,Mobile,0
C002387,62,71,99.73,2,14.2,15.6,8.8,0,Month-to-month,Fiber,North,None,Desktop,0
C002388,37,69,46.53,1,21.2,43.4,9.7,0,Month-to-month,DSL,North,Basic,Desktop,0
C002389,28,63,82.98,1,20.9,20.1,9.3,0,Month-to-month,None,North,None,Tablet,0
C002390,19,33,96.88,2,9.1,23.4,6.8,0,Month-to-month,DSL,West,Basic,Mobile,0
C002391,34,14,61.1,1,10.1,30.1,6.5,0,One year,None,East,None,Desktop,0
C002392,23,45,52.23,0,20.9,13.6,8.5,1,Month-to-month,Fiber,West,Basic,Desktop,0
C002393,34,16,85.26,2,17.9,19.4,6.7,1,One year,DSL,North,None,Desktop,0
C002394,52,35,34.96,0,20.3,10.9,9.3,1,Month-to-month,Fiber,East,Basic,Mobile,0
C002395,37,48,44.8,1,9.7,39.0,7.3,1,Month-to-month,Fiber,West,Premium,Mobile,0
C002396,47,69,55.33,3,10.7,30.9,8.5,0,One year,DSL,South,Basic,Desktop,0
C002397,33,21,83.26,2,19.2,31.2,9.0,0,Month-to-month,Fiber,North,None,Mobile,0
C002398,43,19,77.47,1,11.2,30.3,4.8,0,Month-to-month,DSL,West,None,Desktop,0
C002399,67,53,97.81,0,5.4,30.8,7.4,0,One year,DSL,West,Basic,Tablet,0
C002400,37,1,48.95,0,11.3,25.2,9.2,0,Month-to-month,Fiber,West,Basic,Desktop,0
C002401,47,41,47.61,0,14.6,42.5,5.6,1,Two year,Fiber,West,Basic,Tablet,0
C002402,22,54,85.1,1,27.9,9.8,6.1,0,One year,Fiber,South,Basic,Desktop,0
C002403,62,40,52.03,0,10.1,13.7,9.3,0,Month-to-month,None,South,Basic,Mobile,0
C002404,36,28,56.91,0,15.6,47.3,9.9,3,Month-to-month,DSL,West,None,Desktop,0
C002405,56,60,25.58,0,30.3,34.2,1.0,0,Month-to-month,Fiber,East,None,Desktop,0
C002406,40,27,79.27,2,8.3,6.7,9.3,1,Month-to-month,DSL,West,Premium,Desktop,0
C002407,50,52,110.53,0,20.6,34.8,2.9,1,Month-to-month,Fiber,South,None,Desktop,0
C002408,51,34,46.27,1,11.0,11.9,7.0,0,Month-to-month,DSL,West,None,Desktop,0
C002409,36,2,97.54,0,18.8,46.6,4.6,0,One year,DSL,South,Premium,Desktop,0
C002410,56,39,70.52,1,32.3,42.0,6.1,0,One year,Fiber,South,None,Tablet,0
C002411,32,4,27.86,2,21.5,56.2,7.3,2,Month-to-month,DSL,West,Premium,Desktop,1
C002412,52,68,49.63,0,17.1,27.4,8.1,0,Month-to-month,Fiber,West,Basic,Mobile,0
C002413,37,44,48.09,0,9.3,16.4,9.7,0,Month-to-month,Fiber,West,Basic,Desktop,0
C002414,47,27,64.09,4,14.8,24.5,4.7,0,Month-to-month,DSL,West,Basic,Desktop,0
C002415,36,36,82.49,0,12.0,24.8,9.2,0,Month-to-month,Fiber,South,Basic,Mobile,1
C002416,43,45,118.22,1,5.8,35.6,6.6,0,Month-to-month,DSL,West,Basic,Desktop,1
C002417,28,19,36.22,2,1.1,9.0,6.6,0,Month-to-month,DSL,South,Premium,Desktop,0
C002418,45,21,59.88,0,10.2,30.9,10.0,0,One year,DSL,South,Basic,Mobile,0
C002419,43,31,49.6,2,15.8,18.8,8.6,0,One year,DSL,East,Premium,Mobile,0
C002420,35,19,40.3,0,23.8,24.8,4.1,0,Month-to-month,DSL,North,None,Desktop,0
C002421,41,55,74.39,3,10.8,47.6,7.0,0,One year,Fiber,North,Basic,Tablet,0
C002422,44,8,72.04,1,17.3,43.0,5.8,0,One year,Fiber,West,Basic,Desktop,0
C002423,34,60,26.65,1,4.1,39.8,6.3,1,Month-to-month,DSL,East,Premium,Mobile,0
C002424,40,26,72.45,0,10.4,38.6,6.9,0,Month-to-month,DSL,East,Basic,Desktop,0
C002425,29,41,41.87,2,0.0,27.8,7.9,1,One year,Fiber,North,Basic,Desktop,0
C002426,72,12,72.3,1,31.6,30.4,4.8,0,Month-to-month,Fiber,East,None,Mobile,0
C002427,56,28,103.74,3,17.4,12.1,6.7,1,Month-to-month,None,South,Basic,Mobile,0
C002428,46,55,83.58,1,17.2,16.2,6.4,0,Month-to-month,DSL,East,Basic,Desktop,0
C002429,57,20,76.44,2,19.7,32.5,7.8,0,Month-to-month,Fiber,North,Basic,Desktop,1
C002430,18,10,58.78,3,33.7,17.6,7.0,1,Two year,DSL,South,None,Tablet,0
C002431,18,38,73.67,1,13.0,39.3,8.8,0,Month-to-month,Fiber,South,Premium,Mobile,0
C002432,37,12,86.08,1,9.1,30.4,7.6,1,Month-to-month,Fiber,West,Basic,Tablet,0
C002433,24,23,83.6,1,30.0,27.4,8.2,1,One year,Fiber,South,None,Desktop,0
C002434,39,33,69.52,2,7.4,23.7,7.5,0,Month-to-month,DSL,North,None,Mobile,0
C002435,45,41,77.43,2,25.1,36.4,5.0,0,Two year,Fiber,East,Premium,Desktop,0
C002436,54,47,39.09,1,15.5,39.1,6.4,0,Two year,Fiber,South,Basic,Desktop,0
C002437,27,49,53.64,0,19.0,20.4,5.9,0,One year,None,South,None,Mobile,0
C002438,47,61,89.69,2,5.9,24.7,8.5,0,Month-to-month,DSL,South,None,Mobile,0
C002439,42,5,93.05,2,34.2,28.7,8.6,0,Two year,Fiber,West,None,Desktop,0
C002440,47,27,74.34,1,13.3,34.9,7.0,1,Month-to-month,None,East,Basic,Tablet,0
C002441,35,1,108.97,5,11.1,34.7,7.4,1,Month-to-month,Fiber,North,Basic,Desktop,1
C002442,60,1,84.7,0,19.8,29.8,4.3,0,One year,Fiber,West,Premium,Mobile,0
C002443,41,16,66.17,5,11.5,39.5,6.4,1,One year,DSL,South,Premium,Tablet,1
C002444,65,44,41.51,1,19.0,29.4,2.6,2,Month-to-month,Fiber,East,Premium,Tablet,0
C002445,32,65,107.97,3,7.2,14.2,8.6,0,One year,Fiber,West,None,Mobile,0
C002446,52,56,91.26,2,17.0,47.0,10.0,0,Two year,Fiber,North,Premium,Mobile,0
C002447,41,47,116.96,1,11.8,42.8,6.1,0,Two year,Fiber,North,None,Desktop,0
C002448,38,57,126.17,3,10.5,14.5,7.5,0,Month-to-month,Fiber,East,Basic,Mobile,0
C002449,50,13,39.83,2,9.4,33.1,7.9,0,Month-to-month,Fiber,West,Basic,Mobile,0
C002450,38,61,39.89,1,22.2,46.6,5.1,1,Two year,DSL,West,Basic,Tablet,0
C002451,18,65,20.0,1,13.5,27.3,6.9,0,Month-to-month,DSL,North,None,Mobile,0
C002452,18,7,94.96,2,14.7,40.3,7.9,1,Two year,Fiber,South,None,Desktop,0
C002453,59,34,88.41,2,19.0,44.3,7.4,1,Month-to-month,Fiber,South,None,Mobile,0
C002454,58,60,74.44,0,24.0,34.2,7.2,1,Month-to-month,DSL,West,None,Desktop,0
C002455,67,35,41.35,3,9.5,56.7,6.6,0,Month-to-month,DSL,West,Premium,Mobile,0
C002456,42,61,69.77,1,17.5,38.8,5.6,0,Month-to-month,Fiber,South,None,Tablet,0
C002457,25,68,76.62,4,9.6,32.2,8.3,1,Two year,Fiber,North,Basic,Tablet,0
C002458,37,35,91.57,1,14.5,29.0,10.0,0,Month-to-month,Fiber,East,Basic,Mobile,0
C002459,42,5,78.82,0,23.5,30.4,3.5,0,One year,Fiber,North,None,Tablet,0
C002460,29,25,88.6,4,0.0,,3.2,0,One year,DSL,South,Basic,Desktop,0
C002461,63,16,68.9,0,9.5,17.6,4.9,1,Month-to-month,Fiber,South,Basic,Mobile,0
C002462,71,35,101.54,0,14.4,20.2,6.3,0,Month-to-month,DSL,West,Premium,Mobile,0
C002463,48,43,87.79,1,18.7,29.3,6.6,0,One year,Fiber,South,Basic,Desktop,0
C002464,42,34,42.33,0,24.5,40.6,7.3,1,Month-to-month,Fiber,South,Premium,Mobile,0
C002465,25,15,106.73,0,4.1,34.9,7.2,0,One year,Fiber,East,None,Tablet,0
C002466,62,22,102.64,1,25.9,33.0,6.9,1,Month-to-month,DSL,North,Basic,Desktop,0
C002467,43,49,83.64,1,19.6,56.4,9.4,1,Month-to-month,DSL,South,Basic,Mobile,0
C002468,38,2,79.02,3,14.3,51.2,5.4,0,One year,Fiber,West,Basic,Tablet,0
C002469,48,16,113.47,1,5.7,20.0,8.7,0,Month-to-month,DSL,West,Premium,Mobile,0
C002470,34,65,31.17,2,12.0,39.5,10.0,0,Month-to-month,Fiber,North,None,Mobile,0
C002471,44,8,103.03,1,23.2,16.8,4.5,0,One year,Fiber,West,Basic,Mobile,0
C002472,23,30,60.09,3,16.2,34.2,3.6,1,One year,Fiber,West,Premium,Mobile,0
C002473,56,15,99.38,1,14.7,14.5,7.4,0,One year,DSL,West,Premium,Mobile,0
C002474,41,8,75.01,2,9.2,23.7,8.3,1,Month-to-month,Fiber,North,Premium,Mobile,0
C002475,57,31,40.93,3,21.1,38.5,7.2,0,One year,None,West,None,Mobile,0
C002476,39,38,59.59,0,15.0,25.5,3.3,1,Month-to-month,DSL,South,Basic,Desktop,0
C002477,40,13,97.54,0,14.3,18.1,4.1,1,One year,None,West,Basic,Desktop,1
C002478,26,6,66.74,1,15.3,22.7,6.2,1,Month-to-month,DSL,North,Premium,Mobile,0
C002479,52,10,56.46,0,11.5,19.7,7.8,0,One year,DSL,South,None,Desktop,0
C002480,31,47,56.3,2,10.3,35.9,6.5,0,Two year,Fiber,North,Premium,Tablet,0
C002481,36,62,88.06,1,5.4,45.4,7.5,0,One year,None,West,Premium,Mobile,0
C002482,42,13,115.77,4,11.7,28.6,,0,One year,Fiber,West,Basic,Tablet,1
C002483,44,24,20.0,1,3.4,43.4,8.8,0,Month-to-month,DSL,North,None,Desktop,0
C002484,20,25,142.02,2,19.4,24.1,,0,Month-to-month,DSL,West,Premium,Mobile,0
C002485,39,26,77.09,1,11.3,29.8,7.3,0,Month-to-month,Fiber,West,None,Desktop,0
C002486,52,18,86.51,3,13.3,52.4,9.7,1,Month-to-month,Fiber,East,Premium,Mobile,0
C002487,37,4,61.09,2,15.7,28.9,5.7,0,Month-to-month,Fiber,West,,Mobile,0
C002488,39,38,71.91,2,10.4,43.8,6.0,0,Month-to-month,Fiber,North,Premium,Mobile,0
C002489,44,26,76.81,1,7.8,22.4,7.3,1,Month-to-month,Fiber,East,Basic,Desktop,1
C002490,40,25,45.77,3,17.6,30.8,5.2,0,Two year,Fiber,West,Basic,Desktop,0
C002491,29,20,51.86,2,29.2,20.7,5.0,0,Month-to-month,Fiber,West,Basic,Mobile,0
C002492,42,67,101.61,2,22.4,31.8,6.5,1,Month-to-month,Fiber,West,None,Mobile,0
C002493,55,44,33.19,2,25.0,33.9,6.7,0,Two year,Fiber,West,None,Desktop,0
C002494,28,31,83.03,4,6.9,40.1,8.5,0,Month-to-month,DSL,West,None,Mobile,1
C002495,37,15,62.74,2,14.7,24.1,5.5,2,Month-to-month,Fiber,West,Basic,Mobile,0
C002496,24,58,47.98,0,14.6,29.0,7.2,0,One year,Fiber,South,None,Mobile,0
C002497,54,64,121.3,1,26.0,45.3,9.3,0,One year,DSL,East,Premium,Mobile,0
C002498,41,3,48.14,2,22.4,16.5,9.2,0,Two year,Fiber,South,Basic,Mobile,0
C002499,31,67,43.75,1,14.9,3.0,6.9,1,One year,Fiber,West,Premium,Tablet,0
C002500,43,51,67.33,1,0.0,23.2,7.4,0,Month-to-month,Fiber,North,Basic,Desktop,0
C002501,26,8,52.79,5,7.9,38.3,5.5,0,Month-to-month,Fiber,South,None,Desktop,1
C002502,29,55,72.16,1,20.4,32.0,7.6,0,Month-to-month,Fiber,West,None,Mobile,0
C002503,23,8,75.88,0,13.8,19.5,9.9,0,Month-to-month,Fiber,West,None,Desktop,0
C002504,28,4,77.87,1,15.2,31.9,9.4,0,Month-to-month,Fiber,South,,Desktop,0
C002505,60,9,68.9,3,20.3,26.6,7.1,0,One year,None,East,Basic,Mobile,0
C002506,32,34,54.45,1,23.9,12.2,7.7,0,One year,DSL,North,None,Desktop,0
C002507,48,45,88.09,2,10.5,26.9,5.8,2,Month-to-month,None,West,Basic,Desktop,0
C002508,31,30,69.21,2,20.1,39.9,5.4,0,Month-to-month,None,East,Basic,Desktop,0
C002509,52,9,59.61,0,27.3,27.7,6.4,0,Two year,Fiber,North,None,Mobile,0
C002510,29,15,109.0,1,26.0,12.8,7.6,0,One year,Fiber,North,Basic,Mobile,0
C002511,43,62,68.97,2,12.3,51.7,8.4,0,One year,Fiber,South,Premium,Mobile,0
C002512,43,70,99.3,1,18.1,19.1,7.0,0,One year,DSL,South,Basic,Desktop,0
C002513,72,55,102.67,1,21.3,35.5,7.9,1,Month-to-month,Fiber,South,Basic,Mobile,0
C002514,50,8,104.19,1,16.1,41.0,2.5,0,One year,Fiber,West,Premium,Desktop,0
C002515,34,60,89.28,4,14.3,36.1,7.4,1,Month-to-month,Fiber,East,None,Mobile,0
C002516,51,50,71.98,2,3.9,28.2,6.0,2,One year,Fiber,East,Basic,Desktop,0
C002517,70,38,70.4,3,9.9,9.2,4.8,0,Month-to-month,Fiber,East,Premium,Desktop,0
C002518,21,11,65.9,1,11.1,45.1,7.9,0,Two year,DSL,East,Basic,Tablet,0
C002519,31,72,20.0,2,7.2,17.0,9.7,0,One year,Fiber,North,Premium,Mobile,0
C002520,39,32,89.97,1,16.8,42.7,7.1,0,Month-to-month,DSL,North,Premium,Mobile,0
C002521,37,4,78.11,2,22.1,44.3,8.7,0,One year,None,South,Premium,Mobile,0
C002522,38,16,92.64,0,13.1,16.3,6.3,1,Month-to-month,DSL,East,None,Mobile,0
C002523,25,29,69.07,2,0.6,16.2,10.0,0,One year,DSL,West,None,Mobile,1
C002524,60,5,88.62,2,15.2,26.3,4.3,1,Month-to-month,DSL,West,None,Desktop,0
C002525,24,24,37.56,1,17.9,42.0,6.9,0,Month-to-month,None,East,None,Mobile,0
C002526,39,34,42.77,3,17.4,23.8,8.5,0,One year,Fiber,South,None,Mobile,0
C002527,56,69,20.0,2,11.0,32.1,7.0,0,Month-to-month,DSL,East,None,Mobile,0
C002528,42,7,68.64,3,7.6,25.0,9.6,0,Month-to-month,DSL,South,None,Tablet,0
C002529,29,42,52.69,0,22.2,40.4,3.4,0,Two year,Fiber,North,None,Mobile,0
C002530,24,66,49.42,0,18.5,23.4,6.9,0,Month-to-month,DSL,East,Basic,Tablet,0
C002531,39,59,80.37,0,11.2,22.4,6.7,0,Month-to-month,Fiber,South,Basic,Desktop,0
C002532,32,67,61.36,2,5.5,18.6,6.9,0,One year,Fiber,South,None,Desktop,0
C002533,45,13,36.17,0,17.6,18.2,4.3,1,Month-to-month,DSL,West,Basic,Mobile,0
C002534,24,58,135.62,1,9.7,43.8,6.6,2,Month-to-month,Fiber,West,Basic,Desktop,0
C002535,53,71,71.07,0,18.7,26.7,6.5,1,Month-to-month,Fiber,West,Premium,Mobile,0
C002536,44,24,44.92,1,17.1,19.6,7.5,0,Two year,DSL,East,Basic,Desktop,0
C002537,44,36,55.25,2,30.5,10.9,9.1,0,One year,None,West,None,Mobile,0
C002538,61,39,67.67,0,15.5,27.8,7.3,3,Two year,DSL,North,Basic,Mobile,0
C002539,36,36,67.62,1,30.0,21.1,7.9,0,Two year,Fiber,West,Basic,Mobile,0
C002540,33,21,104.55,2,16.6,18.9,9.4,0,Month-to-month,Fiber,North,Basic,Desktop,0
C002541,35,70,70.01,1,11.3,21.7,9.2,1,Month-to-month,DSL,South,None,Mobile,0
C002542,39,69,118.38,2,8.6,32.5,2.8,0,Month-to-month,DSL,East,Basic,Mobile,0
C002543,41,28,61.19,0,9.9,17.1,8.5,2,One year,Fiber,South,Basic,Mobile,0
C002544,31,58,82.66,3,19.0,27.3,8.5,0,One year,Fiber,North,Basic,Tablet,0
C002545,18,29,97.55,3,16.9,41.6,6.6,0,Month-to-month,Fiber,East,None,Tablet,1
C002546,35,58,101.88,3,3.1,24.4,6.3,0,One year,DSL,South,Basic,Tablet,0
C002547,47,43,104.8,2,23.1,18.2,5.1,0,Month-to-month,Fiber,North,None,Desktop,0
C002548,44,34,65.2,1,26.3,43.7,3.6,0,One year,Fiber,North,Basic,Mobile,0
C002549,58,10,71.86,1,3.1,29.9,8.6,0,Month-to-month,Fiber,West,Basic,Desktop,0
C002550,67,48,20.0,0,23.1,28.9,8.5,0,One year,DSL,East,Basic,Mobile,0
C002551,52,24,67.1,1,27.8,37.3,6.9,0,One year,DSL,East,Basic,Desktop,0
C002552,60,16,99.28,3,3.4,30.0,8.4,1,One year,DSL,West,None,Mobile,1
C002553,52,14,94.42,1,12.7,31.8,8.9,2,Month-to-month,Fiber,East,Premium,Tablet,0
C002554,64,71,69.84,2,10.1,12.1,3.9,0,Month-to-month,DSL,North,Premium,Mobile,0
C002555,66,8,114.48,1,22.8,20.9,7.5,0,Month-to-month,DSL,West,Basic,Desktop,0
C002556,54,58,62.4,1,13.1,53.3,6.7,0,Month-to-month,DSL,South,Basic,Desktop,0
C002557,51,63,54.1,1,12.8,18.5,7.9,0,Month-to-month,Fiber,East,Premium,Tablet,0
C002558,39,3,60.3,2,18.9,31.8,7.4,0,Two year,DSL,North,Basic,Mobile,0
C002559,41,43,43.94,0,26.9,51.9,8.5,0,Month-to-month,Fiber,North,None,Mobile,0
C002560,38,42,87.56,1,15.6,39.2,4.3,0,Month-to-month,DSL,South,Premium,Mobile,0
C002561,50,26,79.21,0,12.7,34.5,9.5,1,Month-to-month,DSL,North,Basic,Desktop,0
C002562,33,49,87.25,2,14.0,21.4,6.2,0,Month-to-month,Fiber,South,Basic,Mobile,0
C002563,40,30,61.64,1,20.6,23.5,6.9,0,One year,Fiber,West,Basic,Desktop,0
C002564,18,32,70.55,1,6.7,27.3,3.9,2,Two year,Fiber,South,Basic,Desktop,0
C002565,64,32,20.0,1,15.9,35.0,6.9,0,Month-to-month,Fiber,South,Basic,Mobile,0
C002566,39,58,81.41,1,9.4,46.3,7.1,1,One year,Fiber,North,Premium,Mobile,0
C002567,48,46,74.47,3,7.6,32.4,7.0,0,Month-to-month,DSL,North,Premium,Desktop,0
C002568,61,28,44.49,2,2.4,24.1,5.8,0,Month-to-month,None,West,Basic,Tablet,0
C002569,46,67,69.38,2,12.4,29.8,4.9,2,Two year,DSL,East,Premium,Tablet,0
C002570,61,58,65.55,2,23.6,37.2,8.3,0,Month-to-month,DSL,South,None,Desktop,0
C002571,26,68,116.11,0,2.1,35.0,4.0,1,Month-to-month,Fiber,East,Premium,Mobile,0
C002572,73,53,45.47,1,19.8,28.0,8.5,1,Two year,Fiber,West,Premium,Mobile,0
C002573,56,29,80.29,2,11.5,17.6,10.0,0,One year,None,East,Basic,Tablet,0
C002574,45,56,44.73,1,8.6,43.9,10.0,0,Month-to-month,Fiber,South,Premium,Desktop,0
C002575,61,24,58.05,1,18.4,27.9,5.1,0,Month-to-month,Fiber,East,None,Mobile,0
C002576,27,20,78.92,0,25.2,33.9,8.2,0,Two year,Fiber,North,None,Mobile,0
C002577,38,33,66.72,2,26.5,22.9,6.1,1,Month-to-month,None,South,Premium,Mobile,0
C002578,61,70,71.85,1,18.0,22.6,9.3,0,Month-to-month,Fiber,North,Premium,Desktop,0
C002579,18,41,80.32,2,15.5,37.0,7.8,0,Month-to-month,DSL,West,None,Desktop,0
C002580,49,28,59.66,1,18.7,15.8,6.6,0,Month-to-month,Fiber,West,Basic,Tablet,0
C002581,49,34,94.1,1,33.3,17.0,5.5,1,Month-to-month,Fiber,East,Basic,Mobile,0
C002582,68,21,64.36,2,14.0,49.1,6.4,0,One year,Fiber,East,Basic,Mobile,0
C002583,21,48,69.56,1,23.9,40.9,5.9,0,Month-to-month,DSL,South,None,Mobile,0
C002584,63,26,81.03,4,11.9,36.0,7.1,2,One year,Fiber,North,None,Desktop,0
C002585,35,40,77.68,3,10.2,18.1,7.1,0,Two year,None,West,None,Desktop,0
C002586,36,27,88.11,1,28.4,33.6,6.1,1,Month-to-month,Fiber,East,Premium,Mobile,1
C002587,26,24,79.92,1,16.0,30.1,5.9,1,One year,DSL,North,None,Desktop,0
C002588,28,70,83.73,2,17.6,25.7,8.2,0,Month-to-month,Fiber,West,None,Desktop,0
C002589,47,25,63.87,1,19.8,29.9,8.4,0,Month-to-month,Fiber,West,None,Mobile,0
C002590,28,6,45.28,1,9.8,13.8,5.6,0,Month-to-month,Fiber,West,Basic,Mobile,1
C002591,52,28,36.31,2,12.9,6.2,7.0,0,One year,None,South,Basic,Mobile,0
C002592,33,39,30.23,3,11.5,34.6,5.5,0,Two year,Fiber,North,Premium,Mobile,0
C002593,26,7,116.07,2,18.3,32.9,10.0,0,One year,None,North,Basic,Mobile,0
C002594,35,23,20.0,1,18.6,34.0,5.4,1,Month-to-month,None,West,Basic,Mobile,0
C002595,46,12,101.84,0,11.8,40.2,,0,One year,Fiber,South,Premium,Mobile,0
C002596,38,37,51.48,7,30.2,37.1,7.9,0,Month-to-month,None,West,None,Tablet,0
C002597,42,53,101.66,1,15.8,48.8,5.9,0,One year,Fiber,East,Basic,Desktop,0
C002598,51,70,20.0,0,16.7,45.2,5.6,0,Month-to-month,DSL,West,None,Mobile,0
C002599,56,29,66.12,0,25.4,31.7,6.6,0,Two year,Fiber,North,None,Desktop,0
C002600,38,63,108.35,6,9.9,32.9,5.5,0,Two year,Fiber,East,Premium,Desktop,0
C002601,28,16,89.83,1,12.4,33.7,7.4,0,One year,DSL,South,Premium,Mobile,0
C002602,43,57,63.57,2,18.0,12.6,5.6,0,Month-to-month,DSL,North,None,Mobile,0
C002603,48,41,23.43,4,5.7,42.0,7.4,0,Month-to-month,Fiber,South,Basic,Mobile,0
C002604,23,55,38.94,1,14.3,38.0,3.4,1,Month-to-month,Fiber,East,Basic,Tablet,0
C002605,30,55,106.73,1,30.4,11.1,5.6,0,Month-to-month,Fiber,North,Basic,Mobile,0
C002606,33,39,63.29,2,28.8,49.6,6.3,0,Month-to-month,DSL,North,Basic,Desktop,0
C002607,39,19,70.2,3,22.3,25.9,8.9,0,Month-to-month,None,North,Basic,Mobile,0
C002608,32,38,79.09,0,24.3,29.5,3.8,0,One year,DSL,West,None,Mobile,0
C002609,51,60,39.43,2,19.5,29.3,8.9,0,Month-to-month,Fiber,South,Basic,Desktop,0
C002610,21,70,82.18,3,13.0,28.9,8.3,1,One year,Fiber,North,Premium,Mobile,0
C002611,21,67,61.51,2,27.5,59.7,,0,One year,None,North,Premium,Mobile,0
C002612,38,14,79.34,1,9.4,27.9,8.1,0,Month-to-month,Fiber,North,Premium,Tablet,0
C002613,40,44,57.55,0,22.8,27.1,5.4,0,One year,Fiber,West,None,Desktop,0
C002614,23,8,32.67,0,12.4,31.2,8.1,0,Month-to-month,Fiber,South,Basic,Mobile,0
C002615,34,49,61.32,1,12.9,20.8,8.2,0,Month-to-month,DSL,North,None,Desktop,0
C002616,37,72,88.02,5,19.8,34.5,8.5,1,One year,DSL,West,Basic,Mobile,0
C002617,37,4,81.85,0,30.2,21.1,6.1,0,Month-to-month,Fiber,North,None,Mobile,0
C002618,44,48,72.77,1,26.0,37.0,8.3,0,Month-to-month,None,North,Premium,Desktop,0
C002619,33,69,94.45,2,18.4,18.5,9.9,1,Month-to-month,Fiber,South,Basic,Desktop,0
C002620,61,61,66.91,0,16.4,24.0,6.6,0,Month-to-month,Fiber,West,None,Desktop,0
C002621,48,29,73.41,3,21.5,18.9,6.8,0,Month-to-month,DSL,East,Basic,Desktop,1
C002622,32,8,60.01,2,25.6,24.6,8.4,0,One year,Fiber,East,Basic,Mobile,0
C002623,43,67,95.92,2,3.7,9.6,2.0,1,One year,Fiber,East,None,Desktop,0
C002624,44,67,79.29,1,15.1,3.0,5.3,0,Month-to-month,Fiber,East,Basic,Desktop,0
C002625,58,42,58.08,0,8.6,27.1,8.9,0,Month-to-month,Fiber,North,None,Mobile,0
C002626,34,71,34.77,2,14.5,12.6,7.4,0,Two year,DSL,North,None,Mobile,0
C002627,52,1,99.62,1,7.2,51.8,6.7,0,Two year,Fiber,North,Basic,Tablet,0
C002628,43,45,53.4,0,3.4,26.7,5.4,1,Month-to-month,Fiber,North,Premium,Desktop,0
C002629,61,3,73.8,1,6.8,39.5,7.1,0,Two year,DSL,North,None,Desktop,0
C002630,59,68,130.81,5,12.1,34.7,6.1,0,Two year,None,South,None,Desktop,0
C002631,45,49,92.04,2,20.1,18.2,4.0,0,Month-to-month,DSL,West,None,Tablet,0
C002632,39,66,112.28,1,10.3,26.0,9.4,2,Month-to-month,Fiber,South,Basic,Mobile,0
C002633,49,41,58.55,3,9.9,39.9,5.8,2,Month-to-month,Fiber,South,None,Mobile,0
C002634,40,6,98.77,0,18.8,39.1,6.6,0,Month-to-month,Fiber,South,Basic,Desktop,0
C002635,64,2,72.67,1,18.0,41.4,3.9,0,Month-to-month,Fiber,West,None,Desktop,0
C002636,43,25,81.15,3,27.9,23.1,6.1,1,One year,None,West,None,Tablet,0
C002637,37,54,122.52,1,22.5,38.0,8.9,0,Month-to-month,None,West,Premium,Tablet,0
C002638,36,11,65.03,2,8.8,23.7,8.8,0,One year,DSL,West,None,Mobile,0
C002639,26,62,72.48,2,11.3,43.1,7.1,2,Month-to-month,DSL,East,Premium,Mobile,0
C002640,49,18,49.42,1,21.2,42.8,6.0,0,Month-to-month,None,East,None,Mobile,0
C002641,31,36,94.21,1,9.8,14.5,7.1,1,Month-to-month,Fiber,South,Premium,Mobile,0
C002642,56,15,57.98,2,13.7,34.3,8.0,1,Month-to-month,Fiber,East,Basic,Mobile,0
C002643,25,34,97.57,0,4.0,17.9,4.4,0,One year,Fiber,West,Premium,Mobile,0
C002644,44,33,30.75,4,6.9,40.9,7.6,1,Month-to-month,None,East,Basic,Desktop,0
C002645,57,1,85.72,3,24.8,17.5,8.5,0,Two year,Fiber,North,Basic,Desktop,0
C002646,18,41,55.91,3,17.2,34.9,7.0,0,Two year,Fiber,South,None,Desktop,0
C002647,68,57,90.26,1,11.6,39.9,7.1,1,Month-to-month,DSL,North,None,Mobile,0
C002648,36,68,71.66,1,12.6,31.8,5.8,0,One year,DSL,West,Premium,Mobile,0
C002649,44,24,58.62,1,28.0,41.3,7.6,1,One year,None,South,Basic,Tablet,0
C002650,49,64,62.34,0,11.4,34.5,10.0,0,Month-to-month,Fiber,South,None,Mobile,0
C002651,51,64,50.74,2,19.3,49.8,9.6,1,Month-to-month,Fiber,South,Basic,Mobile,0
C002652,46,72,92.94,5,22.1,17.8,6.1,0,One year,Fiber,West,None,Mobile,0
C002653,55,27,45.78,0,26.1,26.4,6.4,0,Two year,None,West,Premium,Mobile,0
C002654,49,62,65.32,2,10.0,8.0,9.6,1,Month-to-month,Fiber,North,Basic,Desktop,0
C002655,65,41,80.63,0,6.2,27.4,8.2,0,Two year,Fiber,South,None,Mobile,0
C002656,49,5,112.34,2,8.3,16.8,8.1,0,One year,DSL,West,None,Desktop,0
C002657,68,20,71.77,2,21.1,14.4,3.8,0,Month-to-month,DSL,West,None,Mobile,0
C002658,54,49,65.94,4,29.9,12.3,8.7,0,Month-to-month,DSL,North,None,Desktop,0
C002659,19,12,78.84,0,21.4,25.3,6.6,0,Month-to-month,DSL,West,Basic,Mobile,0
C002660,76,32,20.16,5,11.4,34.0,7.5,0,One year,Fiber,West,Basic,Mobile,0
C002661,35,56,42.03,1,24.3,36.7,5.8,4,Month-to-month,Fiber,East,None,Desktop,1
C002662,61,11,62.62,5,12.7,43.0,10.0,1,Month-to-month,Fiber,East,Premium,Mobile,0
C002663,42,36,54.18,1,10.2,42.3,5.3,0,Month-to-month,Fiber,East,None,Desktop,0
C002664,56,16,31.98,4,13.7,17.5,10.0,0,Two year,Fiber,East,None,Mobile,0
C002665,33,39,93.44,1,11.9,22.1,7.2,0,Month-to-month,DSL,West,Basic,Desktop,0
C002666,50,18,78.49,1,11.1,33.3,6.8,2,Month-to-month,Fiber,South,Basic,Mobile,0
C002667,39,70,75.51,4,24.6,33.5,5.5,0,Month-to-month,None,West,None,Tablet,0
C002668,63,6,54.65,3,12.4,47.6,,0,One year,Fiber,North,None,Mobile,0
C002669,48,70,73.98,2,4.9,27.5,6.7,0,Month-to-month,Fiber,North,None,Mobile,0
C002670,54,58,84.86,0,20.1,40.2,7.3,1,One year,None,West,Basic,Tablet,0
C002671,18,62,65.38,1,9.3,29.3,8.1,0,Month-to-month,Fiber,North,Premium,Desktop,0
C002672,41,62,83.11,1,9.5,35.3,6.7,0,Two year,Fiber,North,Basic,Desktop,0
C002673,47,14,52.1,0,20.9,35.7,8.1,0,One year,None,West,Premium,Desktop,0
C002674,45,68,74.44,1,10.9,30.7,9.2,0,Two year,DSL,East,Premium,Mobile,0
C002675,54,43,100.56,1,12.8,19.3,9.0,2,Month-to-month,None,North,Basic,Mobile,0
C002676,37,70,102.8,1,16.3,34.3,8.2,0,Month-to-month,Fiber,North,None,Desktop,0
C002677,43,64,105.19,2,14.0,38.7,8.0,1,One year,Fiber,East,Basic,Tablet,0
C002678,57,42,79.14,0,13.0,32.3,5.2,0,One year,Fiber,North,None,Mobile,0
C002679,18,27,72.79,1,0.0,3.0,7.5,1,One year,DSL,West,None,Desktop,0
C002680,50,9,60.78,0,14.8,28.9,5.1,0,Month-to-month,Fiber,North,None,Tablet,0
C002681,38,8,26.81,0,27.3,39.1,8.9,2,One year,Fiber,North,None,Mobile,0
C002682,30,29,38.38,2,20.4,19.2,7.6,0,One year,DSL,North,None,Mobile,0
C002683,46,59,67.8,0,13.4,43.8,9.1,0,Two year,Fiber,North,Basic,Mobile,0
C002684,58,37,69.29,1,19.3,23.6,9.2,0,One year,None,West,,Mobile,0
C002685,56,35,107.31,2,20.4,27.2,7.9,2,Month-to-month,Fiber,West,None,Desktop,1
C002686,40,18,104.87,2,10.1,33.5,5.9,1,Month-to-month,DSL,North,Basic,Tablet,0
C002687,53,41,54.84,1,24.8,19.9,3.1,0,One year,DSL,East,Premium,Mobile,0
C002688,53,46,92.46,1,17.1,41.9,8.1,1,Month-to-month,DSL,West,Basic,Mobile,0
C002689,41,71,60.07,1,13.8,46.2,6.8,0,Two year,DSL,South,Basic,Tablet,0
C002690,33,53,89.07,1,27.1,17.8,8.5,1,Month-to-month,DSL,South,Basic,Mobile,0
C002691,34,44,92.15,2,1.5,28.8,8.4,0,One year,Fiber,South,None,Mobile,0
C002692,53,66,103.05,3,7.8,53.7,8.2,0,Two year,Fiber,South,None,Mobile,0
C002693,41,31,59.68,4,20.5,44.2,7.5,0,Month-to-month,Fiber,West,Premium,Desktop,0
C002694,28,68,97.36,3,20.7,11.6,4.1,1,Month-to-month,DSL,South,Premium,Mobile,0
C002695,20,27,25.18,2,27.5,45.0,9.4,0,Month-to-month,None,North,Basic,Desktop,0
C002696,53,10,104.41,1,0.2,3.0,4.8,1,Month-to-month,None,North,None,Mobile,0
C002697,35,31,71.37,1,22.0,38.4,5.9,0,Month-to-month,Fiber,South,Basic,Mobile,0
C002698,46,10,71.91,5,7.3,20.7,6.5,3,One year,None,East,Basic,Mobile,0
C002699,58,9,21.06,4,18.9,36.5,7.1,0,Month-to-month,Fiber,South,Premium,Mobile,0
C002700,25,64,62.28,3,15.5,34.0,6.5,1,Month-to-month,DSL,East,Basic,Mobile,0
C002701,41,58,105.89,0,21.9,32.6,6.1,1,Month-to-month,Fiber,East,Premium,Desktop,0
C002702,40,16,61.33,1,14.4,38.0,8.5,1,Month-to-month,DSL,East,Basic,Desktop,1
C002703,47,61,89.84,0,23.1,25.0,4.7,1,One year,DSL,South,None,Mobile,0
C002704,58,5,72.86,1,10.2,23.8,6.4,0,Month-to-month,Fiber,East,Basic,Mobile,0
C002705,25,21,98.57,0,15.4,42.2,3.3,2,Month-to-month,Fiber,North,Premium,Mobile,0
C002706,49,51,76.79,3,17.3,31.1,5.2,0,Month-to-month,Fiber,North,None,Mobile,0
C002707,55,22,48.7,1,27.7,24.2,4.3,2,Month-to-month,None,West,None,Mobile,0
C002708,40,53,73.41,0,21.8,28.9,8.4,1,One year,DSL,West,Basic,Tablet,0
C002709,40,63,112.03,0,17.4,27.8,7.4,0,Month-to-month,None,East,Basic,Desktop,0
C002710,47,5,84.44,1,20.5,26.8,5.6,0,Month-to-month,Fiber,North,None,Desktop,0
C002711,46,2,69.09,2,23.6,36.3,,0,Month-to-month,DSL,East,Basic,Mobile,1
C002712,50,68,128.39,2,18.6,20.6,4.4,0,One year,Fiber,North,None,Desktop,0
C002713,49,38,100.98,2,8.8,49.2,5.1,0,One year,DSL,West,Basic,Mobile,0
C002714,29,37,92.42,2,20.4,33.7,6.5,0,One year,DSL,South,Basic,Desktop,0
C002715,55,34,79.93,4,15.8,9.0,8.5,1,One year,Fiber,East,None,Desktop,0
C002716,57,32,90.26,2,13.5,34.3,4.5,0,One year,None,West,None,Mobile,0
C002717,44,50,91.07,1,10.5,19.8,4.7,1,Two year,Fiber,South,Basic,Mobile,0
C002718,23,42,20.0,3,20.1,30.7,4.1,1,Month-to-month,DSL,South,None,Desktop,0
C002719,41,12,81.87,1,19.6,29.2,7.1,1,Month-to-month,DSL,West,Premium,Desktop,0
C002720,45,46,67.98,1,9.3,39.1,3.2,0,One year,Fiber,West,Basic,Mobile,0
C002721,27,49,59.51,2,8.3,39.0,3.9,1,One year,DSL,West,None,Mobile,0
C002722,37,9,67.11,1,29.2,33.7,7.9,1,Two year,Fiber,West,None,Tablet,0
C002723,24,28,33.1,2,22.0,53.9,9.8,0,One year,DSL,North,None,Desktop,0
C002724,50,57,26.88,2,16.6,22.3,7.2,1,One year,None,North,Basic,Mobile,0
C002725,44,45,103.16,1,20.2,47.4,6.5,1,Month-to-month,DSL,South,Basic,Mobile,0
C002726,21,10,83.55,4,12.7,47.7,,0,Two year,DSL,East,Basic,Desktop,0
C002727,47,3,20.0,2,14.8,35.0,6.2,0,Month-to-month,DSL,East,Premium,Desktop,0
C002728,41,42,57.59,3,16.2,36.5,6.2,0,One year,None,East,None,Desktop,0
C002729,49,34,94.01,2,22.8,42.4,6.1,0,Month-to-month,Fiber,East,None,Mobile,0
C002730,37,70,65.0,1,6.1,27.2,9.8,0,One year,Fiber,East,None,Mobile,0
C002731,32,38,103.13,0,8.9,24.9,8.1,0,Month-to-month,DSL,North,None,Mobile,0
C002732,32,68,98.24,2,7.4,25.6,8.1,0,Month-to-month,DSL,West,None,Mobile,0
C002733,35,16,38.08,0,22.0,34.5,7.7,1,Month-to-month,DSL,South,Premium,Desktop,0
C002734,42,33,68.42,1,15.3,25.4,6.3,0,One year,DSL,South,Basic,Mobile,0
C002735,44,11,60.8,2,9.6,22.3,6.5,1,One year,DSL,South,Basic,Mobile,0
C002736,40,42,37.27,1,14.4,18.6,5.4,0,Month-to-month,DSL,East,Premium,Desktop,0
C002737,36,14,35.64,2,11.6,19.2,6.4,0,Month-to-month,Fiber,South,None,Mobile,0
C002738,37,36,51.85,1,6.0,23.3,7.6,0,Month-to-month,Fiber,East,Premium,Desktop,1
C002739,75,25,55.98,1,24.8,23.6,6.7,1,One year,Fiber,South,Premium,Desktop,0
C002740,32,14,79.08,2,15.0,32.3,8.6,0,Month-to-month,Fiber,West,Premium,Desktop,0
C002741,35,7,98.11,0,25.0,21.7,7.6,0,Month-to-month,DSL,East,None,Mobile,0
C002742,85,37,84.84,2,5.9,36.9,7.4,0,Month-to-month,Fiber,North,None,Mobile,0
C002743,47,69,90.76,0,19.5,54.6,5.5,0,Month-to-month,None,West,Premium,Mobile,0
C002744,24,15,65.33,4,5.9,46.0,4.9,1,One year,Fiber,North,Premium,Mobile,0
C002745,53,30,87.08,1,33.1,18.3,5.1,0,One year,Fiber,West,Basic,Mobile,0
C002746,30,17,68.29,1,3.9,27.4,9.1,2,Month-to-month,None,South,Basic,Tablet,0
C002747,54,59,60.96,4,28.6,15.8,4.0,0,Month-to-month,DSL,North,Basic,Desktop,0
C002748,39,30,119.43,2,15.9,33.3,7.4,1,One year,DSL,North,None,Desktop,0
C002749,36,71,20.0,0,14.7,34.0,7.4,0,Two year,DSL,South,None,Mobile,0
C002750,63,18,25.17,2,20.1,33.1,5.9,0,One year,Fiber,East,Basic,Mobile,0
C002751,49,6,81.57,1,9.4,18.4,7.0,0,Month-to-month,None,East,Premium,Desktop,0
C002752,55,42,65.38,1,21.5,23.2,7.4,0,Month-to-month,Fiber,East,Basic,Mobile,0
C002753,48,47,36.08,2,22.0,42.5,,0,Two year,Fiber,East,None,Mobile,0
C002754,36,72,45.63,2,16.1,35.8,5.7,0,Month-to-month,Fiber,East,Premium,Mobile,1
C002755,50,63,48.89,3,17.8,20.6,6.9,0,Month-to-month,Fiber,West,None,Mobile,0
C002756,58,64,94.31,1,29.5,15.6,6.9,1,Two year,Fiber,North,None,Mobile,0
C002757,44,46,102.31,3,20.6,30.1,4.5,0,One year,Fiber,West,Basic,Mobile,0
C002758,65,26,112.99,0,10.5,29.5,7.1,0,One year,DSL,West,Basic,Mobile,0
C002759,53,31,32.27,2,21.3,15.6,7.2,0,Month-to-month,Fiber,North,Basic,Mobile,0
C002760,45,10,37.82,1,12.2,27.3,8.7,0,One year,DSL,South,None,Desktop,0
C002761,45,32,36.11,1,10.9,25.2,6.9,0,One year,DSL,North,Basic,Tablet,0
C002762,44,27,104.22,2,19.6,24.0,6.2,0,Month-to-month,DSL,East,None,Mobile,0
C002763,26,3,82.43,3,8.9,25.9,8.3,0,One year,Fiber,East,None,Mobile,0
C002764,41,15,74.0,0,16.3,34.3,9.0,0,Two year,Fiber,South,Premium,Mobile,0
C002765,45,39,77.74,3,20.7,32.1,4.5,1,Two year,Fiber,South,Basic,Mobile,1
C002766,37,27,70.58,2,29.4,46.1,6.0,1,Month-to-month,Fiber,North,None,Mobile,0
C002767,46,72,43.97,0,20.5,33.4,3.1,0,Month-to-month,DSL,South,Basic,Tablet,0
C002768,42,35,84.83,1,5.7,40.7,5.2,0,Month-to-month,Fiber,North,Basic,Mobile,0
C002769,52,70,67.35,1,6.8,15.1,9.6,0,One year,Fiber,South,Premium,Mobile,0
C002770,51,48,41.99,1,28.1,32.8,5.0,0,Two year,Fiber,North,Basic,Mobile,0
C002771,44,3,86.36,4,11.6,26.5,7.8,1,One year,None,East,Basic,Tablet,0
C002772,24,15,61.36,0,5.4,39.7,7.7,2,One year,Fiber,North,None,Desktop,0
C002773,65,51,77.69,2,9.0,34.0,,0,One year,DSL,North,None,Desktop,0
C002774,40,40,68.88,3,21.6,49.9,6.1,2,Month-to-month,Fiber,North,None,Mobile,0
C002775,41,22,94.28,4,16.8,19.8,9.4,2,Month-to-month,DSL,North,None,Tablet,0
C002776,38,38,77.5,1,20.5,22.5,8.6,0,One year,DSL,East,Basic,Desktop,0
C002777,36,66,49.91,3,15.8,35.1,10.0,0,One year,DSL,West,Basic,Tablet,0
C002778,62,28,80.05,0,8.3,29.4,2.3,0,Month-to-month,Fiber,South,None,Desktop,0
C002779,60,4,80.87,1,3.5,,7.9,1,Month-to-month,Fiber,East,Premium,Tablet,0
C002780,48,23,84.78,0,10.2,35.5,2.6,1,Month-to-month,Fiber,West,Basic,Mobile,0
C002781,41,68,97.9,0,16.9,25.1,6.9,0,Month-to-month,DSL,West,Premium,Tablet,0
C002782,50,55,56.6,2,7.7,36.4,6.5,2,Month-to-month,Fiber,North,Basic,Mobile,0
C002783,43,61,88.7,3,22.9,10.6,4.9,1,One year,DSL,North,Basic,Mobile,0
C002784,40,66,28.88,3,9.0,27.5,5.8,0,Month-to-month,DSL,South,Basic,Mobile,0
C002785,46,9,69.0,1,4.4,32.9,6.4,0,Two year,Fiber,North,Basic,Desktop,0
C002786,36,21,65.13,4,16.0,33.0,7.7,0,Month-to-month,DSL,West,Premium,Mobile,0
C002787,45,5,108.2,0,21.3,39.4,4.9,1,Two year,Fiber,East,None,Mobile,0
C002788,45,1,68.09,1,26.4,28.1,5.6,1,Month-to-month,Fiber,North,Premium,Mobile,0
C002789,50,61,87.2,0,4.7,36.4,7.9,0,One year,None,South,None,Desktop,0
C002790,34,68,27.96,1,26.0,30.2,,0,Month-to-month,Fiber,East,Premium,Mobile,0
C002791,51,12,63.21,0,17.3,39.8,10.0,0,Month-to-month,Fiber,West,Premium,Mobile,0
C002792,30,52,50.84,1,11.7,12.5,7.2,0,Month-to-month,DSL,East,None,Mobile,0
C002793,35,39,133.89,1,20.8,3.0,8.1,0,Month-to-month,Fiber,West,Basic,Mobile,0
C002794,35,5,55.33,0,25.5,46.0,6.5,0,Month-to-month,Fiber,East,None,Desktop,0
C002795,28,66,73.83,2,4.2,24.2,9.4,2,Month-to-month,Fiber,South,Basic,Desktop,0
C002796,55,63,75.16,0,13.0,10.6,5.2,1,Two year,DSL,West,None,Mobile,0
C002797,29,41,32.26,2,12.2,29.1,6.8,0,Two year,DSL,West,Premium,Mobile,0
C002798,33,51,58.85,4,20.4,24.8,7.4,2,Month-to-month,Fiber,North,None,Mobile,0
C002799,58,29,82.12,0,26.2,35.4,7.8,0,Month-to-month,None,North,None,Desktop,0
C002800,35,58,74.14,3,16.5,,8.6,1,Month-to-month,DSL,West,None,Desktop,0
C002801,40,33,20.0,0,14.0,26.0,,0,Two year,Fiber,North,Basic,Mobile,0
C002802,29,72,57.83,2,19.1,42.1,8.5,0,One year,DSL,West,None,Tablet,0
C002803,53,5,97.52,2,14.4,16.5,4.4,0,Two year,DSL,South,Basic,Mobile,0
C002804,53,13,86.71,1,0.8,3.0,7.4,0,Month-to-month,DSL,South,Premium,Tablet,0
C002805,52,70,102.45,0,19.6,32.8,3.5,0,One year,Fiber,West,Basic,Desktop,0
C002806,49,21,47.36,0,22.9,27.9,6.5,0,Month-to-month,Fiber,South,Premium,Desktop,0
C002807,43,23,104.02,1,23.5,8.3,10.0,0,Month-to-month,Fiber,East,Premium,Desktop,0
C002808,35,57,70.89,3,7.9,38.3,7.4,0,One year,None,South,None,Desktop,0
C002809,31,14,111.81,0,20.3,10.6,6.1,0,One year,Fiber,East,Basic,Tablet,0
C002810,59,37,72.08,2,26.7,29.7,7.8,1,Two year,DSL,East,None,Mobile,0
C002811,52,21,20.81,0,33.7,40.2,6.8,0,One year,Fiber,South,Basic,Desktop,0
C002812,33,15,93.23,3,19.4,34.1,4.9,1,Month-to-month,DSL,North,Premium,Mobile,0
C002813,43,70,60.91,1,22.9,33.4,3.6,1,Month-to-month,Fiber,North,None,Tablet,0
C002814,38,15,62.59,2,9.1,25.3,6.9,0,Month-to-month,Fiber,East,Premium,Mobile,0
C002815,27,7,35.67,1,8.1,33.0,6.6,0,One year,Fiber,South,Basic,Mobile,0
C002816,44,49,112.55,2,22.9,37.1,6.5,1,Month-to-month,Fiber,North,Basic,Desktop,1
C002817,37,63,58.97,1,1.7,23.3,8.4,0,Month-to-month,Fiber,East,Basic,Tablet,0
C002818,30,10,111.38,1,17.1,17.4,9.4,0,Month-to-month,Fiber,South,Basic,Mobile,0
C002819,23,51,61.22,1,26.0,40.5,8.3,1,One year,DSL,East,Basic,Mobile,0
C002820,22,39,48.81,1,21.0,53.2,6.4,0,One year,Fiber,West,None,Mobile,0
C002821,37,60,104.99,0,20.9,48.9,,0,Month-to-month,DSL,East,Basic,Tablet,0
C002822,41,10,70.17,1,15.7,3.0,9.0,0,Month-to-month,DSL,North,None,Mobile,0
C002823,31,71,70.41,0,13.1,46.0,8.6,0,Month-to-month,DSL,South,None,Mobile,0
C002824,50,45,39.96,0,31.1,23.4,8.0,0,Two year,Fiber,South,None,Tablet,0
C002825,41,61,60.56,1,24.6,52.6,6.1,1,Two year,DSL,West,Basic,Mobile,0
C002826,49,27,82.72,0,21.9,18.5,9.0,1,Month-to-month,Fiber,North,Premium,Mobile,0
C002827,40,68,39.52,2,16.2,17.5,9.5,0,One year,DSL,South,None,Mobile,0
C002828,32,46,58.52,1,11.9,30.4,8.6,0,Month-to-month,Fiber,South,Premium,Mobile,0
C002829,43,10,61.49,4,23.6,26.2,10.0,0,Month-to-month,DSL,East,None,Tablet,0
C002830,26,67,73.66,3,13.9,26.8,,0,One year,Fiber,North,None,Tablet,0
C002831,49,58,108.99,2,16.6,42.3,9.2,2,Two year,None,East,None,Mobile,0
C002832,30,22,64.5,1,20.3,45.8,8.3,0,Month-to-month,None,South,Premium,Mobile,0
C002833,54,40,54.74,1,17.5,19.7,6.9,1,One year,None,West,Basic,Mobile,0
C002834,38,28,140.66,0,26.8,50.7,5.0,2,Month-to-month,DSL,West,None,Desktop,0
C002835,56,40,61.17,1,6.8,16.2,5.7,0,Month-to-month,Fiber,North,Premium,Desktop,0
C002836,27,70,67.23,2,16.5,23.7,5.7,0,One year,None,West,Basic,Mobile,0
C002837,33,65,63.05,3,31.0,61.4,4.9,0,Month-to-month,DSL,East,,Tablet,0
C002838,47,16,65.08,2,22.3,35.4,6.6,1,One year,Fiber,West,Premium,Desktop,0
C002839,57,70,73.94,0,14.6,23.1,7.1,0,Month-to-month,Fiber,North,Basic,Mobile,0
C002840,64,32,95.02,2,21.6,34.2,9.2,0,One year,DSL,South,Basic,Mobile,0
C002841,43,51,82.1,0,15.7,39.5,4.9,0,One year,DSL,West,None,Mobile,0
C002842,66,56,98.93,0,26.3,35.0,8.7,0,Month-to-month,None,East,Basic,Mobile,1
C002843,38,35,98.1,1,21.7,46.4,7.6,1,Month-to-month,DSL,West,None,Mobile,0
C002844,56,33,77.21,3,9.9,20.6,7.8,0,Month-to-month,Fiber,East,Premium,Desktop,0
C002845,30,33,81.41,4,17.7,23.2,6.9,1,Month-to-month,DSL,South,Basic,Mobile,0
C002846,47,63,99.72,0,18.9,20.3,10.0,0,Month-to-month,Fiber,South,None,Mobile,0
C002847,18,28,44.22,1,19.3,,5.7,1,Month-to-month,Fiber,West,Basic,Desktop,0
C002848,27,21,134.46,1,18.2,31.5,6.1,1,Month-to-month,Fiber,West,Premium,Tablet,0
C002849,48,27,59.19,3,20.0,18.2,7.3,0,Two year,Fiber,North,Basic,Mobile,0
C002850,25,15,63.23,1,18.9,34.5,7.8,0,Two year,None,South,Premium,Desktop,0
C002851,48,29,41.7,1,11.0,38.6,7.5,0,Month-to-month,Fiber,East,None,Mobile,0
C002852,54,9,42.45,1,12.8,16.3,7.0,0,Two year,Fiber,South,None,Mobile,0
C002853,35,7,96.35,4,14.2,23.4,8.0,0,Two year,DSL,West,Premium,Mobile,0
C002854,29,53,128.75,1,16.7,24.9,8.2,0,One year,DSL,North,None,Mobile,0
C002855,36,6,57.82,2,14.2,28.4,7.0,1,Month-to-month,DSL,North,Premium,Mobile,1
C002856,29,41,80.68,1,23.7,29.0,10.0,0,Two year,Fiber,South,Premium,Desktop,0
C002857,41,57,77.5,2,9.3,41.9,7.9,0,Month-to-month,DSL,South,Basic,Desktop,0
C002858,43,53,97.01,1,3.9,42.8,6.6,0,Month-to-month,DSL,East,Premium,Mobile,0
C002859,38,33,127.47,2,29.8,21.3,9.3,1,One year,Fiber,North,None,Desktop,0
C002860,64,14,110.02,1,10.3,39.3,3.4,1,Month-to-month,DSL,East,Basic,Mobile,0
C002861,33,68,66.03,0,23.7,47.5,5.1,1,Month-to-month,None,South,Basic,Mobile,0
C002862,60,61,85.22,0,20.3,45.5,6.7,2,One year,Fiber,North,Basic,Mobile,0
C002863,28,45,87.7,0,10.5,33.5,5.0,1,Month-to-month,Fiber,West,None,Desktop,0
C002864,43,7,71.5,2,15.1,30.3,8.5,0,Two year,None,North,Basic,Mobile,0
C002865,57,3,44.6,2,14.0,14.2,8.5,0,Two year,Fiber,South,None,Desktop,0
C002866,57,23,52.03,1,18.5,26.0,10.0,0,Month-to-month,Fiber,West,None,Mobile,0
C002867,37,12,100.7,2,10.6,13.1,6.1,2,Month-to-month,Fiber,South,None,Desktop,0
C002868,49,62,103.28,0,14.8,44.7,8.1,0,Month-to-month,None,South,Premium,Tablet,0
C002869,47,15,66.81,0,15.7,27.8,9.4,0,One year,Fiber,South,Premium,Mobile,0
C002870,35,21,78.53,1,23.7,30.0,7.4,0,Month-to-month,Fiber,South,Basic,Mobile,0
C002871,50,71,101.93,3,13.1,23.6,8.9,2,Month-to-month,Fiber,South,Basic,Desktop,0
C002872,66,59,29.39,1,9.2,14.1,6.9,1,Month-to-month,Fiber,South,Basic,Mobile,0
C002873,48,16,60.84,2,12.2,39.6,9.5,1,One year,Fiber,West,Basic,Desktop,0
C002874,49,28,122.45,0,18.6,37.0,5.7,0,Two year,Fiber,North,Premium,Mobile,0
C002875,51,38,79.48,3,3.6,42.2,4.3,0,Two year,None,North,Basic,Mobile,0
C002876,23,48,43.77,3,24.4,10.0,6.4,0,Month-to-month,Fiber,East,None,Mobile,0
C002877,48,68,74.93,5,16.1,46.8,6.9,0,Month-to-month,DSL,East,None,Mobile,0
C002878,29,63,97.54,2,19.0,29.5,7.9,0,One year,Fiber,North,Premium,Mobile,0
C002879,34,71,20.0,0,17.5,40.3,7.9,0,Month-to-month,Fiber,North,Basic,Tablet,0
C002880,70,3,76.41,0,11.3,3.0,5.8,0,Month-to-month,DSL,West,Basic,Mobile,1
C002881,39,18,62.69,0,8.4,35.9,5.3,0,One year,DSL,East,None,Desktop,0
C002882,32,41,30.95,6,11.1,30.1,10.0,0,Month-to-month,Fiber,North,Basic,Tablet,0
C002883,57,4,74.05,1,5.5,28.4,6.9,0,Month-to-month,Fiber,West,Basic,Mobile,0
C002884,30,26,68.59,2,18.4,29.8,6.2,0,Month-to-month,DSL,North,Premium,Mobile,0
C002885,36,12,71.4,1,14.9,23.8,7.7,0,Month-to-month,Fiber,South,None,Mobile,0
C002886,58,68,63.29,2,5.3,,5.4,0,Month-to-month,Fiber,East,None,Mobile,1
C002887,43,5,46.47,2,11.7,15.8,5.8,0,One year,DSL,North,Basic,Mobile,0
C002888,22,11,35.63,3,20.6,31.3,8.5,0,Two year,None,East,None,Desktop,0
C002889,49,15,54.73,5,25.1,46.7,5.3,0,One year,Fiber,North,Premium,Mobile,0
C002890,37,11,93.48,1,7.0,44.3,4.7,0,Month-to-month,DSL,West,Premium,Mobile,0
C002891,62,41,77.83,0,31.1,33.8,6.5,0,Month-to-month,Fiber,East,None,Desktop,0
C002892,34,27,70.27,0,9.3,25.1,7.6,1,One year,Fiber,West,Premium,Desktop,0
C002893,56,66,46.01,1,4.1,55.8,9.6,0,Month-to-month,Fiber,East,None,Desktop,0
C002894,65,19,62.65,1,28.3,39.2,7.7,0,Month-to-month,Fiber,North,Basic,Mobile,0
C002895,31,39,90.43,0,8.7,38.1,8.0,0,One year,Fiber,West,Basic,Desktop,0
C002896,39,48,84.62,2,26.7,15.0,5.3,0,Month-to-month,Fiber,North,Basic,Desktop,0
C002897,47,46,60.07,1,11.3,34.1,,0,Two year,Fiber,West,Premium,Tablet,0
C002898,31,58,20.0,1,13.9,16.1,5.1,0,Month-to-month,DSL,West,None,Mobile,0
C002899,46,15,55.13,1,6.9,56.0,8.7,0,Month-to-month,Fiber,East,None,Desktop,0
C002900,39,37,59.93,0,24.9,20.9,7.3,0,One year,None,North,Basic,Desktop,0
C002901,39,58,49.32,2,24.0,23.7,7.0,0,One year,Fiber,North,Premium,Mobile,0
C002902,43,63,61.67,2,11.4,23.2,8.0,0,One year,DSL,West,None,Desktop,0
C002903,43,45,92.41,1,15.5,26.6,6.2,0,Month-to-month,None,East,None,Desktop,0
C002904,44,47,71.07,2,20.6,39.0,6.2,0,Month-to-month,Fiber,North,None,Desktop,0
C002905,34,63,96.74,0,12.7,31.0,5.4,1,One year,DSL,North,Basic,Mobile,0
C002906,35,45,34.29,1,25.5,31.5,10.0,0,One year,None,North,Premium,Mobile,0
C002907,40,69,64.37,2,15.3,39.6,6.7,0,Month-to-month,Fiber,North,Basic,Mobile,0
C002908,41,10,23.52,1,12.4,12.8,6.5,0,Month-to-month,Fiber,West,Premium,Desktop,0
C002909,36,26,61.34,3,4.9,40.0,8.3,1,Month-to-month,Fiber,West,Basic,Mobile,1
C002910,46,9,45.86,0,6.9,,7.1,0,One year,None,North,Premium,Mobile,0
C002911,18,7,104.03,2,20.1,22.6,2.9,0,Month-to-month,DSL,North,Premium,Desktop,0
C002912,33,34,82.24,4,17.6,32.6,10.0,0,Two year,Fiber,South,Basic,Mobile,0
C002913,38,17,97.37,3,21.7,32.4,6.2,1,Month-to-month,Fiber,West,Basic,Desktop,0
C002914,31,30,61.27,2,12.1,3.0,5.6,0,Month-to-month,None,South,Basic,Tablet,0
C002915,63,32,46.51,2,4.5,47.5,6.8,0,Month-to-month,None,North,Basic,Mobile,0
C002916,42,45,45.71,1,12.5,45.5,6.2,0,Month-to-month,Fiber,South,Basic,Desktop,0
C002917,44,69,78.64,3,30.3,15.3,6.2,1,Two year,Fiber,North,None,Mobile,0
C002918,36,62,117.25,1,9.2,21.9,7.3,1,One year,Fiber,North,Basic,Desktop,0
C002919,42,28,82.31,0,15.7,47.2,3.8,0,Month-to-month,DSL,South,Basic,Desktop,0
C002920,26,24,62.63,1,0.0,39.0,8.4,0,Two year,None,North,Premium,Desktop,0
C002921,40,56,67.28,4,12.4,35.7,8.8,0,One year,None,North,None,Desktop,0
C002922,30,9,71.22,2,13.1,36.2,4.1,0,Month-to-month,Fiber,South,Premium,Desktop,0
C002923,38,39,122.67,3,18.3,35.5,7.9,0,Month-to-month,DSL,West,None,Mobile,0
C002924,18,31,102.84,2,13.8,18.2,5.6,0,Two year,Fiber,West,None,Tablet,0
C002925,27,14,78.5,3,5.4,24.2,,0,One year,Fiber,West,Premium,Mobile,1
C002926,61,45,74.74,0,11.4,43.0,7.7,0,Month-to-month,Fiber,West,Basic,Desktop,0
C002927,53,24,79.48,0,14.6,38.9,8.7,0,Month-to-month,DSL,East,None,Mobile,0
C002928,59,14,84.36,3,9.0,34.4,7.7,0,Month-to-month,Fiber,South,None,Desktop,0
C002929,60,48,61.67,2,10.0,23.2,,0,Month-to-month,None,North,Premium,Desktop,0
C002930,51,13,50.9,2,23.0,42.9,7.2,0,Month-to-month,Fiber,South,None,Desktop,0
C002931,36,49,97.81,0,11.6,19.4,8.0,0,Month-to-month,Fiber,West,Premium,Desktop,0
C002932,29,12,72.55,1,19.1,48.8,5.7,0,One year,Fiber,East,Premium,Mobile,0
C002933,57,32,95.72,2,14.8,22.3,5.6,1,One year,Fiber,South,None,Mobile,0
C002934,43,59,113.15,2,7.4,20.5,7.0,1,One year,DSL,South,None,Desktop,0
C002935,74,17,85.02,2,13.7,31.4,8.1,1,Month-to-month,None,South,Basic,Desktop,1
C002936,37,56,80.96,1,18.0,33.6,6.1,1,Month-to-month,DSL,West,Premium,Mobile,0
C002937,68,52,152.01,2,28.2,32.2,7.5,0,Month-to-month,None,South,Basic,Desktop,0
C002938,40,65,77.18,1,10.6,15.1,4.8,1,Two year,None,East,None,Desktop,0
C002939,59,13,44.74,2,15.4,36.1,7.6,1,One year,DSL,West,None,Desktop,0
C002940,64,52,64.97,1,22.4,42.8,3.8,0,Month-to-month,None,South,Premium,Desktop,0
C002941,29,68,110.79,1,24.8,30.0,,0,Month-to-month,DSL,North,Basic,Mobile,0
C002942,36,55,39.65,1,11.5,12.4,8.7,1,Month-to-month,Fiber,West,None,Desktop,0
C002943,29,14,53.19,3,14.9,28.5,6.8,0,Month-to-month,DSL,North,Basic,Desktop,0
C002944,26,60,99.66,0,23.8,17.4,8.1,0,One year,DSL,North,Premium,Tablet,0
C002945,51,8,65.21,0,19.6,7.8,,1,Month-to-month,DSL,South,Basic,Desktop,0
C002946,39,43,69.24,0,23.2,24.4,4.6,0,Month-to-month,DSL,North,Basic,Desktop,0
C002947,43,36,98.83,1,24.2,,5.0,0,One year,Fiber,East,Basic,Mobile,0
C002948,49,39,54.08,0,19.9,30.0,6.4,0,Month-to-month,None,South,None,Desktop,0
C002949,18,38,35.28,1,17.0,27.7,6.8,0,Month-to-month,DSL,North,Premium,Desktop,0
C002950,59,3,37.28,3,11.3,39.5,5.7,0,Two year,Fiber,North,None,Mobile,1
C002951,37,37,86.54,1,14.3,38.3,4.9,0,One year,DSL,East,,Desktop,0
C002952,49,68,78.48,1,14.8,13.4,2.0,0,Two year,None,West,Basic,Mobile,0
C002953,50,32,54.69,3,24.4,53.4,10.0,1,Month-to-month,Fiber,West,Basic,Mobile,1
C002954,60,20,43.03,1,17.2,33.4,10.0,1,Two year,Fiber,South,Basic,Desktop,0
C002955,41,72,65.24,2,17.3,,5.6,0,Month-to-month,DSL,East,Premium,Tablet,0
C002956,18,8,99.91,0,9.0,23.9,4.5,1,Month-to-month,Fiber,South,Basic,Mobile,0
C002957,43,36,51.1,2,24.4,7.5,9.7,0,Month-to-month,Fiber,South,Basic,Mobile,0
C002958,45,37,55.43,1,10.6,29.6,3.3,0,Month-to-month,Fiber,East,Premium,Mobile,0
C002959,29,35,42.24,1,14.0,17.8,9.0,0,Month-to-month,Fiber,East,None,Tablet,0
C002960,44,67,62.81,2,25.2,45.1,8.2,2,Month-to-month,DSL,East,Basic,Mobile,0
C002961,37,31,80.45,2,22.2,14.0,6.5,0,Month-to-month,DSL,West,Basic,Desktop,0
C002962,25,71,124.88,0,10.1,31.3,,2,Month-to-month,Fiber,East,Premium,Desktop,0
C002963,51,5,77.44,0,8.4,38.2,5.9,0,Month-to-month,DSL,East,Premium,Tablet,0
C002964,35,53,70.66,1,14.6,36.1,8.6,0,Month-to-month,Fiber,East,None,Desktop,0
C002965,37,43,93.57,2,12.0,25.0,6.7,1,Two year,Fiber,South,None,Desktop,1
C002966,36,18,89.41,1,5.7,9.6,4.9,0,Month-to-month,Fiber,South,None,Desktop,1
C002967,58,17,57.56,2,10.7,12.9,10.0,0,One year,DSL,North,Premium,Mobile,0
C002968,41,52,129.55,6,0.0,21.9,5.8,0,One year,Fiber,South,None,Desktop,1
C002969,43,46,71.39,1,22.3,14.1,6.3,0,One year,DSL,South,Basic,Mobile,0
C002970,36,45,77.91,4,21.9,30.1,8.6,0,Month-to-month,Fiber,North,Basic,Desktop,0
C002971,48,4,85.78,1,25.9,21.8,9.3,0,Month-to-month,DSL,East,Basic,Tablet,1
C002972,60,44,80.65,2,18.5,15.5,4.7,0,Two year,Fiber,West,None,Desktop,0
C002973,50,71,110.13,2,12.9,13.9,9.7,2,Two year,Fiber,East,None,Mobile,0
C002974,51,2,57.25,0,23.2,11.9,7.1,0,One year,DSL,North,Basic,Mobile,0
C002975,50,34,91.58,0,11.1,30.3,6.9,0,Two year,Fiber,South,Premium,Mobile,0
C002976,24,36,76.11,2,6.7,22.2,6.8,0,One year,Fiber,North,Premium,Mobile,0
C002977,31,65,96.57,2,15.0,31.3,7.1,1,One year,None,West,None,Mobile,0
C002978,39,21,66.63,2,18.9,30.1,4.3,0,Month-to-month,Fiber,West,Basic,Mobile,0
C002979,33,35,63.24,3,10.3,28.6,7.8,2,Month-to-month,DSL,West,None,Desktop,0
C002980,28,52,90.3,2,8.7,38.8,7.5,0,Month-to-month,Fiber,West,None,Tablet,0
C002981,18,5,80.95,1,13.1,13.3,6.4,1,One year,Fiber,South,Basic,Desktop,1
C002982,24,58,51.49,1,18.9,38.8,7.5,1,Month-to-month,DSL,East,Basic,Tablet,0
C002983,39,60,105.64,1,15.0,35.7,6.7,0,One year,DSL,North,Basic,Mobile,0
C002984,41,52,90.31,7,34.5,28.6,7.0,0,Month-to-month,Fiber,West,None,Desktop,0
C002985,32,47,70.14,0,15.0,21.3,7.9,0,Month-to-month,Fiber,North,Basic,Mobile,0
C002986,43,54,60.29,0,21.3,31.5,6.7,0,Two year,Fiber,South,Basic,Mobile,0
C002987,36,57,81.1,1,5.9,36.4,5.7,0,Month-to-month,Fiber,East,Basic,Mobile,0
C002988,56,66,88.51,1,20.1,14.2,8.5,0,Month-to-month,Fiber,West,None,Mobile,0
C002989,40,31,32.15,0,12.8,38.3,5.2,0,Month-to-month,DSL,North,Premium,Tablet,0
C002990,51,33,81.39,1,15.9,51.9,9.0,0,Month-to-month,DSL,West,Basic,Mobile,0
C002991,45,46,88.31,0,27.8,30.2,6.5,0,Month-to-month,Fiber,North,None,Mobile,0
C002992,24,14,20.0,1,13.4,46.6,8.7,2,Month-to-month,Fiber,South,Basic,Mobile,0
C002993,41,62,76.9,3,6.8,36.7,9.7,0,Two year,Fiber,West,Basic,Mobile,0
C002994,26,56,89.37,0,7.9,34.2,7.0,0,One year,DSL,North,Premium,Desktop,0
C002995,41,46,86.52,0,17.2,22.6,8.7,0,Two year,Fiber,North,None,Tablet,0
C002996,32,22,92.06,2,16.8,26.9,8.2,0,Month-to-month,Fiber,North,None,Desktop,0
C002997,47,26,63.81,2,16.5,19.2,7.4,2,Month-to-month,Fiber,North,None,Mobile,0
C002998,25,32,46.0,1,7.0,42.3,8.2,0,Month-to-month,Fiber,South,Premium,Desktop,0
C002999,42,48,27.01,1,30.2,22.1,6.6,1,Month-to-month,Fiber,West,Premium,Mobile,0
C003000,49,57,99.31,0,26.3,52.1,10.0,0,One year,None,East,None,Desktop,0
C003001,54,49,89.58,0,16.9,36.3,7.3,0,One year,Fiber,East,None,Desktop,0
C003002,32,67,101.21,1,5.4,35.7,5.8,1,Two year,DSL,South,Basic,Mobile,0
C003003,42,70,53.87,2,27.1,15.1,6.3,0,One year,Fiber,West,None,Mobile,0
C003004,44,51,92.1,0,24.0,39.0,8.7,1,Two year,DSL,East,None,Mobile,0
C003005,62,27,34.43,1,16.7,28.4,5.4,0,Two year,DSL,East,None,Mobile,0
C003006,23,44,50.26,2,24.4,24.2,10.0,0,Month-to-month,None,North,Basic,Desktop,0
C003007,30,31,75.15,2,12.5,23.1,9.5,0,Month-to-month,Fiber,East,Basic,Tablet,0
C003008,78,46,88.58,1,9.3,16.1,4.9,0,Month-to-month,Fiber,West,Basic,Mobile,0
C003009,38,59,113.98,2,17.1,31.1,8.5,1,Month-to-month,DSL,South,Premium,Mobile,0
C003010,18,27,66.0,3,5.1,29.0,5.4,1,Two year,Fiber,North,Basic,Desktop,1
C003011,34,37,50.36,0,8.2,15.2,5.6,0,Month-to-month,Fiber,North,None,Mobile,0
C003012,18,4,49.07,3,19.8,37.2,6.3,1,Month-to-month,DSL,North,None,Desktop,0
C003013,45,54,54.8,2,17.7,56.5,5.8,0,Month-to-month,DSL,West,Basic,Mobile,0
C003014,53,36,127.53,1,6.3,13.9,8.4,0,One year,Fiber,East,None,Mobile,0
C003015,30,34,90.92,3,13.1,29.6,7.6,0,Month-to-month,Fiber,West,Basic,Desktop,0
C003016,36,39,99.81,2,6.6,50.9,7.9,0,Month-to-month,DSL,East,Premium,Tablet,1
C003017,54,16,66.03,1,12.6,21.7,7.1,0,Month-to-month,DSL,North,,Desktop,0
C003018,19,44,71.96,1,11.8,36.3,,1,Month-to-month,Fiber,South,Basic,Mobile,0
C003019,25,54,89.48,1,22.9,35.7,6.2,0,Month-to-month,Fiber,East,None,Mobile,0
C003020,39,26,59.36,3,14.9,38.9,9.1,1,One year,None,South,Basic,Tablet,0
C003021,32,10,64.72,0,14.3,53.0,6.5,0,Two year,DSL,South,None,Desktop,0
C003022,38,28,55.13,0,13.3,9.5,9.6,0,Month-to-month,Fiber,South,Basic,Desktop,0
C003023,26,15,60.81,2,4.0,33.3,6.0,0,Two year,DSL,West,Basic,Mobile,0
C003024,45,27,73.22,2,15.3,25.0,7.2,0,Month-to-month,DSL,West,None,Tablet,0
C003025,40,46,51.46,0,19.4,30.5,7.7,0,Two year,Fiber,East,Basic,Desktop,0
C003026,49,9,79.15,2,17.6,,9.2,0,One year,Fiber,South,Basic,Mobile,0
C003027,45,54,79.11,1,20.8,27.5,8.8,0,One year,Fiber,East,Basic,Desktop,0
C003028,45,17,67.52,1,21.2,18.0,7.7,0,Month-to-month,Fiber,West,None,Desktop,1
C003029,23,65,51.31,1,31.4,18.8,7.2,0,Month-to-month,Fiber,East,Premium,Desktop,0
C003030,48,53,74.62,2,8.1,56.5,5.5,0,Month-to-month,DSL,East,Basic,Mobile,0
C003031,38,20,59.38,4,17.6,14.4,6.8,0,Month-to-month,DSL,West,Premium,Desktop,0
C003032,40,41,73.16,1,18.4,45.7,10.0,0,One year,Fiber,South,Basic,Mobile,0
C003033,56,8,99.45,2,13.8,18.6,5.4,1,Month-to-month,None,East,Basic,Mobile,0
C003034,33,8,40.68,1,11.6,32.1,6.1,0,One year,Fiber,East,Basic,Desktop,0
C003035,60,69,126.34,1,19.5,54.6,4.6,0,Two year,Fiber,North,Basic,Mobile,0
C003036,61,58,70.19,1,18.8,40.5,5.8,0,Month-to-month,Fiber,West,Basic,Mobile,0
C003037,52,12,82.3,0,8.6,13.7,5.0,0,Month-to-month,DSL,East,Premium,Desktop,0
C003038,29,21,53.18,0,3.4,27.0,4.9,0,Month-to-month,Fiber,North,Premium,Tablet,0
C003039,18,15,100.56,3,12.6,30.7,7.7,1,One year,DSL,East,Premium,Mobile,0
C003040,56,29,68.86,5,11.3,43.4,8.4,0,Month-to-month,Fiber,South,None,Desktop,0
C003041,43,21,62.15,1,20.2,31.6,7.7,0,Month-to-month,Fiber,South,Basic,Desktop,0
C003042,32,24,57.61,0,9.5,29.1,5.3,0,Month-to-month,Fiber,South,Basic,Mobile,0
C003043,57,39,65.29,3,14.8,51.6,4.1,1,Month-to-month,Fiber,West,None,Mobile,0
C003044,31,14,82.46,4,4.1,50.0,3.4,2,Two year,DSL,South,Basic,Mobile,0
C003045,36,64,76.32,5,5.1,39.4,4.9,0,Two year,Fiber,South,Basic,Desktop,0
C003046,49,53,71.0,1,10.6,23.5,5.3,0,One year,Fiber,South,None,Tablet,0
C003047,28,55,54.21,3,14.2,3.0,6.3,0,Month-to-month,Fiber,South,None,Mobile,0
C003048,41,13,52.77,2,10.3,15.7,7.6,0,One year,DSL,North,Basic,Mobile,0
C003049,56,51,60.48,2,17.0,12.5,6.4,0,Month-to-month,Fiber,West,Basic,Mobile,0
C003050,45,61,83.51,2,4.1,30.3,10.0,0,One year,Fiber,South,Basic,Desktop,0
C003051,58,13,88.56,2,14.5,42.3,10.0,0,Month-to-month,Fiber,South,Basic,Desktop,0
C003052,57,55,91.93,2,14.6,54.7,6.9,0,One year,DSL,East,None,Desktop,0
C003053,42,26,71.96,1,5.9,46.3,3.7,0,Month-to-month,Fiber,North,Basic,Tablet,0
C003054,18,57,81.59,0,17.6,22.5,6.1,0,One year,DSL,West,None,Mobile,0
C003055,28,35,67.79,1,0.8,34.0,6.6,1,Month-to-month,Fiber,South,Basic,Desktop,0
C003056,52,58,28.44,2,11.2,35.8,8.3,1,Month-to-month,None,West,Basic,Mobile,0
C003057,22,11,66.6,4,21.5,12.3,4.7,0,Month-to-month,Fiber,North,Basic,Tablet,1
C003058,38,29,62.62,2,0.4,20.5,4.2,0,Month-to-month,Fiber,South,Premium,Mobile,0
C003059,46,20,46.02,1,20.7,25.8,7.6,0,Two year,Fiber,West,Premium,Mobile,0
C003060,61,18,57.82,2,7.8,56.6,6.1,0,Month-to-month,DSL,North,Premium,Desktop,0
C003061,35,23,75.38,1,11.9,35.6,6.1,0,Month-to-month,Fiber,South,Basic,Mobile,0
C003062,34,28,43.67,2,25.8,15.2,5.5,0,Month-to-month,Fiber,West,None,Tablet,0
C003063,41,10,54.23,2,11.6,25.9,6.4,1,One year,None,South,Basic,Desktop,0
C003064,47,51,110.7,1,27.3,36.4,7.5,0,One year,DSL,East,Premium,Desktop,0
C003065,40,40,31.93,0,13.9,28.0,2.8,0,Two year,Fiber,South,Premium,Mobile,0
C003066,56,60,67.42,3,15.4,26.7,7.1,1,Month-to-month,Fiber,South,Basic,Desktop,0
C003067,32,51,42.84,0,21.9,39.8,8.3,2,Month-to-month,None,South,None,Tablet,0
C003068,44,11,53.21,1,19.8,47.8,7.9,0,Month-to-month,Fiber,North,Basic,Mobile,0
C003069,48,6,67.06,1,17.1,45.6,10.0,0,One year,DSL,East,Basic,Mobile,0
C003070,37,31,47.31,2,12.8,27.4,6.3,1,Two year,DSL,North,None,Tablet,0
C003071,53,35,86.35,2,5.1,29.0,6.9,0,Month-to-month,Fiber,South,Premium,Desktop,1
C003072,44,18,105.78,3,5.5,27.3,9.4,0,One year,Fiber,South,None,Mobile,1
C003073,52,57,93.04,1,25.2,43.7,7.2,0,One year,None,North,Premium,Desktop,0
C003074,45,42,97.62,3,27.9,26.3,9.8,0,One year,DSL,North,Basic,Mobile,0
C003075,47,54,37.51,1,16.9,7.9,8.6,0,One year,None,West,Basic,Tablet,0
C003076,34,8,65.92,1,3.6,36.8,7.4,0,Month-to-month,DSL,East,Premium,Desktop,1
C003077,34,59,83.69,1,10.6,37.4,7.1,0,One year,Fiber,South,None,Desktop,0
C003078,58,15,93.78,0,10.2,26.1,6.7,1,Month-to-month,Fiber,North,Basic,Mobile,0
C003079,50,33,115.83,1,12.1,53.2,7.0,0,Two year,DSL,West,Basic,Desktop,1
C003080,29,32,98.73,2,9.8,24.5,5.6,0,Month-to-month,Fiber,North,None,Tablet,0
C003081,44,60,94.41,0,19.6,48.0,8.3,0,Month-to-month,DSL,South,None,Mobile,0
C003082,18,20,137.84,2,17.7,14.9,10.0,1,One year,Fiber,East,Premium,Mobile,0
C003083,35,18,74.41,3,27.1,34.3,3.8,1,Month-to-month,Fiber,West,Premium,Mobile,0
C003084,54,25,64.77,1,13.3,21.3,9.2,1,Month-to-month,DSL,South,None,Tablet,0
C003085,40,26,76.43,1,17.4,30.1,7.5,0,One year,Fiber,West,Basic,Mobile,0
C003086,44,14,49.12,3,21.2,40.1,9.0,0,One year,None,South,None,Mobile,0
C003087,18,13,73.69,2,23.2,24.2,6.0,1,Month-to-month,Fiber,West,Basic,Tablet,0
C003088,37,17,28.83,4,7.4,22.6,6.8,1,One year,Fiber,South,Basic,Desktop,0
C003089,46,34,58.76,3,18.8,28.3,9.4,1,Month-to-month,None,East,Basic,Tablet,0
C003090,48,25,69.12,3,17.0,76.1,7.0,0,Two year,Fiber,West,Basic,Tablet,0
C003091,55,29,95.74,1,18.1,33.4,8.6,0,Two year,DSL,North,Basic,Mobile,0
C003092,39,52,99.78,1,16.4,32.7,6.0,0,One year,Fiber,East,Premium,Tablet,0
C003093,40,18,47.91,3,28.0,36.2,6.7,1,One year,DSL,East,None,Desktop,0
C003094,25,66,123.9,0,9.8,10.4,8.0,1,One year,Fiber,South,None,Mobile,0
C003095,39,55,75.71,0,9.3,42.1,7.8,0,Two year,DSL,South,Basic,Desktop,0
C003096,26,13,78.0,0,10.3,39.5,8.6,0,Month-to-month,Fiber,East,Basic,Desktop,0
C003097,18,23,31.56,2,14.0,9.6,6.5,0,Month-to-month,DSL,North,Basic,Mobile,0
C003098,28,14,56.5,1,18.1,59.9,7.1,0,Month-to-month,DSL,North,Basic,Mobile,0
C003099,62,20,98.25,2,12.8,31.0,8.8,0,Month-to-month,None,South,None,Mobile,0
C003100,38,27,76.24,3,23.0,17.6,9.7,0,Month-to-month,Fiber,East,Basic,Desktop,0
C003101,45,10,74.7,2,16.0,34.8,5.6,0,Two year,Fiber,East,Premium,Mobile,0
C003102,35,2,77.68,1,15.3,20.1,9.2,0,Month-to-month,DSL,North,None,Desktop,0
C003103,19,32,35.92,0,6.7,11.7,5.7,1,Month-to-month,DSL,East,Premium,Mobile,0
C003104,54,51,69.58,3,28.7,27.7,7.5,0,One year,DSL,South,Basic,Desktop,0
C003105,18,22,107.21,1,15.7,28.3,7.6,1,Month-to-month,Fiber,West,Basic,Tablet,1
C003106,35,62,99.17,0,27.5,12.1,6.2,0,Month-to-month,Fiber,East,None,Tablet,0
C003107,41,27,68.87,1,11.6,21.6,6.8,1,Two year,Fiber,West,None,Mobile,0
C003108,45,65,111.09,3,21.8,18.6,3.9,0,Month-to-month,None,North,None,Mobile,0
C003109,33,17,40.52,2,12.1,26.7,8.4,0,Month-to-month,Fiber,West,Premium,Desktop,0
C003110,18,39,47.71,1,28.7,38.8,6.6,0,Month-to-month,DSL,North,Basic,Mobile,0
C003111,32,55,118.59,4,23.8,32.7,7.0,0,Month-to-month,None,East,None,Tablet,0
C003112,32,5,86.45,0,21.9,30.6,6.1,0,Month-to-month,Fiber,East,Basic,Mobile,0
C003113,32,67,64.78,2,10.9,9.1,8.4,0,One year,DSL,East,Basic,Mobile,0
C003114,55,27,70.62,0,29.3,30.7,7.4,0,Month-to-month,Fiber,West,Premium,Desktop,0
C003115,26,36,51.83,0,30.3,17.9,5.0,0,Two year,DSL,East,Premium,Desktop,0
C003116,46,46,78.91,2,13.3,10.4,6.9,0,Month-to-month,Fiber,West,None,Desktop,0
C003117,44,47,76.93,2,17.1,41.5,5.2,0,Month-to-month,DSL,North,Premium,Desktop,0
C003118,54,2,72.5,2,22.5,15.0,7.1,0,One year,None,East,Premium,Mobile,0
C003119,40,63,43.01,1,2.2,32.1,8.3,0,Two year,Fiber,North,Premium,Tablet,0
C003120,52,45,78.62,1,24.0,25.2,7.4,0,Month-to-month,DSL,South,Basic,Desktop,0
C003121,40,72,58.76,1,23.2,19.6,7.9,1,One year,Fiber,East,None,Mobile,0
C003122,48,34,47.35,1,12.1,45.6,9.0,1,One year,Fiber,East,Basic,Tablet,0
C003123,22,45,103.67,1,0.7,23.8,5.6,0,Two year,None,West,Premium,Mobile,0
C003124,18,32,126.24,2,18.3,24.6,6.3,0,Month-to-month,Fiber,East,None,Tablet,0
C003125,47,65,120.57,0,8.1,22.2,3.9,1,Two year,Fiber,South,Basic,Mobile,0
C003126,48,60,88.25,1,4.9,33.1,6.4,0,Month-to-month,DSL,East,Premium,Mobile,0
C003127,48,66,65.36,0,18.6,29.1,6.0,1,One year,DSL,West,Basic,Mobile,0
C003128,35,37,70.24,1,25.2,22.6,8.3,0,Month-to-month,DSL,East,None,Mobile,0
C003129,61,57,82.14,0,14.5,19.9,7.9,0,One year,DSL,South,Premium,Mobile,0
C003130,36,26,61.49,1,24.3,30.5,9.8,0,Month-to-month,DSL,West,None,Mobile,0
C003131,47,34,104.97,3,20.6,23.2,6.2,0,Month-to-month,DSL,East,Basic,Mobile,0
C003132,50,55,21.11,2,6.4,51.7,7.8,0,Month-to-month,Fiber,East,None,Mobile,0
C003133,64,6,64.61,0,12.1,24.7,8.4,0,One year,Fiber,South,Basic,Mobile,0
C003134,38,52,92.03,0,23.6,35.0,10.0,0,Month-to-month,DSL,West,None,Desktop,0
C003135,34,2,50.87,0,12.1,29.9,7.9,0,Two year,DSL,South,Basic,Mobile,0
C003136,23,42,66.0,1,21.7,27.5,7.0,0,Month-to-month,DSL,West,Premium,Tablet,0
C003137,62,35,86.84,1,13.1,41.8,7.3,0,Month-to-month,Fiber,West,Premium,Desktop,0
C003138,47,34,109.96,1,21.0,38.0,7.9,0,Month-to-month,Fiber,East,None,Tablet,0
C003139,48,36,39.65,0,19.0,37.7,9.6,0,Two year,Fiber,South,Basic,Mobile,0
C003140,83,36,37.8,1,14.3,37.6,6.3,3,One year,Fiber,East,None,Tablet,0
C003141,46,30,48.35,2,20.9,11.6,5.8,1,One year,DSL,North,Basic,Mobile,0
C003142,25,33,33.56,0,0.9,36.3,10.0,0,Two year,Fiber,North,Basic,Mobile,0
C003143,39,41,35.34,0,8.4,28.0,5.1,0,Month-to-month,None,South,Basic,Mobile,0
C003144,29,55,47.68,1,12.8,24.8,8.6,0,Month-to-month,Fiber,North,Basic,Desktop,0
C003145,37,40,102.84,1,24.2,72.5,7.8,0,Month-to-month,DSL,East,Premium,Mobile,0
C003146,37,47,64.2,1,5.9,13.3,7.7,2,Month-to-month,Fiber,West,Basic,Tablet,1
C003147,34,61,72.78,2,15.8,29.9,4.9,0,Month-to-month,None,South,Basic,Mobile,0
C003148,24,72,48.11,1,18.2,28.9,10.0,1,Month-to-month,Fiber,South,None,Mobile,0
C003149,63,8,87.84,2,17.7,30.0,7.4,0,Two year,DSL,North,Basic,Desktop,0
C003150,46,52,118.89,1,15.3,18.8,6.2,0,Month-to-month,Fiber,East,Basic,Mobile,0
C003151,39,17,49.81,4,11.7,33.7,4.7,1,Two year,DSL,West,Premium,Mobile,0
C003152,52,15,115.12,1,14.3,17.5,3.5,1,One year,Fiber,East,Basic,Mobile,0
C003153,48,58,81.11,1,22.8,34.4,8.4,0,One year,None,East,Basic,Mobile,0
C003154,46,5,72.42,6,11.2,32.9,5.6,0,One year,DSL,North,Premium,Mobile,0
C003155,51,62,82.0,2,0.9,28.1,6.6,0,One year,Fiber,West,Basic,Mobile,0
C003156,44,56,81.76,4,19.3,30.1,6.0,1,Month-to-month,None,East,Basic,Mobile,0
C003157,51,72,118.43,2,26.5,50.0,8.1,0,One year,None,East,Basic,Desktop,0
C003158,52,49,85.01,3,8.6,37.9,7.8,0,Two year,DSL,East,Basic,Desktop,0
C003159,44,63,85.53,5,25.5,33.1,8.5,0,One year,Fiber,North,Premium,Mobile,0
C003160,39,9,61.46,0,19.6,36.1,8.5,0,One year,DSL,North,Basic,Mobile,0
C003161,62,65,92.98,3,7.9,31.5,5.8,0,Two year,Fiber,East,Basic,Mobile,0
C003162,36,12,48.08,2,11.1,37.6,4.7,0,Month-to-month,Fiber,West,Basic,Tablet,0
C003163,47,23,74.73,4,10.8,23.7,6.8,1,Month-to-month,Fiber,South,None,Mobile,1
C003164,47,10,144.08,0,17.2,57.5,8.0,0,One year,None,North,None,Tablet,0
C003165,34,29,20.0,3,14.7,33.3,7.3,0,Month-to-month,Fiber,East,None,Tablet,1
C003166,31,54,77.83,1,23.7,64.9,3.7,0,One year,DSL,South,None,Mobile,0
C003167,37,20,78.79,1,21.9,57.6,7.2,0,One year,DSL,East,None,Mobile,0
C003168,36,60,66.3,0,5.2,25.0,5.3,1,Month-to-month,Fiber,West,Basic,Desktop,0
C003169,23,44,66.89,0,6.1,33.9,7.1,1,One year,Fiber,West,None,Desktop,0
C003170,34,46,74.29,3,20.3,35.4,8.8,0,Month-to-month,Fiber,West,Premium,Mobile,0
C003171,45,68,65.7,2,12.4,42.2,2.6,0,Month-to-month,Fiber,North,Basic,Desktop,0
C003172,58,32,77.55,3,14.8,32.6,9.8,0,Month-to-month,Fiber,West,Premium,Mobile,0
C003173,49,25,59.81,1,19.8,,5.2,0,Month-to-month,Fiber,East,None,Tablet,0
C003174,18,72,122.56,1,22.0,9.9,8.9,0,Two year,Fiber,North,None,Tablet,0
C003175,50,41,65.7,1,7.4,23.7,8.6,0,One year,Fiber,North,Basic,Mobile,0
C003176,35,45,86.24,1,0.4,,6.6,0,Month-to-month,DSL,South,Premium,Mobile,0
C003177,48,22,55.27,1,15.2,23.0,7.9,0,Two year,DSL,North,None,Mobile,0
C003178,42,16,95.33,2,10.0,10.2,5.8,0,Month-to-month,Fiber,South,Basic,Tablet,1
C003179,39,13,90.34,1,16.5,41.6,4.0,0,One year,Fiber,South,None,Tablet,0
C003180,41,17,82.48,3,15.4,17.7,9.1,2,One year,Fiber,South,Basic,Desktop,0
C003181,42,15,46.32,1,9.2,22.9,5.9,1,Two year,Fiber,West,Basic,Tablet,0
C003182,59,54,53.19,2,30.6,40.1,10.0,0,One year,Fiber,South,Basic,Mobile,0
C003183,42,5,114.15,0,16.1,45.7,8.7,0,One year,DSL,North,Basic,Mobile,0
C003184,56,46,52.91,3,12.0,24.2,5.6,0,Month-to-month,None,South,Premium,Mobile,0
C003185,54,69,88.02,3,16.7,18.6,8.2,1,Month-to-month,DSL,North,Basic,Mobile,0
C003186,51,56,48.38,1,19.7,21.2,8.1,0,Month-to-month,Fiber,West,Basic,Mobile,0
C003187,19,30,97.21,1,11.6,44.4,10.0,0,Month-to-month,Fiber,South,Premium,Mobile,0
C003188,57,5,54.84,1,32.2,45.1,6.2,0,Two year,DSL,East,Basic,Mobile,0
C003189,36,61,47.92,2,5.3,35.0,6.7,0,Month-to-month,Fiber,North,Premium,Tablet,1
C003190,51,1,54.19,4,5.8,34.0,7.9,0,Two year,DSL,South,None,Desktop,1
C003191,29,50,58.15,0,4.8,15.2,,0,Month-to-month,Fiber,South,None,Mobile,0
C003192,27,49,82.12,1,16.0,36.6,4.6,0,One year,Fiber,South,Basic,Mobile,0
C003193,68,14,73.73,1,19.3,40.4,8.9,0,Month-to-month,Fiber,North,Basic,Mobile,0
C003194,30,54,44.62,2,13.7,33.0,10.0,1,Month-to-month,Fiber,North,Basic,Mobile,0
C003195,57,13,71.3,3,19.3,33.4,7.4,0,One year,Fiber,West,Basic,Mobile,0
C003196,44,17,43.41,3,19.2,18.6,4.8,0,Two year,Fiber,North,None,Desktop,0
C003197,37,59,88.09,3,13.5,45.0,6.9,1,Month-to-month,None,North,None,Tablet,0
C003198,41,71,92.67,2,19.0,14.7,5.5,0,One year,Fiber,East,Basic,Mobile,0
C003199,25,20,71.4,2,14.6,30.8,6.6,0,Two year,Fiber,South,Basic,Tablet,0
C003200,42,67,78.79,4,13.1,36.5,7.4,1,Month-to-month,DSL,North,Basic,Mobile,0
C003201,28,66,115.8,1,12.5,44.7,8.3,1,Month-to-month,DSL,South,None,Tablet,0
C003202,37,56,68.06,0,17.6,43.6,9.6,0,One year,Fiber,South,None,Desktop,0
C003203,54,11,48.39,2,24.5,44.7,8.2,0,Month-to-month,Fiber,East,Premium,Desktop,0
C003204,45,22,86.48,0,7.6,27.4,5.2,0,Month-to-month,DSL,West,None,Mobile,1
C003205,23,49,43.68,1,12.6,58.9,8.3,0,One year,DSL,North,Basic,Desktop,0
C003206,53,72,66.74,1,17.1,44.1,6.6,0,Month-to-month,DSL,East,Basic,Tablet,0
C003207,42,59,57.03,6,28.3,26.8,6.8,2,Month-to-month,Fiber,South,Premium,Tablet,0
C003208,35,31,54.45,1,19.0,27.5,7.1,0,Two year,Fiber,South,Basic,Tablet,1
C003209,52,17,65.75,2,10.3,40.1,7.3,0,Month-to-month,Fiber,South,None,Tablet,0
C003210,40,70,94.5,0,9.5,25.4,8.9,0,Month-to-month,DSL,South,Basic,Mobile,0
C003211,27,20,99.64,0,22.9,15.7,8.0,1,One year,Fiber,West,Premium,Mobile,0
C003212,66,25,95.16,4,13.8,32.0,5.0,0,One year,None,East,Basic,Mobile,0
C003213,42,70,80.41,0,7.4,3.7,4.4,0,One year,Fiber,West,None,Desktop,0
C003214,41,41,65.56,1,23.1,35.3,8.3,0,One year,Fiber,East,None,Desktop,0
C003215,37,20,20.0,4,18.2,38.7,8.1,0,Month-to-month,Fiber,South,Basic,Mobile,0
C003216,57,1,81.19,1,7.6,27.8,9.4,2,Month-to-month,DSL,West,None,Mobile,0
C003217,35,31,20.0,0,6.6,44.8,6.9,0,Month-to-month,Fiber,East,Premium,Mobile,1
C003218,22,71,23.92,1,0.8,41.2,7.6,0,Month-to-month,DSL,East,None,Mobile,0
C003219,33,32,67.96,0,11.6,18.8,8.0,1,Month-to-month,Fiber,West,Basic,Mobile,0
C003220,59,51,78.61,2,18.1,31.5,4.3,0,Month-to-month,Fiber,South,Basic,Tablet,0
C003221,53,19,60.72,1,22.7,24.8,4.2,0,Month-to-month,Fiber,East,None,Tablet,0
C003222,39,56,110.39,2,19.0,27.1,8.4,1,Two year,Fiber,North,Basic,Mobile,0
C003223,60,56,83.55,2,6.9,44.8,7.8,0,Month-to-month,Fiber,East,Basic,Mobile,0
C003224,52,44,65.76,1,14.0,38.5,9.5,0,Month-to-month,DSL,East,Basic,Mobile,0
C003225,39,56,106.66,0,26.0,22.4,10.0,0,Month-to-month,Fiber,West,None,Mobile,0
C003226,40,42,111.13,1,12.4,33.7,6.6,0,Month-to-month,DSL,South,Basic,Mobile,0
C003227,46,28,84.81,2,21.4,21.9,6.5,0,Month-to-month,DSL,West,Premium,Mobile,0
C003228,31,54,52.62,4,20.5,25.2,4.7,1,Two year,None,South,Premium,Mobile,0
C003229,42,61,58.24,4,21.3,49.5,8.0,0,Month-to-month,Fiber,North,Basic,Desktop,0
C003230,46,61,35.83,2,19.0,61.6,3.4,1,Month-to-month,DSL,North,Premium,Mobile,0
C003231,20,16,70.94,0,21.3,52.3,5.4,0,Month-to-month,Fiber,South,Premium,Tablet,0
C003232,40,49,45.75,1,5.6,34.3,7.7,0,One year,DSL,East,None,Tablet,0
C003233,38,1,63.77,0,26.6,33.2,5.9,0,Month-to-month,Fiber,East,None,Desktop,0
C003234,55,42,78.52,2,3.4,,7.0,0,Month-to-month,None,East,None,Desktop,1
C003235,18,42,22.41,3,18.2,32.2,6.7,1,Month-to-month,Fiber,West,Basic,Mobile,0
C003236,37,27,40.41,2,15.7,13.9,5.1,1,Month-to-month,Fiber,West,Basic,Mobile,0
C003237,36,72,59.33,1,11.6,52.8,3.4,0,Month-to-month,Fiber,East,Premium,Mobile,0
C003238,54,64,70.69,6,9.2,16.7,8.4,0,Month-to-month,Fiber,South,Premium,Desktop,0
C003239,41,3,59.65,0,19.8,45.5,6.8,1,Month-to-month,Fiber,West,Basic,Mobile,0
C003240,65,16,65.24,0,21.6,40.1,7.7,0,Month-to-month,DSL,North,None,Mobile,0
C003241,51,15,54.35,0,15.3,53.3,7.0,0,Month-to-month,Fiber,North,None,Tablet,0
C003242,37,65,35.77,0,14.0,41.4,7.0,0,Month-to-month,Fiber,South,None,Desktop,0
C003243,45,38,58.63,2,25.0,23.9,7.4,0,Month-to-month,Fiber,South,Premium,Desktop,0
C003244,37,53,66.67,2,13.0,44.0,6.8,0,Month-to-month,Fiber,North,Premium,Desktop,0
C003245,53,59,64.24,0,15.7,26.6,6.5,0,Month-to-month,DSL,North,None,Desktop,0
C003246,25,56,74.79,3,14.6,19.3,5.3,1,Two year,DSL,East,None,Desktop,0
C003247,31,7,82.47,2,33.3,9.0,10.0,0,Month-to-month,None,East,Basic,Mobile,1
C003248,48,11,89.04,2,10.1,29.5,8.9,0,One year,DSL,North,Premium,Mobile,0
C003249,58,29,56.16,1,21.8,10.7,9.8,1,Month-to-month,Fiber,West,None,Tablet,0
C003250,18,25,32.61,2,4.1,48.2,,1,Two year,Fiber,West,Basic,Desktop,0
C003251,60,54,103.79,1,9.3,12.1,6.6,0,One year,DSL,North,Premium,Desktop,0
C003252,40,12,81.64,1,13.8,26.4,6.8,0,Two year,DSL,West,None,Tablet,0
C003253,18,27,48.13,2,15.1,27.0,7.1,1,Month-to-month,DSL,East,Basic,Mobile,0
C003254,18,18,78.94,3,14.1,33.1,6.4,0,One year,Fiber,West,Basic,Tablet,0
C003255,22,14,98.7,1,15.3,20.6,8.7,1,Month-to-month,DSL,East,None,Mobile,0
C003256,42,13,115.23,1,11.2,44.6,5.6,0,Month-to-month,DSL,North,Premium,Mobile,0
C003257,41,15,78.27,2,25.0,33.0,5.2,0,Two year,Fiber,West,None,Mobile,0
C003258,50,41,98.49,3,9.0,30.8,4.8,0,Month-to-month,DSL,East,None,Desktop,0
C003259,35,30,41.76,1,21.2,23.2,6.5,0,One year,DSL,North,Basic,Desktop,0
C003260,28,32,71.1,2,20.7,37.6,6.3,1,Month-to-month,DSL,North,Basic,Tablet,0
C003261,37,35,63.62,1,9.4,47.8,6.0,1,Month-to-month,None,East,Basic,Mobile,0
C003262,42,54,80.56,5,13.4,63.3,7.3,0,Month-to-month,None,South,Basic,Mobile,0
C003263,45,63,112.28,2,16.0,19.7,5.0,0,Two year,Fiber,East,None,Mobile,0
C003264,32,38,78.25,2,27.7,29.4,8.4,0,One year,DSL,West,Premium,Mobile,0
C003265,54,47,48.56,0,13.4,8.1,5.1,0,Two year,Fiber,South,None,Mobile,0
C003266,34,54,40.41,3,41.4,39.2,5.0,0,One year,None,West,None,Mobile,0
C003267,31,50,113.14,0,21.4,14.6,5.9,0,Month-to-month,Fiber,North,Basic,Mobile,0
C003268,35,10,84.84,0,18.4,34.3,6.9,1,Month-to-month,Fiber,North,Basic,Tablet,0
C003269,56,71,83.2,1,22.2,45.8,8.6,0,Month-to-month,DSL,North,Basic,Mobile,0
C003270,40,12,63.41,4,4.0,26.1,7.0,0,Two year,DSL,North,Basic,Desktop,0
C003271,33,30,78.7,0,24.2,19.8,4.2,0,Month-to-month,None,West,None,Mobile,0
C003272,54,47,47.33,2,6.7,,8.0,0,Month-to-month,Fiber,East,None,Desktop,0
C003273,70,30,81.68,1,22.1,39.5,7.9,0,Two year,Fiber,North,None,Mobile,0
C003274,45,18,42.63,1,11.9,17.4,6.1,1,Month-to-month,DSL,South,Basic,Desktop,0
C003275,58,67,63.02,1,10.4,32.7,7.4,0,One year,DSL,North,Basic,Mobile,0
C003276,55,6,55.93,1,28.4,20.8,9.7,0,One year,Fiber,South,Basic,Mobile,0
C003277,34,18,20.0,1,15.3,43.7,5.5,1,Month-to-month,DSL,East,None,Mobile,0
C003278,42,72,63.33,0,5.3,32.5,8.8,0,Month-to-month,DSL,South,Premium,Mobile,0
C003279,25,53,49.53,2,22.8,49.3,,2,Two year,Fiber,East,Basic,Mobile,0
C003280,39,7,66.74,1,7.5,19.8,7.4,0,Month-to-month,DSL,South,Basic,Desktop,0
C003281,34,55,72.04,1,25.5,33.7,4.9,0,One year,DSL,North,Basic,Desktop,0
C003282,37,70,116.2,1,15.9,30.9,9.5,0,One year,DSL,West,None,Desktop,0
C003283,32,8,79.62,0,7.1,34.1,8.7,0,Month-to-month,None,West,Premium,Mobile,1
C003284,38,30,80.35,0,21.7,24.2,8.1,0,One year,DSL,East,None,Mobile,0
C003285,49,34,84.39,0,19.6,4.0,7.0,0,One year,Fiber,East,Premium,Desktop,0
C003286,40,10,93.8,1,1.1,39.1,9.2,1,Month-to-month,None,East,Premium,Desktop,1
C003287,18,15,83.36,1,15.6,31.6,5.6,0,One year,Fiber,North,Premium,Mobile,0
C003288,32,13,79.04,1,18.1,21.0,8.6,0,Two year,Fiber,East,None,Mobile,0
C003289,22,14,89.78,1,17.7,25.0,6.5,1,One year,Fiber,West,None,Mobile,0
C003290,45,30,20.0,0,14.7,17.0,4.1,0,Month-to-month,Fiber,South,Premium,Desktop,0
C003291,49,34,124.23,0,21.2,8.7,5.3,1,Month-to-month,DSL,East,None,Mobile,0
C003292,45,18,111.74,1,20.0,43.5,7.8,0,Two year,DSL,North,Basic,Tablet,0
C003293,32,21,77.43,1,16.2,37.9,7.5,2,Month-to-month,DSL,East,Basic,Tablet,0
C003294,45,14,36.67,1,14.3,,7.9,0,Month-to-month,Fiber,South,None,Mobile,0
C003295,36,58,102.26,1,17.0,61.3,6.4,0,Month-to-month,Fiber,West,None,Desktop,0
C003296,27,16,54.65,1,11.8,17.5,7.5,0,One year,Fiber,West,Basic,Mobile,0
C003297,52,66,85.35,0,8.8,39.6,8.2,0,Month-to-month,DSL,South,Basic,Mobile,0
C003298,53,39,39.93,1,8.1,31.0,,0,Month-to-month,Fiber,West,None,Mobile,0
C003299,54,58,127.66,0,15.3,15.8,6.4,1,Month-to-month,Fiber,West,Premium,Tablet,0
C003300,34,46,35.94,3,10.0,35.2,8.9,0,Two year,Fiber,South,None,Desktop,0
C003301,57,20,73.72,1,14.9,28.8,8.3,0,One year,None,West,Premium,Desktop,0
C003302,36,44,20.0,2,25.3,23.4,7.3,1,Two year,Fiber,West,None,Desktop,0
C003303,50,20,70.97,2,14.6,46.8,4.8,1,Month-to-month,Fiber,North,Premium,Desktop,0
C003304,35,9,61.37,4,17.0,38.5,9.6,0,Two year,Fiber,North,Basic,Tablet,0
C003305,39,19,100.43,1,14.4,39.6,7.5,0,Month-to-month,Fiber,East,Basic,Mobile,0
C003306,18,20,61.37,3,25.1,28.4,6.0,1,Month-to-month,Fiber,West,Premium,Tablet,0
C003307,38,10,100.47,1,27.6,35.2,5.5,0,Two year,Fiber,South,Basic,Desktop,1
C003308,43,2,46.4,3,12.7,30.7,7.6,1,Month-to-month,Fiber,East,Basic,Desktop,0
C003309,37,68,64.95,1,21.1,37.0,5.4,0,Month-to-month,DSL,East,Basic,Tablet,0
C003310,65,37,65.45,2,30.6,19.3,6.1,1,One year,DSL,North,None,Mobile,0
C003311,27,29,84.39,3,7.9,3.0,6.0,0,One year,Fiber,East,Basic,Mobile,0
C003312,35,67,81.21,0,22.9,47.3,7.2,0,Month-to-month,Fiber,South,None,Mobile,0
C003313,30,17,90.06,0,3.8,30.8,8.2,1,Two year,Fiber,South,Basic,Mobile,0
C003314,35,30,78.67,0,16.2,37.9,6.5,2,One year,Fiber,South,Basic,Mobile,0
C003315,55,61,88.53,0,15.0,22.8,6.7,0,Two year,Fiber,East,Basic,Mobile,0
C003316,61,46,49.55,4,4.1,28.3,7.3,0,Two year,Fiber,North,Basic,Tablet,0
C003317,33,29,81.72,2,23.6,49.2,5.8,0,One year,None,North,None,Mobile,0
C003318,33,19,112.21,4,17.0,35.4,6.0,0,One year,Fiber,South,Basic,Mobile,0
C003319,27,3,30.0,1,9.5,57.5,6.3,1,Month-to-month,Fiber,West,Basic,Tablet,0
C003320,59,7,84.23,1,18.3,,7.6,0,One year,Fiber,West,Premium,Mobile,0
C003321,57,12,88.92,0,22.3,23.0,10.0,0,Two year,Fiber,South,Basic,Mobile,0
C003322,41,57,108.53,0,3.6,36.3,4.9,0,Month-to-month,Fiber,North,Basic,Desktop,0
C003323,24,47,90.15,5,0.0,51.2,7.5,1,Month-to-month,Fiber,East,Basic,Mobile,1
C003324,25,32,74.51,1,15.7,33.6,6.7,1,One year,DSL,West,Premium,Tablet,0
C003325,44,57,82.75,1,10.6,38.7,6.8,0,Month-to-month,Fiber,East,Basic,Desktop,0
C003326,49,12,53.62,2,25.4,48.0,6.2,0,Month-to-month,None,South,Premium,Mobile,0
C003327,18,16,62.3,0,13.4,3.0,9.2,0,Two year,Fiber,South,Basic,Tablet,0
C003328,38,29,38.61,1,18.2,39.4,2.7,1,Month-to-month,Fiber,East,None,Mobile,0
C003329,63,67,109.18,2,14.7,47.2,5.1,0,One year,Fiber,North,Premium,Mobile,0
C003330,39,45,83.25,2,5.2,21.8,9.1,0,Month-to-month,DSL,East,Basic,Mobile,0
C003331,61,62,49.1,1,16.2,43.5,9.2,0,Month-to-month,DSL,North,Premium,Mobile,0
C003332,50,18,78.78,2,6.7,30.9,10.0,1,Month-to-month,Fiber,West,None,Mobile,0
C003333,28,62,100.98,2,6.4,10.7,7.7,0,One year,None,South,Basic,Mobile,0
C003334,38,6,96.82,1,8.3,40.5,8.0,0,Month-to-month,Fiber,East,None,Desktop,1
C003335,40,17,48.81,1,7.7,30.9,3.7,0,Month-to-month,DSL,East,Basic,Mobile,0
C003336,30,38,20.0,1,14.5,30.1,7.1,0,One year,DSL,West,Basic,Mobile,0
C003337,29,4,81.88,3,13.3,38.8,8.1,2,Two year,Fiber,North,None,Desktop,0
C003338,62,62,49.83,2,18.0,19.6,6.2,1,One year,Fiber,West,Basic,Desktop,0
C003339,29,63,87.56,2,5.0,40.3,6.9,0,Month-to-month,DSL,West,None,Mobile,0
C003340,56,39,95.76,3,14.2,20.1,9.3,2,Month-to-month,DSL,North,None,Tablet,0
C003341,36,23,99.84,0,12.6,49.2,9.7,1,One year,DSL,East,None,Mobile,1
C003342,42,8,115.62,3,17.4,44.7,7.6,0,Month-to-month,None,North,Basic,Desktop,0
C003343,49,45,102.91,2,17.7,49.5,7.0,0,Month-to-month,Fiber,West,None,Mobile,0
C003344,34,39,115.74,1,17.1,36.6,8.4,0,One year,DSL,West,None,Desktop,0
C003345,49,55,106.48,3,9.1,25.9,6.4,0,Two year,Fiber,East,Basic,Tablet,0
C003346,18,44,108.66,2,16.2,22.3,9.0,1,Two year,Fiber,West,None,Desktop,1
C003347,48,10,70.98,0,12.4,21.6,6.2,0,Month-to-month,Fiber,South,None,Mobile,0
C003348,18,9,39.77,1,25.2,28.9,8.5,1,Two year,None,North,Basic,Mobile,0
C003349,39,57,134.06,0,16.8,22.8,7.1,1,Month-to-month,Fiber,East,Premium,Mobile,0
C003350,53,12,73.57,0,16.6,34.9,6.0,0,Month-to-month,Fiber,West,None,Desktop,0
C003351,50,68,102.72,1,7.0,,7.7,0,Month-to-month,Fiber,West,Basic,Mobile,0
C003352,25,8,58.24,2,11.9,23.5,6.4,1,One year,DSL,South,Basic,Desktop,0
C003353,27,53,96.1,1,17.8,26.4,8.9,0,Month-to-month,DSL,North,None,Mobile,0
C003354,33,71,20.0,0,15.4,21.7,5.3,0,One year,Fiber,North,Basic,Desktop,0
C003355,44,32,61.74,3,15.4,26.9,7.5,0,Month-to-month,None,West,Basic,Desktop,0
C003356,18,5,69.54,2,3.7,38.0,5.8,0,Two year,DSL,West,None,Mobile,0
C003357,42,64,83.57,2,10.3,20.4,9.3,0,One year,DSL,West,Basic,Tablet,0
C003358,46,14,98.8,0,14.1,16.6,8.4,0,Two year,Fiber,South,None,Mobile,0
C003359,38,38,44.65,2,24.4,28.9,7.0,1,One year,Fiber,South,None,Mobile,0
C003360,49,71,88.5,2,2.8,17.3,7.1,0,Two year,Fiber,West,Basic,Tablet,0
C003361,45,54,102.67,4,8.7,47.0,10.0,1,Two year,DSL,South,Premium,Tablet,0
C003362,35,4,130.65,4,2.7,22.6,8.5,0,Month-to-month,DSL,East,Basic,Mobile,1
C003363,18,60,89.67,0,18.3,31.6,5.7,0,Month-to-month,DSL,South,None,Mobile,0
C003364,44,12,60.51,0,24.3,36.4,8.8,2,Month-to-month,DSL,West,Basic,Desktop,0
C003365,30,54,40.21,3,18.5,15.9,6.1,0,Month-to-month,DSL,South,None,Desktop,0
C003366,34,45,117.73,1,20.0,20.9,7.4,0,Month-to-month,Fiber,West,Basic,Tablet,0
C003367,48,21,90.43,0,8.8,23.4,3.3,2,Two year,None,North,,Mobile,0
C003368,60,31,71.45,0,18.6,40.4,8.6,0,Month-to-month,DSL,South,None,Mobile,0
C003369,42,9,31.5,3,10.6,53.0,5.9,0,One year,Fiber,East,None,Desktop,0
C003370,49,72,48.72,2,16.4,53.3,6.7,0,Month-to-month,DSL,North,None,Desktop,0
C003371,23,18,87.78,3,19.5,46.3,4.6,0,Two year,Fiber,North,None,Desktop,0
C003372,45,23,80.85,1,14.0,16.1,7.4,0,Month-to-month,DSL,South,Basic,Mobile,0
C003373,41,37,23.34,0,21.7,20.5,7.2,0,Month-to-month,DSL,North,None,Desktop,0
C003374,58,49,87.82,0,14.9,47.6,4.8,1,Two year,DSL,West,Basic,Desktop,0
C003375,35,37,32.79,1,17.9,49.3,7.2,0,Month-to-month,DSL,North,None,Mobile,0
C003376,39,37,105.85,3,29.2,40.5,6.6,0,Two year,DSL,West,Basic,Mobile,0
C003377,56,42,77.21,0,19.5,40.7,9.3,0,One year,DSL,North,Premium,Desktop,0
C003378,41,62,60.41,1,10.8,25.9,5.8,0,Month-to-month,DSL,North,Basic,Mobile,0
C003379,28,29,96.75,1,12.6,51.6,8.0,0,Month-to-month,DSL,West,Basic,Mobile,0
C003380,75,60,80.84,1,22.1,22.2,4.5,0,One year,None,South,None,Desktop,0
C003381,28,57,105.12,1,23.3,11.7,7.2,0,Two year,Fiber,East,Basic,Desktop,0
C003382,41,70,74.01,3,15.7,40.6,7.7,1,Month-to-month,DSL,East,Basic,Mobile,0
C003383,47,66,75.47,0,5.3,24.0,7.8,1,Month-to-month,Fiber,North,Basic,Desktop,0
C003384,45,58,64.87,1,9.3,15.4,6.9,1,Month-to-month,Fiber,North,,Desktop,0
C003385,40,18,78.57,1,17.3,41.5,10.0,1,Two year,Fiber,West,Premium,Mobile,0
C003386,40,56,114.45,3,20.1,9.1,6.5,0,One year,DSL,South,Basic,Mobile,0
C003387,39,54,59.43,3,23.0,36.5,8.0,0,Month-to-month,Fiber,South,None,Desktop,0
C003388,27,21,88.2,2,1.8,25.6,6.5,0,Month-to-month,DSL,North,Basic,Desktop,0
C003389,70,49,49.99,1,22.1,50.2,5.6,0,Month-to-month,Fiber,West,None,Mobile,0
C003390,39,19,20.33,3,26.0,36.5,5.0,0,One year,Fiber,West,Basic,Mobile,1
C003391,50,38,77.19,1,0.0,43.9,5.5,0,Month-to-month,None,East,Premium,Tablet,0
C003392,38,58,81.26,1,16.0,,8.2,0,Month-to-month,DSL,West,None,Tablet,0
C003393,37,14,69.25,1,21.3,10.7,9.5,0,Month-to-month,DSL,East,Basic,Mobile,0
C003394,36,25,34.6,2,6.1,26.7,8.2,0,One year,Fiber,East,Basic,Tablet,0
C003395,22,58,79.61,0,12.5,38.3,6.5,0,Month-to-month,Fiber,West,None,Desktop,0
C003396,40,33,78.66,1,19.9,31.9,6.0,1,Two year,Fiber,North,Premium,Tablet,0
C003397,37,70,49.78,1,12.3,44.8,7.4,0,Two year,Fiber,West,None,Mobile,0
C003398,57,1,38.16,3,13.5,37.6,5.2,0,Month-to-month,Fiber,East,Premium,Tablet,0
C003399,26,52,65.69,1,17.5,18.4,8.7,0,Month-to-month,Fiber,South,Premium,Mobile,0
C003400,34,59,88.32,3,7.8,36.6,7.8,0,Month-to-month,Fiber,West,None,Mobile,0
C003401,30,67,82.42,4,8.5,33.1,5.4,0,One year,None,North,Premium,Tablet,0
C003402,61,12,49.98,2,19.3,46.2,9.8,0,One year,Fiber,North,Premium,Desktop,0
C003403,31,71,75.42,2,22.6,19.9,4.9,0,One year,DSL,West,Basic,Mobile,0
C003404,49,29,94.18,2,18.8,23.0,7.2,0,One year,Fiber,West,None,Desktop,0
C003405,55,26,42.68,2,25.5,35.8,,0,Month-to-month,DSL,South,Premium,Tablet,0
C003406,40,26,73.58,1,18.9,48.0,8.4,0,Month-to-month,DSL,East,None,Mobile,0
C003407,24,46,105.49,2,28.9,28.6,6.0,1,Two year,None,South,Basic,Mobile,0
C003408,24,48,40.13,2,16.5,38.2,6.4,0,Month-to-month,None,South,Basic,Desktop,0
C003409,53,35,100.89,6,17.8,31.4,5.4,2,Month-to-month,DSL,East,None,Mobile,0
C003410,26,6,112.48,0,18.8,30.5,7.5,0,Month-to-month,Fiber,North,Basic,Desktop,1
C003411,47,72,66.44,1,11.6,44.8,8.6,0,One year,None,West,Basic,Mobile,0
C003412,43,16,63.42,0,10.6,32.3,3.7,0,Two year,DSL,South,None,Mobile,0
C003413,47,7,97.83,1,9.7,25.7,8.1,1,Month-to-month,None,East,None,Tablet,1
C003414,48,44,67.35,2,12.1,25.0,6.2,0,Month-to-month,None,East,Premium,Desktop,0
C003415,30,30,20.0,3,30.5,27.3,6.9,1,Two year,None,West,Premium,Mobile,0
C003416,29,45,69.53,1,28.8,22.7,5.2,0,One year,Fiber,North,None,Tablet,1
C003417,51,64,83.76,1,13.7,28.1,6.0,0,Month-to-month,Fiber,North,Basic,Mobile,0
C003418,34,8,90.5,0,13.1,31.7,10.0,0,One year,None,East,Basic,Mobile,0
C003419,18,21,49.98,2,1.0,34.4,6.5,0,Month-to-month,DSL,West,Premium,Tablet,0
C003420,50,38,65.25,2,9.0,19.2,7.1,0,One year,DSL,West,Basic,Mobile,0
C003421,29,57,96.42,4,10.3,26.0,5.5,1,Month-to-month,Fiber,East,Basic,Desktop,0
C003422,48,44,70.5,2,12.9,26.5,10.0,0,One year,DSL,South,None,Tablet,0
C003423,60,28,33.78,3,12.0,21.8,7.9,1,Month-to-month,Fiber,South,Basic,Tablet,1
C003424,42,44,102.94,2,17.5,24.0,7.1,0,Month-to-month,Fiber,East,Premium,Mobile,0
C003425,55,71,66.65,1,21.4,41.8,8.8,1,Month-to-month,Fiber,North,Basic,Desktop,0
C003426,44,35,99.28,3,10.9,47.4,7.7,0,Two year,DSL,South,Premium,Mobile,0
C003427,63,64,37.11,1,26.1,27.2,6.8,2,Month-to-month,None,East,Basic,Desktop,0
C003428,28,57,68.98,2,18.4,22.5,6.9,1,Month-to-month,Fiber,West,Premium,Mobile,0
C003429,42,22,84.74,2,22.2,30.0,4.3,0,Month-to-month,DSL,East,None,Mobile,0
C003430,51,18,69.82,1,12.9,32.0,6.4,0,Month-to-month,Fiber,East,Basic,Mobile,0
C003431,40,56,42.42,1,19.8,39.3,6.2,0,One year,Fiber,West,Basic,Desktop,0
C003432,57,15,20.0,1,19.2,26.2,7.7,0,Month-to-month,Fiber,West,Premium,Tablet,0
C003433,36,25,110.08,2,26.3,24.5,6.7,0,Month-to-month,Fiber,South,None,Desktop,0
C003434,69,17,78.2,1,20.6,60.4,8.3,0,Two year,DSL,East,None,Mobile,0
C003435,70,44,101.17,3,22.0,15.5,7.3,0,One year,Fiber,North,Basic,Mobile,0
C003436,46,22,95.22,2,12.3,41.8,5.6,0,Month-to-month,Fiber,East,Basic,Tablet,0
C003437,49,48,86.92,2,24.4,48.9,9.8,3,One year,None,South,Premium,Desktop,0
C003438,57,68,63.97,2,7.1,28.0,6.4,2,Month-to-month,Fiber,South,Basic,Desktop,0
C003439,27,60,84.24,2,12.0,36.3,8.1,0,One year,Fiber,South,None,Mobile,0
C003440,25,69,107.81,0,18.0,10.9,4.7,0,Two year,Fiber,West,None,Mobile,0
C003441,58,2,74.08,0,7.9,31.3,8.5,0,One year,Fiber,North,Basic,Desktop,0
C003442,46,33,119.54,3,9.5,44.9,4.2,0,Month-to-month,None,West,None,Desktop,0
C003443,39,16,34.51,0,9.5,32.4,10.0,1,Month-to-month,DSL,East,Basic,Desktop,0
C003444,42,67,31.83,0,18.7,31.5,8.3,0,Month-to-month,Fiber,South,Basic,Mobile,0
C003445,18,52,96.7,1,14.9,51.8,6.7,2,Month-to-month,None,East,Basic,Tablet,0
C003446,40,24,51.53,0,22.7,40.8,8.1,2,Month-to-month,Fiber,West,None,Mobile,1
C003447,32,41,123.08,2,29.2,39.5,4.8,1,Two year,Fiber,East,None,Mobile,0
C003448,54,44,105.43,5,17.9,21.3,6.7,1,Month-to-month,Fiber,West,None,Mobile,0
C003449,55,36,111.69,1,12.4,3.0,8.4,0,Month-to-month,Fiber,North,None,Mobile,0
C003450,49,35,94.11,3,18.6,35.5,8.1,1,Month-to-month,None,South,Basic,Mobile,0
C003451,47,4,48.96,2,9.7,31.1,7.1,1,Month-to-month,DSL,North,None,Mobile,0
C003452,23,33,30.52,1,15.6,40.2,7.7,0,Month-to-month,None,West,None,Mobile,0
C003453,50,26,109.38,2,33.2,32.5,,0,Month-to-month,DSL,East,None,Mobile,0
C003454,50,59,34.51,2,14.6,31.5,8.4,1,One year,Fiber,North,None,Mobile,0
C003455,58,63,111.62,2,18.1,31.4,3.7,0,Month-to-month,Fiber,West,Basic,Mobile,0
C003456,70,55,88.74,1,14.9,17.7,7.1,1,One year,DSL,East,Premium,Desktop,0
C003457,20,3,70.09,0,13.1,8.9,7.1,1,Month-to-month,DSL,North,Basic,Mobile,0
C003458,37,61,83.05,1,19.4,,4.8,0,Month-to-month,Fiber,East,Premium,Desktop,0
C003459,32,29,83.63,1,7.1,17.8,5.2,2,Month-to-month,None,South,Basic,Mobile,0
C003460,44,30,66.94,0,14.8,30.5,9.8,0,One year,None,East,Basic,Desktop,0
C003461,42,69,107.64,2,6.5,11.4,5.8,1,Month-to-month,DSL,East,Basic,Mobile,0
C003462,39,63,106.79,2,26.8,25.3,6.3,0,Month-to-month,DSL,North,Basic,Mobile,0
C003463,55,4,75.89,0,22.9,54.2,5.7,1,Month-to-month,DSL,East,Basic,Desktop,1
C003464,28,26,57.0,1,10.6,30.1,7.8,1,Month-to-month,Fiber,North,None,Mobile,0
C003465,28,54,104.65,3,3.0,31.6,7.6,1,Month-to-month,DSL,East,None,Mobile,0
C003466,29,39,21.44,2,19.4,31.2,10.0,0,One year,Fiber,North,Premium,Mobile,0
C003467,37,19,83.1,1,15.7,33.5,6.1,0,Month-to-month,DSL,South,Basic,Mobile,1
C003468,26,38,90.49,1,31.7,24.7,8.0,0,Month-to-month,Fiber,West,Basic,Mobile,0
C003469,41,63,51.29,0,25.8,29.0,3.7,0,Month-to-month,DSL,East,Premium,Desktop,0
C003470,40,17,96.34,0,20.4,24.5,4.5,1,One year,None,North,None,Mobile,0
C003471,32,54,71.34,1,12.3,13.1,9.5,0,One year,DSL,North,None,Tablet,0
C003472,53,53,58.36,2,14.2,45.1,9.1,0,Month-to-month,DSL,North,None,Mobile,0
C003473,41,64,96.08,1,18.1,20.4,7.9,3,Month-to-month,DSL,North,Premium,Tablet,0
C003474,56,22,44.86,1,18.5,50.2,9.1,0,One year,DSL,West,Basic,Tablet,0
C003475,39,16,93.73,1,11.0,21.8,5.2,0,Month-to-month,Fiber,West,Basic,Tablet,0
C003476,42,40,22.44,1,6.5,14.7,10.0,0,One year,Fiber,West,None,Tablet,0
C003477,35,39,79.14,0,29.5,54.2,5.2,0,Month-to-month,Fiber,South,Premium,Desktop,0
C003478,42,30,73.1,1,16.2,13.2,7.7,3,Month-to-month,Fiber,West,Basic,Mobile,1
C003479,51,57,58.51,3,19.0,3.8,10.0,0,Two year,Fiber,South,Basic,Mobile,0
C003480,37,58,81.74,0,10.0,13.6,5.5,0,One year,Fiber,West,None,Tablet,0
C003481,49,18,70.01,2,25.6,29.3,9.5,0,Month-to-month,Fiber,West,Premium,Mobile,0
C003482,31,58,98.37,0,23.3,14.9,,1,One year,DSL,South,None,Mobile,0
C003483,52,17,86.0,1,16.4,24.2,6.1,0,Month-to-month,DSL,South,Premium,Mobile,0
C003484,34,30,83.32,1,17.5,6.6,10.0,1,Month-to-month,DSL,South,Premium,Tablet,0
C003485,53,2,79.3,3,18.0,44.0,5.5,1,One year,DSL,East,None,Mobile,0
C003486,43,25,60.2,2,16.7,36.0,7.0,0,Month-to-month,Fiber,South,None,Tablet,0
C003487,62,70,64.45,1,19.9,15.8,8.3,1,Month-to-month,None,North,None,Desktop,0
C003488,27,32,78.21,3,18.6,3.2,6.9,0,Month-to-month,DSL,South,Basic,Mobile,0
C003489,23,52,67.67,0,14.8,20.2,10.0,0,One year,None,South,Basic,Mobile,0
C003490,34,8,99.79,2,7.8,38.8,4.8,0,Month-to-month,Fiber,South,Basic,Mobile,1
C003491,24,46,74.34,1,15.8,43.9,10.0,0,One year,DSL,North,Premium,Mobile,0
C003492,24,27,81.4,0,21.3,28.2,3.0,1,Month-to-month,Fiber,South,Basic,Mobile,0
C003493,50,54,36.93,1,20.7,25.0,1.9,1,One year,Fiber,West,None,Mobile,1
C003494,42,67,95.58,0,25.2,24.1,7.2,0,Month-to-month,Fiber,West,None,Mobile,0
C003495,36,39,57.47,0,25.9,34.7,8.4,0,Two year,DSL,West,None,Desktop,0
C003496,37,8,45.93,1,20.9,41.6,9.8,1,Two year,DSL,East,None,Desktop,0
C003497,34,35,113.15,1,17.3,29.3,10.0,0,Month-to-month,Fiber,South,Basic,Mobile,0
C003498,63,9,89.44,1,18.4,26.5,7.5,0,Two year,Fiber,South,None,Mobile,0
C003499,32,33,96.43,4,12.0,40.4,8.0,0,Month-to-month,Fiber,West,Basic,Mobile,1
C003500,25,5,83.36,0,21.6,48.9,7.5,1,Month-to-month,Fiber,West,Basic,Desktop,0
C003501,52,47,69.67,1,25.3,27.6,9.8,0,One year,Fiber,West,None,Desktop,0
C003502,39,23,65.01,1,23.3,32.0,4.9,1,Month-to-month,Fiber,East,Basic,Desktop,0
C003503,69,15,91.48,1,19.9,22.0,5.9,0,One year,None,South,None,Desktop,0
C003504,35,2,100.31,2,14.3,32.0,8.6,1,Month-to-month,DSL,East,Premium,Mobile,1
C003505,53,64,70.3,0,13.5,19.9,9.0,1,One year,DSL,East,Basic,Tablet,0
C003506,56,61,123.81,0,14.9,48.1,9.5,0,Month-to-month,DSL,South,Basic,Mobile,0
C003507,35,59,67.07,1,10.9,41.6,7.0,0,Month-to-month,DSL,South,Basic,Mobile,0
C003508,32,5,37.15,4,17.9,51.8,6.2,1,One year,Fiber,East,Premium,Desktop,0
C003509,52,26,28.96,2,0.0,24.3,8.4,0,One year,Fiber,West,Premium,Desktop,0
C003510,49,70,29.81,2,12.2,55.8,5.1,0,Month-to-month,Fiber,East,None,Desktop,0
C003511,24,42,61.65,1,16.5,33.9,10.0,0,One year,DSL,North,None,Mobile,0
C003512,27,10,66.2,0,33.5,29.4,6.2,0,Two year,Fiber,East,Basic,Tablet,0
C003513,18,11,89.06,1,16.0,46.1,6.6,0,Month-to-month,Fiber,North,Basic,Mobile,0
C003514,50,19,71.28,1,16.3,18.8,8.5,0,Month-to-month,DSL,South,Basic,Desktop,0
C003515,39,71,93.08,1,10.2,31.4,5.8,0,Month-to-month,DSL,West,Premium,Mobile,0
C003516,40,13,73.12,2,28.0,,5.0,0,Month-to-month,DSL,North,Basic,Mobile,0
C003517,20,66,72.34,1,10.3,36.0,9.2,3,Month-to-month,Fiber,East,Basic,Mobile,0
C003518,28,49,57.56,2,30.2,25.7,5.2,1,Month-to-month,Fiber,East,Basic,Mobile,0
C003519,36,67,107.56,0,10.8,24.5,7.6,0,Month-to-month,Fiber,South,Premium,Mobile,0
C003520,33,60,33.71,0,22.6,26.4,7.1,0,Month-to-month,DSL,West,Basic,Desktop,0
C003521,44,24,79.53,1,15.6,27.5,3.7,1,Two year,DSL,South,Premium,Tablet,0
C003522,50,60,67.46,2,12.1,31.9,5.2,2,Month-to-month,DSL,West,Premium,Desktop,0
C003523,72,13,91.54,2,23.1,46.5,7.7,1,Month-to-month,Fiber,West,Premium,Desktop,0
C003524,42,21,71.48,2,25.3,5.1,9.3,0,One year,DSL,South,Premium,Mobile,0
C003525,57,16,72.22,1,14.7,40.2,5.7,0,Two year,DSL,North,Basic,Mobile,0
C003526,31,10,65.33,1,15.8,25.3,5.5,2,Month-to-month,Fiber,North,Basic,Mobile,0
C003527,20,7,106.83,1,13.1,28.9,,0,Two year,Fiber,South,Basic,Desktop,0
C003528,37,14,72.06,1,17.6,18.0,8.5,0,One year,None,South,Premium,Mobile,0
C003529,21,9,121.24,2,8.3,31.6,8.8,2,Month-to-month,Fiber,West,Premium,Mobile,0
C003530,42,28,78.81,2,0.0,26.3,7.5,0,Two year,Fiber,North,Premium,Desktop,0
C003531,32,6,72.54,2,2.9,28.3,6.1,0,Two year,Fiber,South,None,Desktop,0
C003532,18,5,68.37,3,14.5,38.0,8.5,1,Two year,DSL,North,Basic,Desktop,0
C003533,65,72,86.11,3,8.5,38.6,6.9,0,Month-to-month,Fiber,West,Basic,Mobile,0
C003534,35,7,57.29,1,15.2,48.0,8.3,0,Two year,DSL,North,None,Mobile,0
C003535,21,6,75.64,0,12.4,23.9,6.2,0,One year,Fiber,East,Basic,Mobile,0
C003536,54,3,72.2,2,11.1,39.2,6.7,0,Month-to-month,Fiber,North,Basic,Desktop,0
C003537,33,10,80.13,3,11.5,38.6,8.1,0,Month-to-month,Fiber,South,Basic,Desktop,0
C003538,56,39,80.75,3,22.8,32.1,3.4,0,Month-to-month,DSL,West,Basic,Tablet,1
C003539,32,60,82.05,2,17.6,51.2,9.5,0,One year,None,West,Basic,Desktop,1
C003540,35,53,74.37,1,27.0,23.3,7.0,2,Two year,DSL,West,Basic,Mobile,0
C003541,46,42,111.22,0,16.7,32.8,2.0,0,Month-to-month,DSL,East,None,Mobile,0
C003542,50,7,82.56,2,2.6,34.7,7.4,0,Month-to-month,Fiber,East,Basic,Mobile,1
C003543,52,56,137.15,1,8.7,16.6,6.3,0,One year,Fiber,East,Basic,Desktop,0
C003544,41,3,73.25,5,16.8,46.2,5.2,0,Month-to-month,DSL,East,Premium,Mobile,1
C003545,49,46,95.97,3,17.7,29.7,10.0,0,One year,DSL,North,None,Tablet,0
C003546,52,30,53.85,0,11.9,36.2,8.6,1,Month-to-month,None,South,Basic,Desktop,0
C003547,45,64,107.02,1,10.4,50.0,6.8,0,Month-to-month,Fiber,South,Basic,Tablet,0
C003548,40,23,54.39,2,11.7,33.6,7.2,0,Month-to-month,Fiber,South,None,Tablet,0
C003549,23,46,83.4,3,15.0,31.5,7.6,0,Month-to-month,DSL,South,,Desktop,0
C003550,50,32,65.39,0,15.7,31.8,4.2,1,Month-to-month,Fiber,North,Basic,Tablet,0
C003551,43,38,83.3,2,8.3,18.9,10.0,0,Month-to-month,Fiber,North,Premium,Mobile,0
C003552,37,68,66.13,2,17.7,26.4,7.2,0,Month-to-month,Fiber,South,None,Desktop,0
C003553,59,52,52.27,1,17.7,29.2,10.0,0,Two year,DSL,South,Basic,Desktop,0
C003554,23,30,65.21,4,15.2,32.2,5.6,1,One year,Fiber,East,Basic,Desktop,0
C003555,63,33,110.54,4,11.2,47.5,8.2,1,Month-to-month,DSL,East,Basic,Desktop,0
C003556,42,51,83.68,0,20.7,42.1,5.0,1,One year,DSL,West,Basic,Mobile,0
C003557,46,25,39.78,0,25.3,23.9,1.9,0,One year,None,West,None,Mobile,0
C003558,37,13,99.38,2,12.9,30.7,8.7,2,Two year,DSL,East,None,Desktop,0
C003559,20,34,49.71,0,11.6,47.8,7.5,1,Two year,Fiber,West,Basic,Tablet,0
C003560,40,5,90.58,1,19.3,10.3,6.1,0,One year,Fiber,West,None,Mobile,0
C003561,46,13,85.83,1,7.8,28.3,1.0,1,Month-to-month,None,West,None,Tablet,1
C003562,51,31,87.41,0,7.1,15.3,6.3,0,One year,DSL,West,Basic,Desktop,0
C003563,39,58,118.33,0,11.5,60.3,7.6,0,Month-to-month,None,South,Basic,Tablet,0
C003564,18,57,51.28,4,18.2,40.3,5.2,0,One year,Fiber,South,None,Tablet,0
C003565,22,19,87.27,2,9.8,25.0,7.3,1,Month-to-month,DSL,West,Basic,Desktop,0
C003566,69,31,103.49,2,15.9,30.6,6.0,1,One year,Fiber,North,Basic,Mobile,0
C003567,28,12,55.92,0,1.9,21.1,4.9,0,Month-to-month,Fiber,West,Premium,Mobile,0
C003568,61,55,53.36,1,20.3,54.9,6.8,0,Month-to-month,Fiber,South,None,Tablet,0
C003569,30,18,64.82,2,26.1,3.5,3.2,1,One year,Fiber,West,Basic,Desktop,0
C003570,40,58,80.12,0,9.6,,8.0,0,Two year,Fiber,East,None,Mobile,0
C003571,50,61,36.74,4,19.1,30.1,7.3,2,One year,Fiber,West,None,Desktop,0
C003572,31,50,85.79,0,14.5,18.7,8.2,0,Two year,DSL,West,Basic,Tablet,0
C003573,63,24,36.79,2,16.7,28.0,9.1,0,Two year,Fiber,North,Basic,Mobile,0
C003574,43,69,104.33,0,14.3,11.6,6.6,0,Month-to-month,Fiber,North,None,Tablet,0
C003575,48,50,84.84,0,13.9,49.8,2.3,0,One year,None,West,Basic,Mobile,0
C003576,39,47,119.83,2,10.2,31.3,6.6,2,Two year,Fiber,West,Basic,Desktop,1
C003577,51,62,88.72,0,8.3,42.0,5.0,0,Month-to-month,DSL,North,Basic,Tablet,0
C003578,63,64,64.38,1,23.7,25.2,9.7,0,One year,DSL,North,Basic,Mobile,0
C003579,40,6,52.03,1,4.2,47.1,6.4,0,Month-to-month,Fiber,East,Premium,Desktop,0
C003580,64,64,77.97,1,15.9,31.4,8.6,0,Month-to-month,Fiber,West,Basic,Mobile,0
C003581,34,56,71.24,3,15.6,43.9,9.7,0,Month-to-month,None,East,Basic,Mobile,0
C003582,52,15,101.65,1,15.7,37.8,5.8,0,Month-to-month,Fiber,East,None,Desktop,0
C003583,48,23,48.78,0,20.7,30.6,7.2,0,Two year,Fiber,East,Basic,Tablet,0
C003584,28,55,122.52,0,13.4,43.0,7.2,0,Month-to-month,Fiber,South,Basic,Tablet,0
C003585,45,16,103.87,0,20.6,81.2,10.0,2,Month-to-month,Fiber,South,Basic,Desktop,0
C003586,42,33,66.91,5,29.9,17.4,9.4,0,Two year,Fiber,North,Basic,Tablet,0
C003587,31,50,116.95,1,14.9,29.5,5.2,1,Month-to-month,DSL,West,Basic,Mobile,0
C003588,47,47,52.42,2,1.8,15.5,6.0,0,One year,Fiber,East,Premium,Desktop,0
C003589,44,66,77.14,3,15.0,36.0,6.3,0,Two year,Fiber,East,Basic,Desktop,0
C003590,41,9,40.09,1,14.3,33.7,5.6,0,Two year,Fiber,East,None,Desktop,0
C003591,41,22,118.16,1,18.8,54.3,6.5,1,Two year,Fiber,West,None,Mobile,0
C003592,41,71,30.82,0,2.0,27.9,6.1,1,Two year,Fiber,East,None,Mobile,0
C003593,37,41,35.99,1,18.3,42.4,7.2,0,Month-to-month,DSL,North,Premium,Mobile,0
C003594,44,18,56.13,2,13.1,6.0,6.9,1,Two year,None,South,Basic,Desktop,0
C003595,34,21,105.06,2,21.6,32.8,9.2,1,Month-to-month,DSL,North,Premium,Mobile,0
C003596,77,25,95.87,1,12.4,20.6,5.7,0,Month-to-month,DSL,North,Premium,Mobile,0
C003597,24,40,75.05,0,22.1,38.1,4.1,0,Two year,DSL,East,Basic,Mobile,0
C003598,34,21,97.47,2,5.4,44.8,6.2,0,Month-to-month,DSL,East,None,Mobile,0
C003599,35,45,69.11,0,16.1,23.8,6.0,1,Month-to-month,DSL,East,Basic,Mobile,0
C003600,69,33,82.56,3,9.2,37.5,9.8,0,Month-to-month,DSL,West,Basic,Desktop,0
C003601,25,44,113.29,1,12.6,26.7,8.6,0,Month-to-month,None,North,None,Tablet,0
C003602,48,12,65.83,4,35.0,31.6,9.4,0,Month-to-month,Fiber,East,None,Desktop,0
C003603,45,45,52.84,2,9.4,35.9,8.8,0,Month-to-month,DSL,West,None,Tablet,0
C003604,46,67,83.76,1,13.4,19.0,3.5,0,One year,Fiber,West,Basic,Mobile,0
C003605,58,10,90.51,1,8.0,19.0,5.6,0,Two year,Fiber,North,Basic,Desktop,1
C003606,58,24,74.76,1,13.9,41.4,4.4,1,Month-to-month,Fiber,North,Basic,Desktop,0
C003607,36,50,97.08,1,15.0,22.9,9.9,0,Month-to-month,Fiber,North,None,Mobile,0
C003608,45,45,66.97,2,10.9,46.4,8.6,0,Two year,Fiber,West,Basic,Mobile,0
C003609,18,49,75.19,4,27.0,9.7,7.8,0,Month-to-month,DSL,West,Premium,Desktop,0
C003610,43,41,81.36,1,24.1,42.2,6.1,0,Month-to-month,Fiber,West,Basic,Mobile,0
C003611,32,50,79.18,0,9.4,31.1,6.3,1,Month-to-month,Fiber,South,Basic,Desktop,0
C003612,40,44,112.33,1,21.7,29.9,5.6,0,Month-to-month,DSL,East,None,Desktop,0
C003613,20,6,81.24,2,12.6,32.8,8.3,0,Month-to-month,Fiber,South,None,Mobile,0
C003614,47,55,64.4,1,7.4,13.6,7.3,1,Two year,Fiber,South,Basic,Mobile,0
C003615,20,33,85.2,1,11.0,44.5,8.3,1,Month-to-month,DSL,West,Premium,Desktop,0
C003616,44,4,97.22,0,7.2,25.8,7.9,0,Month-to-month,DSL,South,Basic,Desktop,0
C003617,26,30,91.36,1,22.6,21.0,8.6,0,Month-to-month,DSL,South,Basic,Mobile,0
C003618,31,32,89.97,0,9.9,57.0,8.0,0,Month-to-month,DSL,North,Basic,Desktop,0
C003619,57,7,34.55,1,25.0,26.8,9.1,0,Month-to-month,DSL,North,None,Desktop,0
C003620,50,72,20.0,3,17.0,20.6,8.4,0,Month-to-month,Fiber,West,Basic,Mobile,0
C003621,57,17,103.88,2,13.2,40.8,6.2,1,One year,DSL,West,None,Desktop,0
C003622,62,24,82.97,3,12.5,,8.0,0,Month-to-month,Fiber,West,,Desktop,0
C003623,32,32,71.46,3,28.3,43.1,7.7,0,Month-to-month,None,East,None,Mobile,0
C003624,61,60,89.36,0,16.1,32.0,6.8,0,Two year,None,East,None,Desktop,0
C003625,23,54,120.18,3,12.5,42.5,7.1,0,Two year,Fiber,North,None,Mobile,0
C003626,52,56,107.34,1,22.0,55.6,8.9,1,One year,Fiber,North,Basic,Desktop,0
C003627,36,18,96.06,3,20.1,21.9,8.1,0,Month-to-month,DSL,North,Premium,Tablet,0
C003628,30,61,49.83,0,9.1,25.5,8.8,0,Two year,Fiber,South,Basic,Mobile,0
C003629,50,60,53.08,0,16.0,11.8,7.2,0,Month-to-month,Fiber,South,Premium,Tablet,0
C003630,54,34,20.0,1,3.3,35.6,9.2,0,Month-to-month,DSL,East,Basic,Mobile,0
C003631,54,40,87.84,2,15.8,32.5,8.5,1,One year,DSL,West,None,Mobile,0
C003632,45,3,99.72,2,18.2,46.2,5.6,2,One year,DSL,North,Basic,Mobile,0
C003633,44,55,101.75,3,19.1,30.7,6.5,0,Month-to-month,Fiber,East,None,Mobile,0
C003634,49,70,88.89,1,9.0,30.0,5.6,0,Month-to-month,DSL,North,Premium,Mobile,0
C003635,46,35,68.15,1,10.8,33.3,5.2,0,Two year,None,South,None,Mobile,0
C003636,49,39,57.89,2,17.7,28.2,10.0,0,Month-to-month,Fiber,North,None,Tablet,0
C003637,45,36,51.37,2,24.8,35.4,10.0,0,One year,Fiber,South,None,Desktop,0
C003638,53,6,67.91,2,16.6,33.7,9.2,1,Month-to-month,Fiber,North,None,Mobile,0
C003639,21,45,47.55,0,12.1,37.5,7.9,1,One year,Fiber,South,Basic,Mobile,0
C003640,40,52,115.9,1,22.8,28.3,6.1,1,Month-to-month,DSL,East,Basic,Desktop,0
C003641,24,67,39.44,1,16.9,37.6,5.1,0,Month-to-month,Fiber,South,Premium,Tablet,0
C003642,46,67,67.07,6,17.3,38.4,6.7,0,Month-to-month,Fiber,South,Basic,Mobile,0
C003643,63,36,23.59,1,21.6,27.1,5.8,2,One year,Fiber,North,Basic,Tablet,0
C003644,36,70,79.41,0,15.3,30.0,8.4,0,Month-to-month,Fiber,West,Premium,Mobile,0
C003645,44,39,71.94,1,9.5,28.9,7.4,0,Month-to-month,Fiber,West,None,Mobile,0
C003646,52,47,63.08,1,14.9,16.3,8.6,0,Month-to-month,DSL,West,Basic,Desktop,0
C003647,18,44,48.68,1,23.8,25.2,7.5,1,Month-to-month,DSL,South,Basic,Tablet,0
C003648,35,72,72.06,1,29.2,40.1,4.1,0,Month-to-month,Fiber,South,Premium,Mobile,0
C003649,47,54,58.39,1,7.5,41.2,,0,One year,Fiber,South,Premium,Tablet,0
C003650,18,9,68.58,1,27.5,35.1,7.8,0,One year,Fiber,North,None,Mobile,0
C003651,29,6,120.94,1,13.4,18.8,7.6,0,Month-to-month,None,East,Basic,Tablet,0
C003652,56,30,76.3,5,16.1,42.7,6.1,1,One year,Fiber,South,Basic,Tablet,0
C003653,55,38,85.32,0,27.9,53.2,6.2,1,Month-to-month,Fiber,South,None,Mobile,0
C003654,47,49,60.39,0,13.1,38.1,5.9,1,Month-to-month,DSL,South,None,Tablet,0
C003655,53,35,52.39,2,14.1,31.0,4.1,1,One year,Fiber,West,None,Mobile,0
C003656,45,38,71.43,2,11.5,20.6,7.0,0,One year,Fiber,North,None,Mobile,0
C003657,49,67,134.6,0,16.3,30.8,8.5,1,Two year,Fiber,North,Basic,Mobile,0
C003658,38,25,64.81,1,18.2,25.1,6.2,0,Month-to-month,Fiber,North,None,Mobile,0
C003659,44,36,81.04,1,11.2,28.6,4.9,0,Month-to-month,Fiber,South,None,Desktop,0
C003660,34,41,51.29,1,26.2,46.5,8.9,0,Two year,Fiber,West,None,Mobile,0
C003661,58,34,20.0,1,10.8,41.6,9.6,0,Two year,None,South,Premium,Desktop,0
C003662,62,70,52.25,1,19.5,26.9,,0,Month-to-month,Fiber,South,None,Tablet,0
C003663,60,70,131.52,2,16.2,32.1,5.4,0,Month-to-month,Fiber,South,None,Desktop,0
C003664,37,37,86.88,2,24.7,30.9,6.8,0,One year,Fiber,South,Basic,Mobile,0
C003665,30,33,113.02,1,10.4,25.8,,1,Month-to-month,Fiber,West,Basic,Desktop,0
C003666,59,43,63.31,1,20.0,14.9,6.3,0,One year,Fiber,East,Basic,Desktop,0
C003667,49,14,20.0,1,32.9,40.9,4.3,0,Month-to-month,Fiber,South,Basic,Desktop,0
C003668,46,31,44.28,2,5.9,45.2,8.8,1,Month-to-month,Fiber,West,Basic,Mobile,0
C003669,34,16,81.93,1,9.7,23.7,7.5,0,Month-to-month,Fiber,West,None,Mobile,0
C003670,48,11,77.94,3,30.6,23.2,9.9,0,One year,Fiber,South,None,Desktop,0
C003671,28,7,71.74,2,15.1,,7.2,0,One year,DSL,North,Basic,Desktop,0
C003672,50,43,58.74,3,16.8,23.0,9.8,0,Two year,Fiber,South,None,Mobile,0
C003673,60,1,95.49,1,13.7,14.4,6.7,0,Month-to-month,Fiber,East,Basic,Mobile,1
C003674,63,47,59.47,1,27.6,25.7,6.0,0,Month-to-month,Fiber,East,None,Mobile,0
C003675,51,32,79.7,0,4.7,47.3,6.2,1,Two year,Fiber,West,Basic,Desktop,0
C003676,24,27,76.88,1,24.7,24.7,10.0,2,One year,DSL,South,Premium,Desktop,0
C003677,45,56,62.79,0,5.7,23.2,6.8,1,Two year,Fiber,North,Basic,Desktop,0
C003678,70,39,49.97,3,5.0,25.3,9.9,0,Two year,Fiber,North,Premium,Mobile,0
C003679,31,53,61.32,0,8.4,17.2,6.3,0,Month-to-month,Fiber,North,Premium,Desktop,0
C003680,41,52,118.84,2,15.1,15.2,4.6,0,Month-to-month,Fiber,South,Basic,Desktop,0
C003681,60,3,99.81,0,11.0,27.9,8.4,0,Month-to-month,DSL,East,None,Mobile,0
C003682,50,16,97.51,1,10.6,14.2,5.9,0,One year,DSL,South,Premium,Desktop,0
C003683,74,42,52.34,1,9.5,26.2,7.6,0,One year,Fiber,East,Premium,Mobile,0
C003684,32,71,36.06,5,9.6,34.2,7.5,1,Month-to-month,Fiber,South,Basic,Mobile,0
C003685,29,12,99.41,5,9.5,35.5,7.4,1,One year,None,West,Basic,Desktop,0
C003686,58,8,94.62,2,17.6,29.3,10.0,0,Month-to-month,Fiber,East,None,Desktop,0
C003687,26,68,75.43,0,11.5,16.6,7.6,0,Month-to-month,Fiber,East,Basic,Tablet,0
C003688,39,70,62.74,1,0.0,26.1,7.3,0,Month-to-month,Fiber,East,None,Mobile,0
C003689,41,13,35.4,0,15.7,35.1,6.5,0,Month-to-month,DSL,South,None,Desktop,0
C003690,55,29,93.69,1,21.2,38.4,8.1,1,Month-to-month,Fiber,West,Premium,Tablet,0
C003691,50,46,101.65,3,14.0,27.7,7.9,1,One year,DSL,West,Premium,Mobile,0
C003692,48,15,55.02,2,7.2,22.6,6.4,0,Two year,Fiber,South,Premium,Mobile,0
C003693,37,24,52.94,2,21.2,32.0,8.8,0,Two year,None,South,Premium,Tablet,0
C003694,58,29,103.03,2,6.4,26.8,,0,Month-to-month,Fiber,North,Basic,Mobile,1
C003695,85,47,55.95,4,13.8,18.8,8.1,0,Two year,Fiber,North,Basic,Desktop,0
C003696,51,23,116.48,2,15.8,34.7,4.7,0,Month-to-month,None,North,Basic,Mobile,0
C003697,43,30,69.27,0,23.6,31.2,,1,One year,DSL,West,Basic,Tablet,0
C003698,25,21,62.34,1,20.0,17.7,5.8,1,One year,Fiber,South,None,Mobile,0
C003699,34,55,73.13,2,17.7,23.4,8.3,0,Month-to-month,DSL,South,None,Mobile,0
C003700,39,12,62.33,2,22.5,28.7,9.4,1,Month-to-month,DSL,North,Basic,Mobile,0
C003701,35,17,100.16,1,7.9,12.7,7.8,0,Month-to-month,Fiber,South,None,Tablet,0
C003702,42,18,94.15,2,27.1,22.3,9.2,0,Month-to-month,Fiber,West,None,Mobile,0
C003703,65,66,99.2,1,0.0,38.6,5.2,0,One year,DSL,West,Basic,Mobile,0
C003704,58,69,76.61,1,26.0,25.1,7.0,1,Two year,Fiber,North,None,Mobile,0
C003705,40,37,60.59,2,10.1,21.4,5.9,0,Month-to-month,DSL,West,Basic,Desktop,0
C003706,26,12,71.77,0,18.7,44.0,5.9,0,One year,DSL,West,Premium,Desktop,0
C003707,59,55,61.36,2,26.1,35.2,4.3,0,Two year,Fiber,South,Basic,Mobile,0
C003708,41,36,108.66,2,19.9,39.3,7.2,1,Month-to-month,Fiber,West,Basic,Desktop,0
C003709,20,62,97.06,3,18.6,21.6,8.8,1,One year,Fiber,North,Basic,Mobile,0
C003710,51,26,69.71,2,22.1,27.6,9.4,3,Month-to-month,Fiber,West,Basic,Mobile,0
C003711,55,72,48.84,1,5.6,30.9,,1,Month-to-month,Fiber,East,Premium,Desktop,0
C003712,18,59,110.52,1,6.7,33.7,6.2,0,One year,Fiber,East,None,Mobile,1
C003713,31,17,75.42,2,17.9,58.4,5.8,0,Month-to-month,DSL,East,Basic,Tablet,0
C003714,41,53,68.75,3,14.6,32.0,5.6,1,Two year,DSL,West,None,Desktop,0
C003715,52,21,110.74,0,13.8,44.0,6.6,0,Two year,None,West,Basic,Desktop,0
C003716,35,26,59.25,1,24.7,58.5,7.1,0,Month-to-month,DSL,South,Basic,Mobile,1
C003717,31,19,64.03,0,24.1,51.6,6.6,1,Month-to-month,Fiber,West,Premium,Tablet,0
C003718,51,50,66.23,0,9.6,32.9,4.6,0,Month-to-month,Fiber,East,Basic,Tablet,0
C003719,36,19,39.09,0,19.1,44.8,8.8,0,Month-to-month,Fiber,North,Basic,Mobile,0
C003720,49,46,79.89,3,5.0,32.5,7.4,0,Month-to-month,None,East,None,Desktop,0
C003721,28,42,52.94,0,4.9,30.5,7.8,0,One year,None,South,Premium,Tablet,0
C003722,24,55,57.73,3,9.8,41.1,7.9,0,Month-to-month,Fiber,North,Premium,Desktop,0
C003723,52,72,54.39,1,15.6,41.6,8.2,0,Month-to-month,Fiber,North,None,Mobile,0
C003724,45,1,57.32,4,11.4,37.1,7.4,0,One year,Fiber,South,Basic,Mobile,0
C003725,54,72,51.03,0,19.2,29.0,5.6,0,Month-to-month,Fiber,South,None,Mobile,0
C003726,35,8,78.18,2,15.9,25.2,9.8,0,One year,None,East,Basic,Desktop,0
C003727,32,38,68.11,0,23.8,16.5,8.2,0,Two year,DSL,North,Basic,Mobile,0
C003728,60,25,73.2,0,19.8,32.9,5.5,1,Month-to-month,DSL,West,Basic,Desktop,0
C003729,22,47,130.84,0,8.7,33.8,5.5,0,One year,Fiber,East,None,Tablet,0
C003730,58,52,68.11,1,22.3,41.0,10.0,1,Two year,Fiber,North,None,Desktop,0
C003731,59,62,87.12,3,10.0,13.5,6.8,0,Month-to-month,Fiber,West,Basic,Mobile,0
C003732,53,29,89.97,0,18.9,32.2,5.9,0,One year,None,South,Premium,Mobile,0
C003733,33,68,70.43,0,12.6,28.6,6.1,0,Month-to-month,Fiber,East,Basic,Tablet,0
C003734,31,24,78.84,0,25.3,30.3,,2,Month-to-month,DSL,North,Basic,Tablet,0
C003735,39,15,72.52,1,21.1,45.9,6.2,0,One year,DSL,East,Premium,Desktop,0
C003736,25,28,77.06,0,11.2,46.4,7.3,0,Two year,Fiber,South,None,Mobile,0
C003737,29,39,57.34,2,13.3,43.2,10.0,0,Two year,Fiber,West,Basic,Desktop,0
C003738,50,49,59.64,0,38.9,32.1,4.3,0,One year,DSL,North,None,Desktop,0
C003739,50,60,72.42,2,7.2,28.7,6.4,0,Two year,DSL,South,Basic,Mobile,0
C003740,28,17,22.7,1,11.0,45.4,7.2,0,Month-to-month,DSL,East,None,Mobile,0
C003741,51,22,109.4,2,11.3,51.5,3.9,0,One year,DSL,North,Premium,Desktop,1
C003742,48,68,126.02,1,7.9,50.2,8.0,0,One year,DSL,South,None,Desktop,0
C003743,62,32,76.26,3,8.6,36.9,8.7,2,Month-to-month,None,South,None,Mobile,0
C003744,49,18,88.64,2,15.2,31.5,4.6,0,Month-to-month,None,West,Premium,Mobile,0
C003745,56,71,99.03,1,19.3,39.3,7.0,2,Month-to-month,DSL,South,Basic,Mobile,0
C003746,48,33,38.88,0,4.8,40.1,7.4,0,One year,Fiber,East,Basic,Desktop,0
C003747,55,71,95.21,0,12.5,26.2,8.1,0,Month-to-month,Fiber,North,Basic,Tablet,0
C003748,25,67,61.34,0,10.4,,10.0,0,Two year,Fiber,South,Basic,Mobile,0
C003749,40,66,129.27,5,7.8,67.6,5.8,0,Month-to-month,Fiber,East,None,Mobile,1
C003750,41,42,67.29,4,23.0,26.2,8.1,0,One year,DSL,South,Basic,Mobile,0
C003751,39,58,94.7,2,10.6,41.2,6.9,0,Month-to-month,Fiber,East,Basic,Tablet,0
C003752,48,70,67.54,1,6.4,,6.6,0,Two year,DSL,North,Basic,Desktop,0
C003753,50,20,126.92,0,22.2,29.5,7.1,0,Month-to-month,Fiber,East,Premium,Desktop,0
C003754,47,3,59.19,1,24.8,19.9,7.8,2,Month-to-month,Fiber,North,None,Mobile,0
C003755,40,24,101.13,1,17.7,20.0,7.1,1,Month-to-month,Fiber,South,Basic,Desktop,0
C003756,32,46,87.67,0,9.4,38.4,7.6,0,Month-to-month,Fiber,West,None,Mobile,0
C003757,56,40,82.11,1,14.1,37.0,7.0,0,Month-to-month,Fiber,East,None,Desktop,0
C003758,47,6,77.73,0,11.4,53.1,5.4,1,Month-to-month,DSL,South,Premium,Mobile,0
C003759,29,41,55.32,0,15.7,31.3,8.6,0,Month-to-month,Fiber,East,None,Desktop,0
C003760,39,13,20.0,1,21.0,32.9,8.9,2,Month-to-month,Fiber,West,Basic,Mobile,0
C003761,19,37,98.86,1,15.8,30.5,8.9,0,Month-to-month,Fiber,South,None,Tablet,0
C003762,42,42,59.78,0,16.0,19.3,8.3,1,One year,Fiber,North,None,Mobile,0
C003763,39,46,101.24,0,12.4,38.1,5.7,0,Month-to-month,DSL,North,Basic,Mobile,0
C003764,35,30,80.79,0,20.7,29.0,5.4,0,Month-to-month,Fiber,North,Premium,Mobile,0
C003765,63,30,102.01,2,18.6,13.8,8.7,0,One year,Fiber,South,Basic,Mobile,0
C003766,27,49,92.05,1,3.1,44.3,4.9,0,Two year,Fiber,West,Basic,Tablet,0
C003767,51,54,20.0,4,3.5,24.1,5.9,1,Month-to-month,Fiber,East,Basic,Tablet,1
C003768,70,59,87.37,2,13.7,35.0,10.0,0,Month-to-month,Fiber,West,Basic,Mobile,0
C003769,56,25,63.41,1,22.8,35.4,8.0,0,Month-to-month,Fiber,East,None,Desktop,0
C003770,42,31,101.13,2,24.2,33.5,7.4,1,Month-to-month,DSL,East,Basic,Tablet,0
C003771,27,24,86.78,0,21.3,18.9,3.8,0,Month-to-month,Fiber,East,Basic,Desktop,0
C003772,24,38,87.07,1,14.9,47.8,5.9,1,One year,Fiber,South,None,Mobile,0
C003773,37,10,65.19,0,26.3,22.3,8.6,0,Month-to-month,DSL,East,Basic,Mobile,0
C003774,33,31,49.18,1,10.9,3.0,4.4,0,Month-to-month,DSL,South,None,Mobile,0
C003775,33,14,61.18,0,13.6,41.2,7.8,0,Month-to-month,Fiber,South,Basic,Mobile,0
C003776,38,39,27.0,1,6.1,40.8,4.6,0,One year,None,West,None,Desktop,0
C003777,41,62,57.24,0,13.6,16.7,6.0,0,One year,DSL,North,Basic,Mobile,0
C003778,48,71,35.4,2,10.0,30.9,4.3,0,Month-to-month,DSL,North,Basic,Mobile,0
C003779,26,33,36.06,4,26.8,44.0,7.3,0,One year,DSL,West,None,Mobile,0
C003780,33,5,74.91,0,25.4,47.9,4.0,1,Month-to-month,Fiber,North,None,Tablet,1
C003781,40,17,85.35,1,16.4,38.3,6.9,1,Month-to-month,Fiber,North,Basic,Mobile,0
C003782,39,8,71.21,0,19.3,40.9,8.2,0,Month-to-month,None,East,Basic,Desktop,1
C003783,66,55,59.53,1,11.8,39.6,7.5,0,Month-to-month,None,South,Premium,Mobile,0
C003784,45,71,48.31,1,0.0,29.4,7.9,0,Two year,DSL,East,None,Mobile,0
C003785,21,40,64.07,2,10.7,17.9,7.5,0,One year,DSL,North,Basic,Desktop,0
C003786,47,13,51.44,4,21.2,27.9,6.9,0,One year,DSL,West,Premium,Tablet,0
C003787,49,2,70.43,1,19.1,44.5,7.0,0,Month-to-month,Fiber,East,Basic,Mobile,0
C003788,40,71,33.96,1,13.3,44.4,7.6,1,Two year,Fiber,North,Premium,Mobile,0
C003789,26,23,89.53,3,21.2,33.4,5.1,0,Month-to-month,Fiber,West,None,Mobile,0
C003790,65,9,57.82,2,12.7,27.0,6.4,0,Month-to-month,DSL,North,Basic,Mobile,0
C003791,28,13,81.41,1,8.0,51.8,10.0,0,Two year,Fiber,North,Basic,Tablet,0
C003792,51,19,94.18,1,21.2,32.5,8.0,0,One year,Fiber,North,None,Desktop,0
C003793,45,48,80.2,1,11.7,38.6,9.3,0,One year,DSL,East,None,Desktop,0
C003794,50,65,91.98,1,23.2,,7.7,3,Two year,DSL,East,Basic,Tablet,0
C003795,64,20,20.33,0,2.0,30.3,5.8,1,Month-to-month,Fiber,West,Premium,Desktop,0
C003796,49,50,59.68,0,12.0,44.0,6.6,0,Month-to-month,Fiber,North,Basic,Mobile,0
C003797,35,5,99.58,2,20.2,,4.0,0,Month-to-month,DSL,East,Basic,Mobile,0
C003798,56,1,84.73,0,19.5,30.5,9.6,0,Month-to-month,Fiber,East,None,Mobile,0
C003799,34,4,118.21,1,14.5,35.9,8.7,0,Two year,None,North,Basic,Mobile,0
C003800,44,67,114.61,1,18.0,48.1,5.6,0,Month-to-month,Fiber,North,Premium,Mobile,0
C003801,25,42,79.49,2,17.0,42.7,8.5,0,Month-to-month,Fiber,West,Basic,Mobile,0
C003802,29,58,65.7,1,5.6,51.3,8.3,1,One year,Fiber,East,Basic,Mobile,0
C003803,43,2,48.04,0,13.5,41.0,7.2,0,Two year,Fiber,South,None,Mobile,0
C003804,47,2,60.1,1,17.6,41.7,8.0,2,One year,Fiber,West,Basic,Tablet,0
C003805,20,62,61.79,3,19.5,19.5,8.1,1,Month-to-month,DSL,West,None,Mobile,0
C003806,48,8,57.17,1,15.5,19.2,7.8,0,Month-to-month,None,South,Basic,Mobile,0
C003807,31,12,49.04,1,12.1,51.2,7.4,0,One year,Fiber,North,Basic,Mobile,0
C003808,59,38,82.04,1,6.7,25.6,7.3,0,One year,DSL,South,None,Desktop,0
C003809,37,44,114.42,2,21.3,24.5,6.1,2,Month-to-month,DSL,West,Premium,Tablet,1
C003810,27,17,95.33,3,20.5,3.3,8.7,0,Two year,Fiber,North,Premium,Desktop,0
C003811,43,33,63.94,2,22.9,43.7,10.0,0,One year,Fiber,West,,Desktop,0
C003812,30,49,97.35,4,8.5,17.6,5.1,0,One year,DSL,North,Premium,Mobile,0
C003813,58,32,80.67,3,16.9,21.2,7.2,0,Month-to-month,Fiber,East,Basic,Desktop,0
C003814,42,28,70.98,2,11.2,44.1,5.9,0,Month-to-month,DSL,East,None,Desktop,0
C003815,40,6,69.42,0,16.3,4.5,8.1,0,One year,None,East,Premium,Mobile,0
C003816,50,33,67.0,0,36.3,47.3,7.9,0,Month-to-month,Fiber,East,None,Desktop,0
C003817,29,58,88.28,0,22.3,21.0,7.3,0,Month-to-month,Fiber,West,Basic,Desktop,0
C003818,25,46,75.49,0,10.7,29.2,6.0,1,Month-to-month,Fiber,West,None,Desktop,0
C003819,47,65,53.79,2,14.2,21.7,6.2,0,Two year,None,South,Premium,Desktop,0
C003820,28,10,52.58,0,13.5,15.0,5.7,0,Two year,DSL,North,None,Mobile,0
C003821,28,1,79.65,2,16.9,21.9,4.0,0,Month-to-month,Fiber,West,Premium,Tablet,0
C003822,53,40,82.72,1,5.3,21.1,9.3,2,Month-to-month,Fiber,East,Basic,Tablet,0
C003823,49,13,64.17,1,18.3,16.2,8.3,0,One year,Fiber,East,Premium,Tablet,0
C003824,26,43,43.7,3,1.2,49.5,9.4,0,One year,Fiber,South,None,Tablet,0
C003825,34,66,103.27,0,4.3,19.4,6.5,1,Month-to-month,DSL,South,None,Tablet,0
C003826,30,25,97.97,0,30.0,8.4,8.0,1,Month-to-month,Fiber,East,None,Mobile,0
C003827,65,40,22.32,0,13.5,6.2,5.6,1,Two year,DSL,North,Basic,Mobile,0
C003828,54,50,105.49,0,26.0,36.2,6.1,0,Month-to-month,Fiber,South,Basic,Mobile,0
C003829,37,11,66.78,0,10.3,10.2,10.0,0,One year,DSL,West,Basic,Mobile,0
C003830,49,65,76.75,1,1.3,28.9,6.4,0,Month-to-month,Fiber,North,None,Desktop,0
C003831,24,15,100.46,2,8.6,54.6,8.8,0,Month-to-month,Fiber,South,Premium,Mobile,0
C003832,33,59,113.31,3,34.8,33.2,7.6,1,One year,DSL,North,Premium,Mobile,0
C003833,43,48,97.07,2,6.1,34.9,4.6,1,Two year,Fiber,West,None,Desktop,1
C003834,48,11,78.03,3,28.4,24.6,6.9,0,One year,DSL,North,Basic,Mobile,0
C003835,41,53,37.61,3,18.4,30.8,7.8,0,One year,DSL,South,Premium,Desktop,0
C003836,45,15,21.34,0,16.8,28.4,8.4,0,One year,None,North,None,Desktop,0
C003837,43,44,93.95,2,10.8,34.7,3.9,1,Month-to-month,DSL,North,Basic,Mobile,0
C003838,40,70,105.55,4,9.7,50.9,5.4,0,Month-to-month,DSL,East,Basic,Mobile,0
C003839,38,69,51.63,1,19.9,25.9,7.7,0,Two year,Fiber,East,Basic,Mobile,0
C003840,36,63,65.26,1,25.2,21.5,5.4,0,One year,Fiber,South,None,Desktop,0
C003841,45,36,58.07,2,17.4,30.1,9.3,0,Month-to-month,DSL,East,Basic,Desktop,0
C003842,47,41,57.4,4,21.2,42.5,7.0,0,One year,DSL,North,Basic,Mobile,0
C003843,45,22,98.87,1,13.0,26.9,8.0,1,Month-to-month,DSL,South,Basic,Tablet,0
C003844,27,67,77.46,0,31.2,34.2,9.4,0,Two year,DSL,West,None,Desktop,0
C003845,29,35,66.27,1,17.7,37.1,4.9,0,Month-to-month,DSL,North,Premium,Desktop,0
C003846,47,56,138.44,2,30.2,56.8,7.9,2,Month-to-month,Fiber,West,Premium,Mobile,0
C003847,61,26,36.14,0,9.2,42.1,7.3,1,Month-to-month,Fiber,North,Premium,Mobile,0
C003848,44,54,85.7,6,15.7,20.5,7.4,0,Two year,Fiber,North,Basic,Mobile,0
C003849,37,17,45.78,3,23.5,4.7,,1,Month-to-month,Fiber,South,Premium,Desktop,0
C003850,45,53,68.06,1,17.0,32.8,7.4,1,Two year,Fiber,North,Basic,Desktop,0
C003851,27,4,75.72,1,19.6,22.5,,0,Month-to-month,DSL,East,Premium,Mobile,0
C003852,59,8,93.11,2,9.2,25.2,9.3,0,Month-to-month,Fiber,East,None,Desktop,0
C003853,44,26,65.47,7,13.2,19.0,4.7,0,One year,Fiber,South,None,Desktop,0
C003854,33,35,62.83,0,9.9,24.9,10.0,0,Month-to-month,DSL,East,Basic,Mobile,0
C003855,40,52,65.02,0,15.4,24.7,5.4,0,One year,Fiber,East,Basic,Mobile,0
C003856,35,26,45.0,0,14.7,29.6,5.3,0,One year,None,West,Premium,Desktop,0
C003857,59,2,87.81,1,12.3,22.9,7.8,0,One year,DSL,South,,Mobile,0
C003858,39,24,79.03,1,20.4,22.4,7.6,1,Month-to-month,DSL,West,Basic,Tablet,0
C003859,44,32,82.88,0,8.5,37.4,7.9,0,One year,DSL,East,None,Desktop,0
C003860,49,40,70.26,1,1.0,31.0,7.8,0,One year,DSL,East,None,Mobile,0
C003861,32,47,67.18,0,12.0,31.1,6.8,0,Month-to-month,Fiber,West,Basic,Desktop,0
C003862,45,18,101.39,5,31.1,30.4,6.4,1,One year,DSL,North,Basic,Desktop,0
C003863,46,44,97.54,0,19.6,20.3,8.1,0,Month-to-month,Fiber,East,Basic,Desktop,0
C003864,22,46,107.37,0,10.1,48.2,5.9,0,Month-to-month,None,West,None,Desktop,0
C003865,45,56,81.31,3,19.1,55.4,7.3,0,Month-to-month,None,West,None,Desktop,0
C003866,41,38,105.82,4,15.1,45.9,4.0,1,Two year,Fiber,North,None,Desktop,0
C003867,44,59,61.6,1,18.7,9.8,7.6,0,One year,DSL,South,Basic,Mobile,0
C003868,42,16,66.98,2,22.2,23.1,7.3,2,Month-to-month,Fiber,West,None,Desktop,0
C003869,45,52,101.88,0,17.4,39.5,7.0,0,One year,Fiber,East,Basic,Mobile,0
C003870,59,4,93.09,2,16.8,22.0,10.0,1,Month-to-month,DSL,East,None,Mobile,0
C003871,27,8,64.74,0,26.4,22.6,9.8,1,Month-to-month,Fiber,West,Basic,Mobile,0
C003872,38,63,45.84,1,19.8,,8.7,1,Month-to-month,DSL,West,Basic,Mobile,0
C003873,51,35,66.9,1,17.4,26.7,8.7,1,One year,Fiber,West,Basic,Mobile,0
C003874,48,45,54.88,2,16.3,21.1,7.3,1,Month-to-month,Fiber,West,Basic,Desktop,0
C003875,48,44,115.11,2,12.0,3.0,7.7,0,One year,DSL,North,Basic,Desktop,0
C003876,78,51,91.0,2,7.3,44.8,7.9,1,Two year,DSL,South,None,Desktop,0
C003877,50,18,52.85,1,20.7,36.0,8.2,0,Month-to-month,Fiber,East,Premium,Mobile,1
C003878,57,13,45.88,0,24.9,15.0,7.2,0,Two year,DSL,South,Basic,Desktop,0
C003879,38,4,52.54,0,19.0,41.4,8.1,1,Month-to-month,Fiber,North,Basic,Tablet,0
C003880,29,63,58.03,3,20.0,32.5,7.2,0,One year,None,East,Premium,Desktop,0
C003881,38,17,67.83,1,9.8,44.9,7.9,0,Two year,DSL,South,Basic,Tablet,0
C003882,51,42,99.86,0,11.8,39.8,8.8,0,Month-to-month,DSL,East,Basic,Mobile,0
C003883,47,33,47.84,1,7.0,21.7,5.9,0,One year,Fiber,East,None,Mobile,0
C003884,47,12,129.24,0,14.3,39.0,7.3,0,One year,Fiber,West,Basic,Mobile,0
C003885,39,30,48.42,0,22.9,39.5,7.2,3,Month-to-month,DSL,West,Basic,Desktop,0
C003886,37,6,36.77,1,11.1,43.7,5.3,0,Two year,Fiber,South,None,Mobile,0
C003887,40,13,114.21,4,15.5,43.0,9.6,0,Month-to-month,DSL,West,Premium,Mobile,0
C003888,51,11,105.03,1,20.9,55.9,5.6,0,One year,DSL,West,Basic,Desktop,0
C003889,53,60,67.44,2,24.5,42.4,9.7,2,Month-to-month,Fiber,South,Premium,Desktop,0
C003890,29,41,81.53,3,4.5,21.6,4.7,0,Month-to-month,Fiber,North,Basic,Mobile,0
C003891,52,67,82.16,2,12.7,33.1,4.4,0,One year,Fiber,South,Premium,Desktop,0
C003892,34,32,75.42,1,10.8,18.4,6.5,0,One year,DSL,East,Premium,Tablet,0
C003893,48,15,39.59,1,9.9,45.5,7.8,0,One year,None,East,Basic,Desktop,0
C003894,40,44,20.0,1,13.3,20.7,7.8,1,Month-to-month,DSL,South,None,Desktop,0
C003895,62,67,50.88,1,2.4,57.8,9.4,0,Month-to-month,Fiber,North,Basic,Mobile,0
C003896,37,39,117.4,2,13.4,27.5,5.7,1,One year,None,South,Premium,Mobile,0
C003897,44,2,118.39,1,16.2,30.5,8.8,0,Month-to-month,Fiber,East,Basic,Mobile,0
C003898,50,22,65.45,1,8.7,25.4,4.1,0,Month-to-month,Fiber,East,None,Mobile,0
C003899,31,67,48.05,1,12.6,22.4,5.4,0,Month-to-month,Fiber,North,None,Desktop,0
C003900,41,38,78.95,5,16.1,24.6,6.6,1,One year,DSL,South,None,Desktop,1
C003901,39,69,82.97,1,16.8,33.8,5.1,2,Month-to-month,Fiber,North,Basic,Mobile,0
C003902,35,37,87.02,0,4.6,31.2,8.1,0,Month-to-month,None,South,Basic,Mobile,0
C003903,36,1,20.0,2,20.9,25.9,5.9,0,Month-to-month,Fiber,South,None,Mobile,0
C003904,56,63,150.94,2,21.1,34.7,8.9,1,Month-to-month,Fiber,West,Premium,Mobile,0
C003905,34,55,100.31,2,10.8,24.5,8.7,1,One year,None,South,Premium,Tablet,0
C003906,49,52,67.05,0,27.7,30.9,5.9,1,Month-to-month,DSL,South,None,Desktop,0
C003907,46,70,54.04,1,19.2,52.2,6.5,1,Month-to-month,DSL,West,Basic,Mobile,0
C003908,24,15,96.68,2,18.2,24.1,6.9,1,Month-to-month,Fiber,North,None,Mobile,1
C003909,49,66,84.38,2,20.8,27.4,9.5,0,Two year,None,East,Basic,Mobile,0
C003910,24,17,74.3,2,8.8,17.1,5.4,1,Month-to-month,None,West,Basic,Tablet,0
C003911,50,70,83.46,3,13.5,26.9,2.8,0,Month-to-month,Fiber,North,None,Mobile,0
C003912,35,14,69.18,1,20.3,35.5,6.3,0,One year,None,West,Premium,Mobile,0
C003913,42,40,82.05,5,10.4,24.7,5.4,1,One year,Fiber,South,Premium,Mobile,0
C003914,25,57,90.16,0,13.5,17.4,4.3,0,Month-to-month,Fiber,East,None,Mobile,0
C003915,44,6,80.58,1,20.2,35.3,7.0,0,One year,Fiber,East,None,Tablet,0
C003916,54,5,79.27,1,18.2,36.6,5.0,0,One year,DSL,South,Premium,Desktop,0
C003917,32,62,106.82,1,16.1,38.4,7.7,1,Month-to-month,DSL,North,Basic,Tablet,0
C003918,34,5,32.07,1,16.4,16.1,4.9,2,One year,Fiber,North,Premium,Mobile,0
C003919,48,45,52.05,0,14.8,47.4,10.0,1,Month-to-month,Fiber,East,Basic,Mobile,0
C003920,48,68,72.66,0,22.0,,9.0,1,Month-to-month,Fiber,West,Basic,Tablet,0
C003921,18,45,53.75,0,30.6,18.9,5.8,1,Month-to-month,Fiber,South,Basic,Desktop,0
C003922,68,35,62.1,2,18.0,43.3,5.7,0,Month-to-month,Fiber,South,Premium,Mobile,0
C003923,49,31,104.19,1,25.0,47.0,6.8,0,Two year,Fiber,East,Premium,Mobile,0
C003924,51,46,68.28,1,12.9,27.2,8.4,0,One year,None,South,None,Mobile,0
C003925,40,42,26.27,3,11.2,,6.3,0,One year,DSL,West,None,Mobile,0
C003926,18,37,61.42,1,10.5,36.3,5.0,1,Month-to-month,Fiber,East,None,Mobile,0
C003927,51,12,73.45,3,9.6,15.0,4.5,0,Month-to-month,DSL,East,Basic,Tablet,0
C003928,35,48,72.99,2,13.9,61.6,7.1,1,One year,Fiber,West,Premium,Desktop,0
C003929,49,54,85.9,1,22.2,18.6,5.8,0,Two year,Fiber,West,Basic,Mobile,0
C003930,39,52,83.86,3,23.0,35.3,7.6,0,Month-to-month,DSL,West,Basic,Mobile,0
C003931,45,6,68.53,0,12.4,29.1,3.3,2,Two year,DSL,North,Premium,Mobile,0
C003932,32,51,42.17,2,13.7,20.0,8.0,0,Month-to-month,Fiber,North,None,Tablet,0
C003933,53,53,60.97,0,16.0,19.8,6.5,0,Month-to-month,DSL,West,Basic,Mobile,0
C003934,27,14,56.43,1,17.6,44.5,3.9,0,One year,None,North,Basic,Tablet,0
C003935,71,62,64.87,2,20.1,35.4,7.8,0,Two year,DSL,South,Basic,Mobile,0
C003936,71,38,89.28,4,13.2,22.6,8.0,0,Month-to-month,None,South,Basic,Desktop,0
C003937,63,35,82.1,1,14.6,24.3,5.6,2,Two year,Fiber,South,Premium,Tablet,0
C003938,59,53,92.6,1,25.5,21.2,8.3,0,Month-to-month,Fiber,West,Basic,Tablet,0
C003939,41,37,62.4,1,14.0,41.6,4.6,0,One year,DSL,North,Basic,Desktop,0
C003940,57,40,109.71,1,12.0,42.1,3.0,1,One year,DSL,South,Basic,Desktop,0
C003941,41,23,88.82,3,15.4,37.3,6.8,0,Month-to-month,Fiber,South,None,Mobile,0
C003942,22,67,74.81,0,16.5,34.0,5.5,0,Month-to-month,None,North,Basic,Tablet,0
C003943,62,70,87.08,3,5.2,38.5,4.9,0,Two year,None,East,Basic,Mobile,0
C003944,57,10,55.11,2,12.9,11.2,8.1,0,One year,Fiber,South,Basic,Mobile,0
C003945,42,53,20.0,1,18.9,34.3,7.5,0,Two year,Fiber,East,Basic,Desktop,0
C003946,26,2,56.83,3,30.0,43.8,10.0,0,Month-to-month,None,West,Basic,Mobile,0
C003947,34,27,90.69,3,12.3,33.8,7.9,0,Month-to-month,Fiber,South,None,Mobile,0
C003948,18,70,74.01,2,21.4,31.6,8.1,0,Month-to-month,Fiber,South,Basic,Mobile,0
C003949,54,13,68.58,1,17.3,23.4,5.5,1,Month-to-month,DSL,West,Basic,Desktop,0
C003950,21,28,50.8,2,24.1,24.2,3.2,0,Two year,Fiber,East,Premium,Desktop,1
C003951,46,16,23.1,1,11.7,24.7,10.0,0,One year,None,East,Premium,Desktop,0
C003952,31,53,107.62,1,23.7,33.7,8.0,0,Two year,DSL,East,None,Mobile,0
C003953,23,34,66.8,0,25.8,25.2,10.0,0,Month-to-month,None,South,Premium,Mobile,0
C003954,45,43,61.26,2,26.1,9.1,5.0,0,Month-to-month,None,East,Basic,Mobile,0
C003955,38,68,55.21,2,26.0,40.6,8.9,1,Two year,DSL,East,Premium,Mobile,0
C003956,53,38,103.36,1,17.3,37.3,7.6,0,Month-to-month,DSL,West,None,Desktop,0
C003957,26,53,94.03,2,20.1,35.3,9.0,0,Month-to-month,Fiber,East,Basic,Mobile,0
C003958,32,8,47.82,5,13.1,19.8,8.1,0,Month-to-month,DSL,East,Basic,Desktop,0
C003959,18,16,101.11,0,0.4,25.1,6.7,0,One year,Fiber,North,None,Mobile,1
C003960,18,69,68.37,4,17.8,37.2,7.6,1,Month-to-month,Fiber,East,None,Desktop,0
C003961,65,62,56.74,3,14.9,31.3,6.5,0,One year,DSL,East,None,Mobile,0
C003962,69,48,64.66,0,22.7,22.6,8.6,1,Month-to-month,DSL,South,Basic,Mobile,0
C003963,43,28,52.42,1,22.0,46.6,5.7,1,Month-to-month,Fiber,North,Basic,Desktop,0
C003964,31,15,38.98,1,8.6,20.8,5.8,0,Month-to-month,None,West,Premium,Mobile,0
C003965,38,62,91.4,3,32.4,3.0,6.8,2,Month-to-month,DSL,East,Basic,Desktop,1
C003966,53,57,66.48,2,18.7,32.0,8.2,1,Month-to-month,DSL,South,Basic,Mobile,0
C003967,35,18,87.43,2,7.0,32.6,7.2,0,One year,Fiber,North,None,Mobile,0
C003968,45,43,79.18,2,8.0,31.7,6.5,0,Month-to-month,None,East,Basic,Tablet,0
C003969,42,45,85.71,1,0.8,35.8,9.0,1,Month-to-month,None,North,None,Desktop,1
C003970,35,35,20.85,1,21.3,24.3,8.2,0,Month-to-month,None,South,Premium,Mobile,0
C003971,35,67,50.33,0,12.3,43.3,6.3,0,Month-to-month,Fiber,East,Basic,Tablet,0
C003972,46,9,86.23,1,10.1,14.6,5.2,1,One year,DSL,South,Premium,Desktop,0
C003973,29,19,40.13,1,11.5,30.7,6.8,0,Two year,DSL,South,Basic,Desktop,0
C003974,48,7,81.33,1,13.9,23.5,6.0,2,Two year,DSL,East,None,Desktop,0
C003975,36,50,37.23,1,20.0,43.1,5.7,1,Month-to-month,Fiber,North,None,Mobile,0
C003976,44,47,72.41,2,4.5,21.5,8.4,0,One year,DSL,South,Basic,Tablet,0
C003977,60,72,112.25,3,8.5,31.9,9.1,0,Two year,None,North,Basic,Mobile,0
C003978,40,40,91.37,1,19.3,32.0,7.0,1,Month-to-month,Fiber,East,Basic,Desktop,0
C003979,54,11,25.73,3,11.8,33.3,7.1,2,One year,Fiber,West,Premium,Tablet,0
C003980,19,33,93.21,2,20.1,22.2,5.8,1,Month-to-month,None,North,None,Desktop,0
C003981,36,7,117.56,3,12.5,35.4,5.2,1,Two year,Fiber,East,None,Mobile,0
C003982,42,49,141.93,2,27.0,31.3,8.5,0,One year,DSL,South,None,Mobile,0
C003983,67,49,83.88,2,17.5,35.1,4.8,0,One year,DSL,West,Basic,Desktop,0
C003984,18,62,37.89,0,24.6,49.9,6.0,2,One year,Fiber,East,None,Mobile,0
C003985,41,25,82.87,1,19.6,32.4,5.9,1,Two year,DSL,East,None,Tablet,0
C003986,61,23,111.9,2,20.0,19.1,7.9,0,Month-to-month,Fiber,North,Premium,Tablet,0
C003987,32,6,67.32,2,10.7,54.5,6.7,1,Month-to-month,Fiber,North,Premium,Mobile,0
C003988,39,30,98.08,1,24.2,42.7,6.1,0,Month-to-month,Fiber,West,None,Desktop,0
C003989,46,35,51.01,4,17.5,38.8,9.5,0,Two year,None,East,Basic,Mobile,0
C003990,44,55,81.31,3,9.3,28.8,10.0,0,Two year,DSL,South,Basic,Desktop,0
C003991,62,55,20.0,2,1.2,39.9,7.8,0,Month-to-month,Fiber,South,,Tablet,0
C003992,48,11,48.24,2,17.0,6.3,7.4,0,Month-to-month,DSL,East,None,Mobile,0
C003993,59,21,71.85,0,26.6,49.6,6.2,1,One year,DSL,East,Basic,Mobile,0
C003994,37,37,62.92,1,9.6,41.8,7.1,0,One year,Fiber,North,Basic,Desktop,0
C003995,32,25,39.48,4,9.4,28.9,4.9,0,One year,Fiber,East,None,Mobile,1
C003996,39,2,59.51,2,13.8,41.5,8.9,0,One year,DSL,South,Basic,Desktop,0
C003997,27,61,80.24,0,23.7,38.4,6.9,2,Month-to-month,Fiber,West,Basic,Desktop,0
C003998,48,53,69.84,1,3.1,18.9,5.9,0,Month-to-month,None,North,Basic,Mobile,0
C003999,37,38,73.52,0,11.4,33.1,6.5,1,Month-to-month,DSL,South,Premium,Mobile,0
C004000,33,23,90.3,1,9.0,35.5,8.4,0,One year,DSL,East,Premium,Mobile,0
C004001,48,61,63.42,1,19.9,29.4,6.6,1,One year,Fiber,West,None,Mobile,0
C004002,27,3,105.98,2,15.0,28.4,5.7,0,One year,Fiber,West,Basic,Tablet,0
C004003,52,33,47.27,1,13.6,41.8,3.3,1,Month-to-month,Fiber,North,None,Desktop,1
C004004,36,58,120.2,1,14.7,33.1,7.0,1,One year,Fiber,East,Basic,Desktop,0
C004005,57,69,99.83,1,21.5,53.5,7.8,0,Month-to-month,DSL,North,Premium,Desktop,0
C004006,37,19,63.1,2,23.9,23.2,6.2,0,One year,DSL,West,Basic,Tablet,0
C004007,50,47,64.77,1,23.2,35.9,5.7,0,Month-to-month,None,North,None,Tablet,0
C004008,44,14,77.17,1,20.0,20.0,5.1,0,Month-to-month,DSL,South,Premium,Mobile,1
C004009,52,9,86.97,5,25.7,39.1,6.4,1,One year,Fiber,West,Basic,Mobile,0
C004010,43,26,99.36,2,9.5,17.6,5.1,0,Month-to-month,Fiber,East,Basic,Desktop,0
C004011,20,64,38.49,4,18.7,34.5,5.1,0,One year,Fiber,North,None,Desktop,0
C004012,55,50,82.94,3,32.4,45.2,6.2,0,Two year,DSL,North,None,Mobile,0
C004013,41,36,20.0,0,3.1,31.6,10.0,0,Month-to-month,Fiber,West,Premium,Mobile,0
C004014,52,21,67.57,1,12.3,19.1,10.0,0,Month-to-month,Fiber,East,Premium,Desktop,0
C004015,51,11,108.35,2,8.7,42.3,9.2,1,Two year,Fiber,West,None,Mobile,0
C004016,32,20,36.56,3,18.0,35.3,8.3,0,Month-to-month,None,East,Basic,Mobile,0
C004017,30,11,32.02,3,26.1,30.0,3.6,0,Month-to-month,Fiber,South,Basic,Desktop,1
C004018,51,14,77.52,1,19.8,19.4,10.0,0,One year,Fiber,North,Basic,Mobile,0
C004019,38,50,106.69,2,14.5,11.7,7.8,0,Month-to-month,DSL,West,Premium,Desktop,0
C004020,54,10,80.13,4,19.8,58.0,5.1,0,Month-to-month,Fiber,West,None,Desktop,0
C004021,40,4,24.38,3,14.0,24.1,10.0,0,Month-to-month,Fiber,South,None,Mobile,0
C004022,55,40,29.92,0,17.4,19.1,6.9,1,Two year,None,South,Premium,Desktop,0
C004023,48,21,74.44,1,20.3,34.8,8.6,0,Month-to-month,DSL,South,None,Mobile,0
C004024,46,33,42.52,2,28.3,18.8,6.5,0,Month-to-month,DSL,East,Premium,Desktop,0
C004025,37,11,75.42,0,19.1,37.0,8.1,0,Month-to-month,Fiber,West,Basic,Mobile,0
C004026,45,16,76.9,2,17.5,47.2,8.3,0,Two year,DSL,South,Basic,Desktop,0
C004027,58,32,59.76,0,30.2,18.3,8.6,0,Month-to-month,Fiber,North,Basic,Desktop,0
C004028,41,50,117.37,2,2.3,27.4,9.4,0,Two year,DSL,North,Basic,Desktop,0
C004029,49,30,86.76,3,15.4,36.2,7.4,0,Month-to-month,None,North,Basic,Tablet,0
C004030,43,40,102.29,1,10.8,16.4,7.5,0,Month-to-month,Fiber,West,Basic,Mobile,0
C004031,44,38,95.01,2,14.3,20.1,7.0,1,One year,Fiber,North,Premium,Desktop,0
C004032,64,20,68.25,0,20.2,29.6,5.2,2,Month-to-month,DSL,East,Basic,Mobile,0
C004033,58,21,67.14,0,22.9,54.5,5.5,1,Month-to-month,Fiber,East,Basic,Desktop,1
C004034,43,31,64.56,0,12.4,,6.5,1,Two year,DSL,South,Basic,Mobile,0
C004035,45,3,89.03,1,20.7,27.6,9.4,0,Month-to-month,DSL,South,Basic,Mobile,0
C004036,33,50,55.74,1,9.7,60.8,7.9,0,Two year,Fiber,North,Premium,Mobile,0
C004037,40,45,115.13,2,7.0,40.5,6.9,0,Two year,DSL,West,Premium,Tablet,0
C004038,46,23,53.35,2,16.5,10.7,6.6,0,Month-to-month,DSL,South,Basic,Mobile,0
C004039,53,27,77.36,0,14.5,28.2,5.0,1,Month-to-month,Fiber,North,None,Mobile,0
C004040,52,24,66.27,3,26.4,38.0,5.5,0,Month-to-month,None,North,None,Desktop,0
C004041,28,47,60.73,1,30.9,48.4,,0,Two year,Fiber,East,Basic,Desktop,0
C004042,55,55,126.31,0,11.7,47.7,7.1,0,Month-to-month,Fiber,North,Basic,Desktop,0
C004043,41,8,61.02,1,3.3,37.7,8.5,0,Month-to-month,DSL,West,None,Mobile,0
C004044,29,30,64.38,2,6.4,39.6,6.7,0,One year,DSL,West,None,Desktop,0
C004045,59,1,55.4,1,10.2,15.4,8.1,2,Month-to-month,Fiber,West,Premium,Desktop,0
C004046,61,33,73.03,1,17.5,22.7,4.3,0,Month-to-month,DSL,South,,Mobile,0
C004047,45,18,69.47,0,14.2,15.4,5.4,0,One year,Fiber,West,Basic,Tablet,0
C004048,51,25,44.02,2,7.2,43.4,7.6,1,One year,None,West,Basic,Mobile,0
C004049,52,33,61.39,1,28.5,35.5,7.1,0,Month-to-month,Fiber,South,Basic,Tablet,0
C004050,60,24,87.24,0,20.6,32.3,8.4,0,Month-to-month,None,North,Basic,Mobile,0
C004051,51,29,97.67,4,28.3,49.5,9.2,0,Month-to-month,Fiber,North,None,Mobile,0
C004052,25,56,72.6,1,3.4,37.5,9.3,0,One year,Fiber,East,Premium,Mobile,0
C004053,68,59,73.47,2,24.9,44.7,10.0,0,Month-to-month,Fiber,East,None,Mobile,0
C004054,56,1,62.98,2,15.0,40.1,10.0,0,Month-to-month,DSL,East,Basic,Mobile,0
C004055,35,28,59.44,2,13.3,41.2,6.5,1,Month-to-month,DSL,North,Premium,Desktop,0
C004056,29,61,49.01,3,16.2,18.5,10.0,0,Month-to-month,DSL,West,Premium,Desktop,1
C004057,49,39,33.08,2,11.1,42.7,10.0,0,Month-to-month,Fiber,West,None,Tablet,0
C004058,38,15,54.44,1,15.0,36.7,4.8,0,Month-to-month,Fiber,North,Basic,Desktop,1
C004059,46,43,94.6,1,22.6,26.1,6.0,0,Month-to-month,Fiber,South,Basic,Tablet,0
C004060,52,11,61.39,0,2.3,39.2,7.7,0,Month-to-month,DSL,South,None,Desktop,0
C004061,35,2,63.35,1,26.5,46.4,7.5,0,Two year,DSL,West,Premium,Mobile,0
C004062,27,46,62.86,1,18.7,29.8,4.1,2,Month-to-month,Fiber,North,None,Mobile,0
C004063,47,38,103.12,2,15.2,22.0,5.4,0,Month-to-month,DSL,South,Basic,Mobile,0
C004064,35,55,48.79,0,22.5,22.6,7.5,1,One year,DSL,South,Premium,Tablet,0
C004065,44,25,78.93,1,18.5,14.3,6.7,0,Two year,Fiber,East,Basic,Desktop,0
C004066,25,62,70.29,0,12.6,29.0,8.2,0,Month-to-month,Fiber,East,Basic,Tablet,0
C004067,39,31,73.7,1,10.6,38.1,10.0,0,Month-to-month,DSL,North,Premium,Mobile,0
C004068,51,54,78.11,2,26.5,51.8,4.9,0,One year,DSL,North,Basic,Mobile,0
C004069,50,8,73.43,1,5.6,21.3,10.0,1,Month-to-month,Fiber,West,Basic,Mobile,0
C004070,32,7,91.83,2,14.6,35.3,10.0,0,Month-to-month,Fiber,South,Basic,Desktop,1
C004071,27,57,71.27,1,6.1,31.3,4.0,0,Month-to-month,DSL,West,Premium,Desktop,0
C004072,42,61,115.61,1,19.4,30.9,5.0,0,Two year,Fiber,West,None,Tablet,0
C004073,49,68,73.11,1,15.3,12.6,6.4,0,Month-to-month,DSL,East,Premium,Mobile,0
C004074,47,24,29.41,0,7.3,18.9,5.4,0,One year,DSL,West,Premium,Desktop,0
C004075,35,2,87.96,0,9.9,52.8,8.1,0,One year,Fiber,North,Basic,Mobile,0
C004076,46,71,81.8,6,16.3,43.1,8.2,0,Month-to-month,None,East,Basic,Mobile,0
C004077,62,44,72.81,1,18.0,34.4,7.4,0,One year,Fiber,East,None,Mobile,0
C004078,45,18,65.51,0,2.4,36.5,7.8,0,One year,DSL,East,Basic,Tablet,0
C004079,21,55,20.0,2,11.1,39.9,6.9,0,Month-to-month,Fiber,West,Basic,Mobile,0
C004080,45,66,23.33,1,17.1,25.6,7.8,1,Month-to-month,Fiber,West,Premium,Mobile,0
C004081,69,21,113.19,4,24.5,26.1,10.0,0,Two year,DSL,West,Basic,Mobile,0
C004082,25,56,57.36,2,21.9,23.6,2.8,0,Two year,DSL,North,Basic,Desktop,0
C004083,42,57,96.14,1,12.8,33.0,7.1,0,Month-to-month,Fiber,East,Premium,Mobile,0
C004084,39,37,31.92,2,23.0,17.2,7.9,0,Month-to-month,None,South,Basic,Mobile,0
C004085,43,46,45.83,0,13.8,23.0,6.9,2,Month-to-month,None,North,Basic,Mobile,0
C004086,45,20,88.97,1,0.0,37.1,7.7,0,Two year,Fiber,South,None,Desktop,0
C004087,57,67,69.44,1,26.1,26.8,9.3,0,Two year,DSL,West,None,Tablet,0
C004088,43,71,85.44,1,19.2,10.0,6.2,0,Month-to-month,Fiber,West,None,Desktop,0
C004089,59,71,71.66,1,17.3,26.4,10.0,0,One year,DSL,East,Basic,Desktop,0
C004090,40,54,66.81,0,16.1,37.5,4.4,0,Month-to-month,Fiber,South,Premium,Desktop,0
C004091,37,4,55.0,4,18.1,32.4,8.2,0,Month-to-month,Fiber,North,Basic,Mobile,0
C004092,33,27,42.15,1,16.1,10.7,7.1,1,Month-to-month,DSL,East,None,Mobile,0
C004093,18,33,107.07,1,14.0,43.4,7.6,1,Month-to-month,Fiber,West,Basic,Mobile,0
C004094,46,70,111.18,2,11.4,28.0,8.5,0,Month-to-month,Fiber,West,Basic,Desktop,0
C004095,69,40,46.03,0,16.5,35.1,6.0,1,One year,Fiber,West,None,Desktop,0
C004096,48,39,44.4,1,9.8,43.5,9.1,1,One year,None,East,Basic,Mobile,0
C004097,51,11,63.31,2,8.0,29.5,10.0,0,Two year,DSL,North,Basic,Tablet,0
C004098,37,58,80.51,0,17.9,8.1,6.6,0,One year,None,South,Basic,Tablet,0
C004099,39,25,67.45,1,22.9,,6.2,0,Month-to-month,Fiber,North,Premium,Desktop,0
C004100,55,7,84.49,1,10.4,4.5,9.4,1,One year,Fiber,East,Premium,Tablet,0
C004101,68,72,70.77,2,11.6,27.0,8.9,1,Month-to-month,Fiber,North,Basic,Mobile,0
C004102,61,14,69.13,1,4.1,46.5,4.3,0,Month-to-month,Fiber,East,Basic,Mobile,0
C004103,52,2,132.33,1,6.8,22.6,8.1,0,Two year,Fiber,East,Basic,Mobile,0
C004104,42,6,58.87,2,7.1,23.3,8.5,2,Month-to-month,Fiber,East,Basic,Tablet,1
C004105,45,33,113.0,3,22.8,28.4,7.0,0,Month-to-month,None,North,Premium,Mobile,0
C004106,32,8,108.17,1,3.8,28.8,9.8,0,Two year,Fiber,West,None,Tablet,0
C004107,23,61,84.6,1,19.2,20.7,4.2,1,One year,Fiber,West,Basic,Desktop,0
C004108,27,37,23.85,1,14.1,23.4,3.2,1,Month-to-month,Fiber,West,None,Tablet,0
C004109,43,24,72.78,1,20.2,43.9,9.0,0,Month-to-month,Fiber,North,Basic,Mobile,0
C004110,38,1,59.13,0,24.2,24.6,5.6,0,Month-to-month,None,North,None,Mobile,0
C004111,23,35,72.5,1,15.8,37.0,7.0,1,Two year,Fiber,West,Basic,Mobile,0
C004112,42,11,45.43,0,23.9,20.0,5.1,0,One year,DSL,North,Basic,Desktop,0
C004113,38,71,90.91,0,26.8,47.6,8.6,0,Two year,Fiber,West,Basic,Mobile,0
C004114,27,21,96.62,2,25.4,42.3,7.7,0,One year,Fiber,South,None,Mobile,0
C004115,37,35,101.25,1,11.3,29.9,6.9,0,Month-to-month,DSL,West,Premium,Desktop,0
C004116,38,2,62.45,0,2.2,38.7,4.9,0,Month-to-month,DSL,West,None,Mobile,0
C004117,34,10,45.51,1,15.1,49.3,6.8,1,Two year,Fiber,North,Premium,Tablet,0
C004118,54,15,80.79,3,17.2,19.0,7.7,1,Month-to-month,DSL,North,None,Mobile,1
C004119,18,4,115.9,1,2.3,18.3,6.1,0,Month-to-month,DSL,North,Basic,Mobile,0
C004120,18,53,73.73,1,16.4,35.5,6.2,1,One year,Fiber,West,Basic,Mobile,0
C004121,42,69,83.31,2,0.0,15.5,7.1,0,Two year,Fiber,West,Basic,Tablet,0
C004122,43,71,66.13,0,26.8,12.4,8.3,0,Two year,DSL,East,Premium,Mobile,0
C004123,47,20,59.41,0,19.3,11.8,7.9,1,Month-to-month,None,North,Basic,Desktop,0
C004124,35,57,88.46,0,10.3,32.8,9.2,0,Month-to-month,Fiber,East,Premium,Tablet,0
C004125,30,37,69.35,0,16.9,6.6,6.9,0,Month-to-month,DSL,North,Premium,Desktop,0
C004126,42,4,82.09,2,17.8,26.2,8.9,0,Two year,DSL,East,Basic,Mobile,0
C004127,36,7,84.69,0,19.4,3.0,5.0,2,Month-to-month,None,North,None,Mobile,0
C004128,62,40,80.69,1,16.5,36.3,7.8,0,Month-to-month,Fiber,East,Basic,Tablet,0
C004129,38,31,85.95,1,22.6,37.1,7.7,0,Month-to-month,Fiber,East,Premium,Desktop,0
C004130,41,1,50.67,0,7.1,28.5,10.0,0,One year,None,South,Premium,Mobile,0
C004131,74,67,49.15,0,15.1,45.2,5.9,0,One year,DSL,West,None,Desktop,0
C004132,39,53,70.93,0,28.5,40.5,4.9,0,One year,DSL,East,None,Mobile,0
C004133,49,37,71.54,4,13.5,21.5,5.7,1,Month-to-month,Fiber,East,Basic,Desktop,0
C004134,50,72,58.94,1,17.7,20.5,,0,One year,DSL,North,None,Desktop,0
C004135,52,70,78.03,1,9.0,41.6,7.8,1,Month-to-month,Fiber,South,Basic,Desktop,0
C004136,46,71,94.71,1,31.1,39.2,4.8,1,Month-to-month,DSL,South,None,Desktop,0
C004137,45,19,101.69,0,18.0,27.8,7.7,0,Two year,Fiber,East,None,Mobile,0
C004138,43,64,107.31,1,7.2,9.9,7.2,0,Month-to-month,DSL,South,Basic,Tablet,0
C004139,35,37,39.13,2,23.6,42.2,8.7,0,Two year,None,West,None,Tablet,0
C004140,46,53,42.93,2,8.5,31.8,8.2,1,One year,Fiber,West,Premium,Desktop,0
C004141,68,62,64.76,2,20.8,30.3,8.6,0,Month-to-month,Fiber,North,Basic,Mobile,0
C004142,58,12,74.01,5,23.2,3.0,8.0,0,Month-to-month,DSL,West,Basic,Mobile,0
C004143,46,33,66.04,2,30.2,37.4,9.2,0,One year,Fiber,North,,Mobile,0
C004144,53,10,58.18,3,17.6,30.3,4.4,1,One year,Fiber,East,Premium,Mobile,0
C004145,31,21,64.39,0,16.3,24.5,4.5,0,Month-to-month,Fiber,South,None,Desktop,0
C004146,39,30,84.08,3,1.8,,7.1,1,Month-to-month,DSL,East,None,Desktop,0
C004147,54,62,38.76,1,12.8,32.3,7.3,0,Month-to-month,Fiber,East,Basic,Mobile,0
C004148,61,63,130.58,2,11.0,36.6,5.3,0,Month-to-month,Fiber,South,Basic,Mobile,0
C004149,32,29,72.52,2,14.7,26.4,8.1,1,Two year,DSL,West,None,Mobile,0
C004150,36,24,98.27,2,12.4,37.7,4.8,1,One year,Fiber,West,None,Mobile,0
C004151,70,39,57.5,2,21.5,17.2,6.6,0,One year,Fiber,West,Basic,Desktop,0
C004152,43,66,86.36,2,12.1,23.2,7.1,0,Month-to-month,None,East,None,Tablet,0
C004153,66,71,74.5,0,19.3,39.2,8.1,0,Month-to-month,Fiber,West,None,Mobile,0
C004154,45,17,93.42,1,15.2,26.1,6.2,0,Two year,DSL,South,Basic,Mobile,0
C004155,45,14,67.03,2,11.6,51.6,9.3,0,Month-to-month,DSL,North,Basic,Desktop,0
C004156,38,51,110.79,1,11.0,34.3,10.0,0,One year,Fiber,North,Basic,Mobile,0
C004157,54,22,34.7,2,17.6,17.0,9.9,0,One year,Fiber,West,None,Desktop,0
C004158,60,15,95.73,0,25.6,12.2,10.0,0,Month-to-month,DSL,South,Basic,Desktop,0
C004159,29,3,74.97,0,10.9,40.4,9.0,0,Month-to-month,Fiber,East,None,Tablet,0
C004160,37,30,46.54,1,16.3,23.7,8.2,0,Month-to-month,Fiber,South,Basic,Mobile,0
C004161,54,29,120.8,1,19.4,42.0,5.8,1,Two year,DSL,West,Basic,Mobile,0
C004162,40,41,118.22,3,15.9,24.5,6.1,1,One year,Fiber,West,None,Mobile,0
C004163,36,15,20.15,0,3.7,33.9,8.8,0,Two year,Fiber,West,None,Mobile,0
C004164,55,52,76.42,2,19.4,27.0,3.9,1,Month-to-month,DSL,West,Basic,Desktop,1
C004165,56,49,89.64,3,5.5,34.1,9.5,2,Month-to-month,DSL,South,None,Mobile,0
C004166,36,34,83.04,1,5.6,39.8,6.0,0,One year,None,East,None,Desktop,0
C004167,45,14,109.89,1,6.9,31.2,6.1,0,Month-to-month,Fiber,North,Basic,Desktop,0
C004168,26,37,104.69,1,14.9,38.9,8.5,0,One year,None,North,Basic,Tablet,0
C004169,30,49,78.63,2,9.3,10.6,7.6,0,Month-to-month,Fiber,East,None,Mobile,0
C004170,44,27,128.93,2,6.0,36.0,6.3,2,Month-to-month,None,South,Premium,Mobile,1
C004171,42,19,95.42,1,18.7,31.3,5.5,0,Month-to-month,Fiber,West,Basic,Mobile,0
C004172,29,37,63.21,1,15.8,27.9,4.4,1,One year,Fiber,South,Basic,Mobile,0
C004173,33,26,58.19,1,21.3,3.0,3.2,0,Month-to-month,DSL,North,Basic,Desktop,0
C004174,28,29,103.08,1,10.9,,9.7,0,One year,DSL,West,Basic,Mobile,0
C004175,48,26,52.18,0,15.6,33.7,6.7,1,Month-to-month,Fiber,East,Premium,Mobile,0
C004176,18,22,61.76,3,21.6,35.2,5.5,0,Month-to-month,None,East,Premium,Mobile,0
C004177,29,52,66.01,0,6.8,35.9,8.5,0,Two year,Fiber,North,Basic,Desktop,0
C004178,18,34,80.89,4,11.4,30.9,5.7,0,Two year,None,North,Basic,Mobile,0
C004179,47,34,67.16,2,22.9,16.6,5.7,0,Month-to-month,DSL,South,Basic,Desktop,0
C004180,19,48,39.08,0,16.1,18.7,9.2,0,Two year,DSL,East,Premium,Desktop,0
C004181,42,27,101.05,3,14.9,5.7,8.4,0,Month-to-month,DSL,East,Basic,Mobile,0
C004182,63,8,61.89,1,15.7,32.5,7.4,0,Month-to-month,Fiber,West,Basic,Desktop,0
C004183,64,62,122.5,2,24.6,53.9,6.1,0,Month-to-month,Fiber,North,None,Mobile,0
C004184,19,5,79.6,0,15.8,29.9,7.5,0,Month-to-month,Fiber,West,Basic,Tablet,0
C004185,46,42,103.68,2,16.3,21.9,8.1,0,Month-to-month,Fiber,West,Premium,Desktop,0
C004186,29,20,87.77,3,15.9,31.3,7.6,0,One year,DSL,South,None,Mobile,1
C004187,26,16,104.88,2,4.7,29.4,9.3,0,Month-to-month,DSL,North,Premium,Tablet,0
C004188,41,4,86.26,5,19.5,10.2,5.3,0,Two year,Fiber,North,None,Mobile,0
C004189,58,65,77.88,0,10.3,34.0,6.6,0,Month-to-month,Fiber,South,Basic,Mobile,0
C004190,50,31,99.33,2,7.2,29.7,8.1,1,Two year,DSL,North,Basic,Mobile,0
C004191,33,25,134.15,2,3.8,29.0,6.1,1,Month-to-month,DSL,South,Premium,Mobile,1
C004192,51,54,65.26,0,5.2,54.9,8.8,0,Month-to-month,None,East,,Desktop,0
C004193,18,3,91.87,0,0.1,29.8,9.5,2,Month-to-month,Fiber,North,None,Mobile,0
C004194,32,41,71.87,1,8.8,52.9,7.2,1,Month-to-month,Fiber,West,Basic,Desktop,0
C004195,31,36,84.65,5,13.0,21.1,7.8,0,Month-to-month,DSL,North,Basic,Tablet,0
C004196,43,40,73.05,0,23.4,12.9,6.7,0,One year,DSL,South,Basic,Mobile,0
C004197,39,9,20.0,1,16.4,21.3,6.6,0,One year,Fiber,North,None,Mobile,0
C004198,40,69,67.0,0,17.8,45.1,9.4,0,Two year,Fiber,East,Basic,Desktop,0
C004199,40,18,96.99,0,25.0,21.9,5.6,1,One year,Fiber,East,Basic,Mobile,0
C004200,42,49,52.87,1,0.0,13.9,8.6,0,One year,Fiber,North,Premium,Desktop,0
C004201,49,54,95.02,2,18.7,35.1,6.2,0,Month-to-month,Fiber,North,None,Desktop,0
C004202,44,25,76.59,0,18.2,26.4,5.6,0,One year,DSL,North,Basic,Mobile,0
C004203,38,10,67.21,1,21.8,37.9,8.9,0,One year,None,East,Basic,Tablet,0
C004204,47,22,94.65,2,3.4,22.9,8.4,0,Month-to-month,Fiber,North,None,Desktop,1
C004205,53,59,89.03,2,12.0,19.9,5.9,0,Month-to-month,DSL,South,None,Desktop,0
C004206,35,66,82.51,0,9.5,50.9,6.8,1,Month-to-month,Fiber,East,Basic,Mobile,0
C004207,41,68,97.4,1,7.0,21.0,6.9,1,One year,Fiber,West,Premium,Desktop,0
C004208,57,17,77.08,1,32.2,21.0,7.5,0,One year,Fiber,North,Basic,Desktop,0
C004209,28,44,30.88,0,12.0,36.5,6.2,0,Month-to-month,None,East,None,Mobile,0
C004210,65,11,62.55,2,22.5,3.0,10.0,1,Month-to-month,DSL,North,None,Mobile,0
C004211,25,52,26.89,3,20.9,39.8,5.1,0,Month-to-month,Fiber,South,Premium,Mobile,0
C004212,38,30,88.43,2,5.9,,4.4,0,Month-to-month,Fiber,South,None,Desktop,0
C004213,30,52,94.4,0,12.3,41.4,6.9,1,Month-to-month,None,East,Basic,Mobile,0
C004214,70,50,95.54,0,16.4,18.5,3.5,1,One year,DSL,North,Premium,Desktop,0
C004215,35,72,84.23,2,18.8,22.3,5.7,0,Two year,Fiber,North,Basic,Tablet,0
C004216,35,36,96.2,0,18.3,31.8,6.0,0,One year,None,North,Basic,Desktop,0
C004217,37,25,32.58,0,28.3,35.4,7.1,0,Month-to-month,Fiber,North,Basic,Mobile,0
C004218,43,38,69.31,1,22.4,50.4,6.7,0,Month-to-month,DSL,North,None,Mobile,0
C004219,38,12,36.63,1,20.6,49.8,7.5,0,Month-to-month,Fiber,North,Basic,Desktop,0
C004220,40,9,63.04,2,22.8,28.4,5.7,1,One year,DSL,North,None,Mobile,0
C004221,18,38,112.41,3,25.5,24.6,6.4,0,One year,Fiber,East,None,Desktop,0
C004222,43,60,99.33,1,11.6,21.6,8.1,0,Month-to-month,Fiber,East,None,Mobile,0
C004223,42,39,88.56,4,4.9,38.7,3.0,0,One year,DSL,North,Basic,Mobile,0
C004224,56,57,67.46,2,11.8,44.0,7.9,0,One year,None,West,Basic,Mobile,0
C004225,59,13,47.16,2,6.4,31.8,3.2,0,Two year,Fiber,East,Basic,Mobile,0
C004226,40,33,76.68,1,9.1,31.0,7.1,0,Two year,None,West,Basic,Desktop,0
C004227,53,45,99.77,2,16.7,56.4,8.0,0,Month-to-month,DSL,East,Basic,Desktop,0
C004228,28,26,82.25,0,12.1,39.2,7.7,0,Month-to-month,DSL,East,Basic,Mobile,0
C004229,52,2,32.36,1,20.5,6.4,6.0,0,Month-to-month,None,West,Premium,Desktop,0
C004230,35,6,74.62,1,18.1,30.6,7.6,0,One year,Fiber,North,Basic,Desktop,0
C004231,27,67,24.17,2,18.6,33.4,5.4,0,Two year,Fiber,North,Premium,Desktop,0
C004232,40,44,92.1,4,7.1,27.8,9.6,0,Month-to-month,Fiber,North,Basic,Mobile,0
C004233,60,20,54.67,2,9.9,46.1,8.6,0,Month-to-month,DSL,West,Basic,Mobile,0
C004234,44,19,41.42,2,2.6,27.0,5.4,1,Month-to-month,Fiber,East,Basic,Mobile,0
C004235,61,3,92.45,2,20.0,19.2,9.6,0,Month-to-month,DSL,East,Premium,Mobile,0
C004236,32,69,85.98,1,29.5,22.5,7.5,1,Month-to-month,DSL,North,None,Desktop,0
C004237,56,8,77.81,0,17.3,39.1,5.1,0,Month-to-month,None,North,Basic,Mobile,0
C004238,34,55,126.79,1,17.9,14.7,9.2,0,Month-to-month,DSL,West,Basic,Desktop,0
C004239,45,18,87.87,1,12.3,25.1,10.0,0,Two year,None,North,Basic,Tablet,0
C004240,45,25,55.88,2,14.5,41.2,6.6,2,Month-to-month,Fiber,North,Basic,Mobile,0
C004241,51,20,84.98,0,24.9,14.7,7.8,0,Month-to-month,DSL,East,None,Mobile,0
C004242,45,60,64.85,1,16.6,18.6,7.1,0,Month-to-month,Fiber,South,None,Tablet,0
C004243,32,3,103.67,3,20.5,10.7,8.1,0,Month-to-month,DSL,East,None,Mobile,0
C004244,53,26,79.02,2,25.1,20.3,8.5,0,Month-to-month,DSL,South,Premium,Mobile,0
C004245,65,21,81.5,2,23.7,24.7,8.9,0,Month-to-month,DSL,North,Premium,Mobile,0
C004246,34,20,35.94,1,16.2,28.2,3.8,0,Two year,Fiber,South,Basic,Desktop,0
C004247,18,14,73.53,0,16.7,20.0,6.2,0,One year,Fiber,South,None,Desktop,0
C004248,48,66,70.59,2,13.3,26.4,8.8,2,Month-to-month,DSL,East,None,Mobile,0
C004249,38,28,46.39,3,19.5,42.8,5.8,1,Month-to-month,DSL,North,Basic,Mobile,0
C004250,40,31,66.46,1,13.1,35.0,7.7,0,Month-to-month,Fiber,West,Basic,Mobile,0
C004251,49,28,82.89,1,18.5,56.6,5.5,0,Month-to-month,Fiber,West,Premium,Mobile,0
C004252,36,71,71.89,1,23.3,22.9,8.3,0,Month-to-month,Fiber,East,Basic,Desktop,0
C004253,39,25,36.7,0,4.2,,7.2,0,Month-to-month,DSL,North,None,Desktop,0
C004254,41,25,65.17,1,3.0,32.9,8.2,0,Two year,DSL,East,None,Mobile,0
C004255,61,24,60.3,1,15.7,24.8,7.8,0,One year,Fiber,South,Premium,Tablet,0
C004256,42,24,76.84,0,20.7,30.7,4.6,0,Month-to-month,Fiber,North,None,Mobile,0
C004257,26,7,74.14,3,18.0,8.0,10.0,1,One year,DSL,East,Basic,Mobile,0
C004258,26,44,61.71,1,7.5,26.6,4.7,0,Month-to-month,DSL,West,None,Mobile,0
C004259,44,2,60.73,2,22.3,41.5,10.0,1,One year,Fiber,North,Basic,Mobile,0
C004260,27,17,73.68,3,29.4,53.8,3.2,1,Month-to-month,DSL,East,None,Mobile,0
C004261,22,15,96.07,1,9.9,48.4,7.2,0,One year,Fiber,East,Basic,Desktop,0
C004262,50,21,78.97,1,10.9,32.5,4.6,0,One year,Fiber,North,Premium,Desktop,0
C004263,51,55,107.58,1,16.2,,10.0,0,One year,Fiber,East,Premium,Tablet,0
C004264,37,44,100.33,2,15.1,35.0,5.3,0,Two year,Fiber,North,Basic,Mobile,0
C004265,46,72,109.42,1,24.4,24.3,5.1,0,One year,Fiber,East,Basic,Desktop,0
C004266,44,26,106.22,1,18.0,19.5,7.2,1,Month-to-month,Fiber,East,Premium,Mobile,0
C004267,50,67,111.07,1,14.0,34.0,9.7,0,One year,DSL,East,Basic,Tablet,0
C004268,50,4,43.17,1,11.9,29.7,9.3,1,Month-to-month,DSL,West,Basic,Mobile,0
C004269,18,37,88.19,3,5.3,41.1,6.7,0,One year,None,North,Basic,Desktop,1
C004270,39,58,102.46,1,25.6,3.0,6.5,0,Month-to-month,Fiber,South,Basic,Desktop,0
C004271,49,39,106.98,2,20.4,28.9,8.0,0,One year,None,North,Basic,Mobile,0
C004272,37,68,52.73,1,15.4,45.5,7.0,0,One year,DSL,East,Basic,Mobile,0
C004273,42,23,88.43,1,16.8,37.9,7.2,1,Month-to-month,DSL,North,None,Tablet,0
C004274,52,3,73.88,1,15.2,19.2,6.8,1,One year,Fiber,East,Basic,Desktop,1
C004275,43,56,118.18,0,3.6,15.3,8.2,0,Month-to-month,None,East,None,Desktop,0
C004276,62,5,37.32,3,6.1,30.4,7.9,0,One year,None,West,None,Desktop,0
C004277,57,56,52.77,1,14.6,40.4,9.8,0,Month-to-month,DSL,East,None,Mobile,0
C004278,40,53,26.73,4,14.5,37.2,6.0,1,Month-to-month,Fiber,South,None,Tablet,0
C004279,39,61,75.62,4,15.9,32.4,5.9,0,Month-to-month,Fiber,West,None,Mobile,0
C004280,18,35,128.6,2,27.9,38.7,6.9,0,Month-to-month,DSL,North,None,Tablet,0
C004281,38,65,70.89,4,14.0,34.1,6.7,1,Month-to-month,DSL,North,None,Mobile,0
C004282,24,13,74.53,0,10.7,38.2,,1,Month-to-month,Fiber,East,Basic,Mobile,0
C004283,45,32,85.76,0,16.4,42.2,5.2,0,Month-to-month,DSL,North,None,Tablet,0
C004284,44,9,69.09,4,6.2,25.7,9.4,1,One year,Fiber,South,Basic,Tablet,1
C004285,51,56,81.15,2,17.1,20.4,6.6,0,Month-to-month,DSL,East,None,Mobile,0
C004286,60,52,81.81,1,10.9,,9.2,0,One year,DSL,East,Basic,Tablet,0
C004287,42,59,50.86,0,17.6,24.9,10.0,0,Month-to-month,None,East,Basic,Mobile,0
C004288,72,56,69.65,1,14.7,7.6,8.9,0,Month-to-month,None,South,None,Mobile,0
C004289,45,23,90.55,1,15.0,48.1,8.2,0,Month-to-month,Fiber,West,Premium,Desktop,0
C004290,25,5,95.21,1,20.4,34.0,9.1,1,Month-to-month,DSL,South,None,Mobile,1
C004291,35,67,104.46,3,21.1,33.5,6.6,0,Month-to-month,None,South,None,Desktop,0
C004292,37,36,80.39,0,30.2,28.8,7.6,0,Month-to-month,DSL,South,Basic,Desktop,0
C004293,50,7,80.89,1,20.9,41.0,5.9,0,One year,DSL,North,None,Mobile,0
C004294,30,67,90.75,1,14.3,15.6,6.0,0,One year,DSL,North,Basic,Mobile,0
C004295,38,72,57.13,2,11.6,31.0,7.7,0,Two year,DSL,West,None,Desktop,0
C004296,40,33,56.11,4,18.4,34.4,,1,One year,Fiber,South,None,Desktop,0
C004297,36,56,68.88,2,26.2,37.6,7.9,1,Month-to-month,DSL,South,Premium,Desktop,0
C004298,53,3,40.12,3,22.0,10.5,7.3,1,Month-to-month,Fiber,East,Premium,Tablet,1
C004299,50,7,82.17,2,11.0,,6.6,2,Month-to-month,None,East,Basic,Mobile,0
C004300,57,20,98.23,3,19.2,26.0,8.8,0,Two year,Fiber,South,Basic,Mobile,0
C004301,38,48,54.25,0,17.6,23.2,6.0,0,Two year,DSL,North,Basic,Mobile,0
C004302,58,10,82.88,2,23.3,12.3,7.6,0,One year,Fiber,South,Premium,Mobile,0
C004303,24,3,56.27,2,18.1,57.8,9.2,0,Month-to-month,Fiber,North,None,Mobile,0
C004304,24,49,46.59,0,17.8,29.5,8.4,0,Month-to-month,Fiber,North,None,Mobile,0
C004305,26,56,123.39,2,7.7,33.9,7.0,0,Two year,DSL,West,None,Mobile,0
C004306,42,54,46.94,1,21.5,18.4,3.9,0,One year,DSL,South,None,Mobile,0
C004307,58,58,40.02,1,6.3,12.6,6.5,1,Month-to-month,Fiber,North,Basic,Desktop,0
C004308,34,58,77.37,3,16.6,40.8,10.0,1,Month-to-month,DSL,East,None,Tablet,0
C004309,36,44,78.71,0,12.1,14.8,6.7,1,Month-to-month,DSL,West,Basic,Desktop,1
C004310,39,38,88.68,1,11.7,46.6,7.1,0,Month-to-month,Fiber,East,Basic,Mobile,0
C004311,49,62,122.03,1,20.1,52.6,7.4,0,One year,DSL,East,Premium,Desktop,0
C004312,36,26,52.57,2,16.0,21.7,7.9,0,Month-to-month,None,West,Premium,Mobile,0
C004313,35,8,57.54,2,0.0,25.5,5.9,0,Month-to-month,Fiber,West,None,Mobile,0
C004314,25,55,112.22,3,14.6,,8.5,2,Month-to-month,None,South,Premium,Mobile,0
C004315,35,20,95.48,1,13.3,10.1,7.8,0,Two year,Fiber,North,Basic,Mobile,0
C004316,57,71,92.0,0,24.8,38.6,4.0,0,One year,DSL,East,Premium,Mobile,0
C004317,43,30,57.25,1,7.3,46.1,2.5,0,Two year,Fiber,East,Basic,Mobile,1
C004318,32,62,100.15,0,29.4,21.6,6.1,1,Month-to-month,Fiber,West,None,Tablet,0
C004319,58,4,92.08,0,22.0,23.4,4.9,0,Month-to-month,DSL,North,Basic,Desktop,0
C004320,34,48,76.74,3,14.1,12.0,7.7,0,Two year,Fiber,West,Basic,Mobile,0
C004321,60,33,57.38,1,13.1,17.4,6.4,1,Month-to-month,None,East,Premium,Desktop,0
C004322,60,34,74.67,0,11.5,46.9,7.9,1,One year,DSL,West,Premium,Desktop,0
C004323,43,20,113.21,1,18.2,34.7,8.0,0,One year,None,North,Premium,Tablet,0
C004324,23,70,44.65,3,10.5,9.5,5.3,0,One year,DSL,South,None,Mobile,0
C004325,72,29,52.01,1,15.2,37.8,6.4,1,One year,DSL,North,Basic,Mobile,0
C004326,47,62,56.3,1,8.4,59.5,6.1,0,Month-to-month,None,West,Premium,Desktop,0
C004327,38,31,61.73,2,21.0,26.3,8.8,0,Month-to-month,DSL,West,Basic,Desktop,0
C004328,54,4,71.61,3,17.2,23.0,6.8,0,Month-to-month,None,North,None,Desktop,0
C004329,51,64,95.96,1,12.7,38.0,9.4,0,Month-to-month,Fiber,North,Premium,Mobile,0
C004330,59,14,83.54,0,14.3,43.1,9.5,0,One year,Fiber,North,Basic,Mobile,0
C004331,33,20,73.52,4,11.1,40.9,6.9,0,One year,Fiber,South,Basic,Desktop,0
C004332,46,62,78.92,1,18.2,27.2,6.0,0,One year,DSL,South,None,Desktop,0
C004333,27,65,87.6,2,7.2,26.0,5.5,0,One year,Fiber,South,None,Desktop,0
C004334,51,67,29.96,1,22.3,10.3,8.4,0,One year,Fiber,North,None,Mobile,0
C004335,42,31,98.79,1,17.2,16.2,6.9,0,Month-to-month,DSL,South,Premium,Tablet,0
C004336,46,55,51.34,3,12.9,35.3,5.8,0,One year,DSL,East,Basic,Mobile,0
C004337,40,24,60.91,2,20.1,24.6,8.7,0,One year,Fiber,South,Basic,Mobile,0
C004338,39,54,80.51,1,18.7,34.0,8.7,0,One year,DSL,South,Premium,Mobile,0
C004339,31,37,70.11,0,8.7,28.1,5.4,0,One year,DSL,West,Premium,Desktop,0
C004340,52,4,84.17,1,25.2,31.7,7.8,0,Month-to-month,Fiber,East,None,Tablet,0
C004341,61,31,75.55,2,0.0,31.2,8.2,0,Month-to-month,Fiber,South,Basic,Mobile,0
C004342,35,34,64.77,5,23.6,40.0,10.0,0,One year,Fiber,East,Basic,Tablet,0
C004343,49,19,110.22,1,14.9,41.2,6.8,0,Month-to-month,Fiber,North,Basic,Desktop,0
C004344,48,27,89.7,1,22.9,30.8,7.1,0,Month-to-month,Fiber,West,Premium,Mobile,1
C004345,42,37,79.55,1,26.1,28.5,8.3,0,Two year,DSL,East,Premium,Mobile,0
C004346,22,4,89.31,4,13.0,30.6,9.4,0,Two year,Fiber,South,None,Desktop,0
C004347,25,11,54.37,2,13.3,21.6,7.8,2,Month-to-month,DSL,South,Basic,Tablet,0
C004348,32,56,126.37,1,18.2,44.0,7.5,0,Month-to-month,DSL,North,None,Mobile,0
C004349,18,26,44.81,2,8.1,24.3,6.1,1,One year,DSL,South,Basic,Desktop,0
C004350,60,44,74.83,1,13.7,29.1,6.5,0,One year,Fiber,North,Premium,Tablet,0
C004351,47,41,64.84,0,13.1,33.1,6.8,0,Month-to-month,None,North,Premium,Desktop,0
C004352,42,40,63.89,2,7.7,34.7,8.4,0,One year,None,South,Basic,Desktop,0
C004353,18,30,60.64,3,12.7,,7.9,0,Month-to-month,DSL,East,None,Mobile,0
C004354,18,35,52.71,2,21.3,29.4,5.9,0,Month-to-month,Fiber,East,None,Mobile,0
C004355,42,60,101.71,5,20.8,50.7,8.6,0,Month-to-month,Fiber,West,Premium,Mobile,0
C004356,68,70,41.88,2,14.8,31.9,6.8,0,Two year,Fiber,North,Basic,Mobile,0
C004357,33,19,96.59,2,16.4,28.0,6.8,0,Month-to-month,DSL,North,None,Mobile,1
C004358,53,49,88.21,2,13.9,52.6,8.5,0,Month-to-month,Fiber,South,Basic,Desktop,0
C004359,36,70,62.48,1,3.7,21.7,8.7,1,Month-to-month,Fiber,North,Basic,Mobile,0
C004360,43,1,85.32,0,8.9,52.5,7.7,0,Month-to-month,Fiber,South,Basic,Mobile,0
C004361,58,57,68.05,4,22.7,7.1,10.0,1,Month-to-month,DSL,West,None,Desktop,0
C004362,38,36,44.47,1,24.4,26.2,3.7,0,Month-to-month,None,North,Premium,Mobile,0
C004363,33,70,44.74,3,10.0,11.0,8.8,0,Month-to-month,Fiber,North,None,Mobile,0
C004364,60,42,88.39,1,23.8,14.7,5.3,0,One year,DSL,North,Basic,Mobile,0
C004365,43,61,87.09,2,7.6,36.4,7.1,0,Month-to-month,Fiber,South,None,Mobile,0
C004366,56,12,78.05,1,12.4,34.4,,0,Two year,Fiber,West,Basic,Mobile,0
C004367,33,11,62.21,2,15.2,23.7,7.0,0,One year,DSL,East,None,Mobile,0
C004368,60,67,67.24,2,14.1,50.6,5.5,0,One year,Fiber,South,Premium,Tablet,0
C004369,46,38,63.86,1,11.2,44.6,4.7,0,Month-to-month,Fiber,North,None,Mobile,0
C004370,48,41,28.33,2,16.9,30.4,3.7,0,Month-to-month,Fiber,West,Premium,Mobile,0
C004371,44,13,73.53,2,21.4,9.3,6.7,0,Two year,DSL,North,Basic,Mobile,0
C004372,35,17,85.06,1,5.8,42.5,7.4,0,One year,Fiber,North,Premium,Mobile,0
C004373,42,59,73.69,0,16.9,25.2,8.2,0,Month-to-month,None,North,None,Desktop,0
C004374,36,22,116.23,0,22.8,34.5,9.2,0,Month-to-month,Fiber,South,Basic,Mobile,0
C004375,54,43,46.89,1,13.1,40.6,8.6,2,Month-to-month,Fiber,West,None,Desktop,0
C004376,39,23,55.47,0,12.2,26.2,8.9,1,Two year,Fiber,West,None,Mobile,0
C004377,23,19,75.33,0,10.0,46.3,5.3,0,Two year,DSL,North,None,Mobile,0
C004378,20,12,78.09,3,30.0,26.4,9.1,0,One year,DSL,East,Premium,Desktop,0
C004379,20,67,24.47,4,26.5,37.5,7.8,0,Two year,DSL,East,Basic,Tablet,0
C004380,50,68,87.07,4,13.9,40.1,4.8,0,One year,DSL,East,Premium,Mobile,0
C004381,27,9,78.21,2,24.3,41.9,9.0,0,One year,DSL,South,Basic,Desktop,0
C004382,46,26,20.0,2,12.3,51.9,5.5,0,Month-to-month,DSL,South,Basic,Mobile,1
C004383,44,41,69.08,2,14.9,21.1,5.3,0,Month-to-month,Fiber,North,Basic,Mobile,1
C004384,41,28,51.79,0,8.6,17.4,9.9,0,Month-to-month,DSL,East,Premium,Desktop,0
C004385,48,52,60.67,0,3.1,27.1,7.5,1,Month-to-month,Fiber,North,Premium,Desktop,0
C004386,44,19,38.55,1,11.9,67.5,5.2,0,One year,None,West,None,Desktop,0
C004387,18,5,82.4,0,13.0,47.2,6.1,2,Month-to-month,DSL,South,None,Mobile,0
C004388,38,25,116.04,0,19.0,24.4,9.0,0,Month-to-month,DSL,East,Basic,Desktop,0
C004389,48,44,78.63,0,20.6,26.8,5.0,1,Month-to-month,DSL,East,Basic,Mobile,0
C004390,63,14,20.0,2,15.1,30.8,6.9,0,Month-to-month,DSL,North,None,Desktop,0
C004391,64,59,79.14,2,9.1,34.3,6.9,0,Month-to-month,Fiber,West,Basic,Mobile,0
C004392,24,1,67.13,1,11.4,,10.0,1,Month-to-month,Fiber,North,None,Desktop,0
C004393,37,5,44.47,0,27.1,39.2,,0,One year,DSL,East,Basic,Mobile,0
C004394,22,37,80.84,0,20.4,45.4,4.6,0,Two year,Fiber,South,Premium,Mobile,0
C004395,62,37,93.99,2,26.0,55.0,6.1,0,Month-to-month,None,South,None,Mobile,0
C004396,55,22,55.29,0,28.4,29.4,6.0,0,Two year,DSL,North,Basic,Tablet,0
C004397,47,19,30.91,1,11.4,28.4,7.2,0,Month-to-month,Fiber,South,Basic,Desktop,0
C004398,44,6,21.71,1,21.7,26.6,6.3,1,Month-to-month,DSL,East,Basic,Desktop,0
C004399,60,48,55.36,1,9.7,27.7,8.6,0,One year,Fiber,West,None,Mobile,0
C004400,58,28,68.11,0,23.2,35.4,7.3,0,Two year,DSL,South,Basic,Mobile,0
C004401,57,9,59.1,1,21.8,38.6,5.4,0,Two year,DSL,North,Basic,Desktop,0
C004402,48,29,54.92,2,1.2,51.7,6.7,0,Month-to-month,DSL,West,Basic,Mobile,0
C004403,37,68,86.2,0,18.8,22.5,6.6,0,Month-to-month,Fiber,North,None,Mobile,0
C004404,52,19,83.57,2,10.0,35.3,9.2,0,Two year,Fiber,South,Basic,Mobile,0
C004405,53,65,76.99,0,13.6,20.9,8.7,0,Month-to-month,Fiber,East,Basic,Desktop,0
C004406,40,19,92.41,1,11.4,35.9,8.4,1,Month-to-month,DSL,North,Premium,Mobile,0
C004407,37,14,55.59,0,22.4,63.1,5.8,0,Two year,DSL,East,None,Mobile,0
C004408,57,19,44.64,2,11.2,29.4,,0,Month-to-month,DSL,West,Basic,Mobile,0
C004409,64,24,58.94,0,7.0,60.4,5.0,1,Month-to-month,None,East,Basic,Desktop,0
C004410,32,9,57.22,0,10.3,21.0,8.3,0,Two year,Fiber,West,Premium,Desktop,0
C004411,39,43,20.72,2,14.5,25.5,9.3,0,One year,DSL,North,None,Desktop,0
C004412,47,25,58.36,2,18.9,26.9,3.4,3,Month-to-month,Fiber,South,Basic,Mobile,0
C004413,48,52,99.62,3,24.4,33.1,7.0,0,Month-to-month,Fiber,West,Basic,Desktop,0
C004414,35,36,92.02,0,19.6,29.2,7.0,0,Month-to-month,DSL,East,Basic,Tablet,0
C004415,66,32,85.13,0,20.1,40.2,8.8,0,Two year,DSL,West,None,Mobile,0
C004416,47,34,75.29,2,21.2,3.0,6.1,2,One year,Fiber,East,Basic,Mobile,0
C004417,49,12,108.22,2,21.7,19.2,6.0,0,One year,DSL,East,Basic,Mobile,0
C004418,65,52,45.5,1,23.2,53.7,7.4,0,Two year,DSL,East,Basic,Mobile,0
C004419,36,8,47.88,1,33.5,14.1,8.2,2,Month-to-month,Fiber,South,Basic,Desktop,0
C004420,41,52,100.11,0,21.6,26.7,7.5,0,Month-to-month,Fiber,East,None,Mobile,0
C004421,26,72,72.69,1,18.0,38.3,8.7,0,Two year,DSL,West,None,Mobile,0
C004422,40,56,55.22,0,12.7,30.5,8.4,0,Month-to-month,DSL,South,Basic,Mobile,0
C004423,23,33,85.8,2,18.2,20.8,6.2,1,Month-to-month,DSL,East,None,Desktop,0
C004424,52,23,61.04,2,24.1,36.3,7.2,0,Month-to-month,Fiber,East,Premium,Mobile,0
C004425,47,63,51.06,3,7.5,41.0,8.1,0,Two year,DSL,West,Premium,Tablet,0
C004426,38,19,50.37,3,24.8,23.8,5.7,0,One year,DSL,East,Basic,Mobile,0
C004427,41,35,80.04,1,13.0,35.9,5.9,0,One year,Fiber,South,Basic,Mobile,0
C004428,52,56,77.15,3,14.4,41.3,4.5,0,Month-to-month,DSL,North,None,Mobile,0
C004429,27,67,109.92,0,19.7,44.0,9.3,0,Month-to-month,Fiber,East,,Desktop,0
C004430,45,67,64.75,2,12.3,35.4,10.0,0,Month-to-month,DSL,East,Basic,Desktop,0
C004431,51,7,64.32,0,19.2,51.5,5.9,0,Month-to-month,Fiber,North,Basic,Mobile,1
C004432,19,65,107.99,3,7.9,31.6,8.2,1,One year,DSL,West,Premium,Desktop,0
C004433,51,9,96.64,1,22.1,19.2,9.4,2,Month-to-month,DSL,East,None,Mobile,0
C004434,20,43,75.62,2,17.4,28.4,5.0,0,Two year,Fiber,East,Basic,Tablet,0
C004435,40,67,32.97,2,16.0,45.5,7.8,0,One year,Fiber,North,Premium,Desktop,0
C004436,27,48,51.7,4,17.9,20.3,9.5,1,Month-to-month,DSL,East,Basic,Mobile,1
C004437,61,69,45.65,0,15.9,4.1,6.7,0,Month-to-month,DSL,North,None,Mobile,0
C004438,27,25,72.91,0,19.1,36.5,7.0,0,Month-to-month,Fiber,West,Premium,Tablet,0
C004439,21,23,59.29,1,14.5,25.7,9.6,0,Month-to-month,Fiber,West,Premium,Tablet,0
C004440,44,24,112.07,3,14.0,58.0,6.4,0,One year,Fiber,South,Premium,Mobile,0
C004441,37,26,32.71,3,3.6,34.2,6.1,0,One year,Fiber,West,None,Mobile,0
C004442,22,50,42.97,1,25.6,45.8,6.8,1,Month-to-month,Fiber,South,Basic,Desktop,0
C004443,49,33,78.12,1,7.9,25.1,10.0,0,Two year,DSL,South,None,Mobile,0
C004444,18,54,85.04,3,27.3,38.1,8.6,1,Month-to-month,Fiber,East,None,Tablet,0
C004445,29,30,20.0,1,14.3,35.5,8.1,0,One year,DSL,South,Premium,Tablet,0
C004446,35,23,28.61,2,24.5,47.6,8.1,0,Month-to-month,Fiber,South,None,Desktop,0
C004447,52,14,65.41,0,23.3,33.3,5.2,1,Month-to-month,DSL,North,Premium,Desktop,0
C004448,59,40,105.9,5,22.7,24.7,8.2,2,Two year,Fiber,South,None,Mobile,0
C004449,56,65,119.19,1,16.3,43.5,6.4,0,One year,Fiber,West,Basic,Desktop,0
C004450,40,62,61.64,3,7.6,22.4,6.8,1,Month-to-month,None,North,Basic,Mobile,0
C004451,18,19,67.73,2,14.7,21.2,6.8,0,Month-to-month,Fiber,North,Basic,Desktop,0
C004452,47,35,51.08,1,13.8,30.5,,0,Two year,DSL,North,None,Desktop,0
C004453,61,51,87.83,1,15.3,27.1,10.0,1,One year,Fiber,North,Premium,Mobile,0
C004454,58,45,110.21,2,7.4,31.2,5.6,0,One year,DSL,West,None,Mobile,0
C004455,48,5,103.4,1,14.0,23.0,9.1,0,One year,Fiber,East,Basic,Mobile,0
C004456,27,43,71.27,2,0.0,44.4,7.0,0,Month-to-month,Fiber,West,Premium,Mobile,0
C004457,35,3,51.04,2,13.9,44.3,8.7,0,Two year,Fiber,West,Basic,Tablet,0
C004458,67,9,72.2,2,16.9,41.0,7.8,0,Two year,DSL,East,None,Mobile,0
C004459,24,48,106.52,0,10.5,39.8,6.2,0,Month-to-month,Fiber,West,None,Mobile,0
C004460,27,8,61.99,1,14.1,8.8,,0,Two year,Fiber,East,None,Desktop,0
C004461,54,25,26.61,1,17.1,32.4,6.9,0,Two year,Fiber,West,Basic,Desktop,0
C004462,36,43,63.0,2,23.1,41.3,7.9,2,Month-to-month,Fiber,East,Premium,Desktop,0
C004463,27,48,65.02,1,23.4,47.1,,0,Two year,Fiber,North,None,Mobile,0
C004464,62,33,26.47,1,18.1,28.6,10.0,0,Month-to-month,Fiber,North,Premium,Mobile,0
C004465,48,7,77.8,2,15.8,46.6,8.3,0,One year,DSL,West,Basic,Mobile,0
C004466,37,58,84.65,3,18.5,34.7,5.0,0,Month-to-month,DSL,East,None,Mobile,0
C004467,27,69,118.5,1,28.6,3.0,9.6,1,Month-to-month,Fiber,North,Basic,Mobile,0
C004468,69,64,38.69,2,19.5,29.8,8.4,0,Two year,None,East,Basic,Tablet,0
C004469,42,54,90.26,1,17.8,20.9,7.0,0,One year,None,West,Premium,Mobile,0
C004470,60,29,96.17,1,23.5,23.7,5.3,0,Two year,DSL,East,Basic,Desktop,0
C004471,54,64,84.99,2,16.3,43.6,6.8,0,Month-to-month,DSL,East,Basic,Mobile,0
C004472,35,36,46.83,0,10.0,34.6,9.4,0,One year,Fiber,West,Basic,Tablet,0
C004473,35,10,45.38,1,19.2,24.8,8.2,1,Month-to-month,Fiber,South,None,Mobile,0
C004474,61,62,74.43,0,17.2,22.9,9.8,0,Month-to-month,Fiber,East,Basic,Mobile,0
C004475,61,24,74.25,3,14.5,,9.7,1,Two year,Fiber,East,Basic,Mobile,0
C004476,18,68,58.01,0,19.8,28.8,7.7,0,One year,Fiber,South,Premium,Desktop,0
C004477,49,27,104.29,0,3.3,39.4,1.6,1,Month-to-month,None,South,None,Desktop,0
C004478,40,63,61.98,1,12.2,21.1,5.7,1,Month-to-month,Fiber,East,Premium,Tablet,0
C004479,29,39,24.66,0,9.8,26.4,4.5,0,One year,DSL,North,Premium,Mobile,0
C004480,45,34,66.4,2,10.6,17.6,9.9,0,Two year,Fiber,North,Premium,Mobile,0
C004481,24,22,84.01,1,14.9,24.4,8.2,1,Month-to-month,DSL,South,Premium,Mobile,0
C004482,36,61,80.55,2,9.6,57.1,6.9,0,Month-to-month,DSL,North,Premium,Desktop,1
C004483,32,5,80.36,1,27.7,22.2,6.4,0,One year,DSL,West,None,Desktop,0
C004484,36,34,109.35,1,19.2,25.3,9.3,0,Month-to-month,Fiber,South,Premium,Mobile,0
C004485,41,27,44.13,1,10.4,21.1,5.7,1,One year,Fiber,South,Basic,Desktop,0
C004486,29,40,61.41,0,3.8,28.8,5.0,0,Month-to-month,Fiber,West,Basic,Tablet,0
C004487,62,19,110.63,0,11.9,30.1,4.8,0,One year,Fiber,South,Premium,Tablet,0
C004488,48,48,22.82,2,13.7,45.6,7.5,1,Month-to-month,Fiber,South,Basic,Mobile,0
C004489,65,28,70.66,3,11.6,26.1,5.8,0,Month-to-month,None,South,None,Mobile,0
C004490,40,14,102.72,2,33.8,32.4,9.1,0,Two year,DSL,West,None,Mobile,0
C004491,35,15,102.35,1,4.4,8.5,7.3,0,Month-to-month,Fiber,South,Premium,Mobile,0
C004492,65,51,88.5,1,16.4,20.6,4.8,1,Month-to-month,Fiber,East,None,Desktop,1
C004493,34,19,89.14,0,15.1,44.0,6.8,0,One year,Fiber,North,Basic,Mobile,0
C004494,40,23,45.97,1,14.3,20.7,5.5,0,Month-to-month,DSL,North,Basic,Mobile,0
C004495,51,46,106.33,0,2.4,40.2,7.0,1,One year,None,West,Basic,Mobile,1
C004496,26,24,42.0,0,15.7,19.9,9.2,0,One year,Fiber,East,Premium,Mobile,0
C004497,51,28,43.49,3,17.3,28.9,7.0,0,Two year,Fiber,North,None,Desktop,0
C004498,50,18,81.7,1,21.0,51.6,6.0,2,Month-to-month,DSL,North,Basic,Mobile,0
C004499,59,25,59.67,2,19.4,39.9,8.0,0,Two year,Fiber,South,Basic,Desktop,0
C004500,54,50,77.17,1,24.5,7.6,6.5,0,One year,Fiber,South,None,Desktop,0
C004501,59,39,82.77,2,1.7,69.7,8.2,0,Two year,DSL,South,None,Mobile,0
C004502,41,72,116.45,1,14.4,18.5,7.8,1,Month-to-month,DSL,North,Basic,Mobile,0
C004503,31,56,82.84,0,33.5,53.4,5.3,1,Month-to-month,None,North,Basic,Tablet,0
C004504,69,2,56.54,1,23.4,25.6,4.9,0,Two year,DSL,South,Basic,Tablet,0
C004505,22,28,88.91,2,5.8,16.3,6.6,1,Month-to-month,None,West,Basic,Mobile,0
C004506,23,21,51.21,0,16.6,25.6,8.0,0,Month-to-month,DSL,South,Basic,Desktop,0
C004507,49,43,94.83,1,8.7,23.2,10.0,0,Month-to-month,Fiber,East,Premium,Mobile,0
C004508,63,20,73.62,0,13.0,24.4,5.2,0,Month-to-month,DSL,South,Basic,Mobile,0
C004509,44,70,82.01,1,30.0,31.7,5.4,1,Month-to-month,Fiber,East,None,Desktop,0
C004510,55,22,27.48,2,22.7,36.7,9.0,1,Two year,DSL,South,Basic,Tablet,0
C004511,18,38,20.0,0,5.4,48.0,7.5,0,One year,Fiber,South,None,Mobile,0
C004512,36,9,34.46,0,10.6,33.6,6.9,0,Month-to-month,DSL,West,Basic,Mobile,0
C004513,18,66,115.64,0,16.0,31.9,8.4,0,Month-to-month,Fiber,West,None,Desktop,0
C004514,52,66,43.3,1,14.1,22.3,9.4,0,Two year,None,West,Basic,Desktop,0
C004515,22,58,90.31,0,18.2,27.6,9.1,0,Two year,Fiber,South,None,Desktop,0
C004516,25,26,55.95,1,10.6,25.0,5.9,0,Month-to-month,None,North,Basic,Tablet,0
C004517,49,5,66.0,2,13.4,14.5,8.0,0,One year,Fiber,West,None,Mobile,0
C004518,56,52,70.88,1,10.5,61.6,9.2,1,Two year,DSL,East,Premium,Mobile,0
C004519,40,31,113.09,1,13.4,33.9,6.7,0,Two year,Fiber,West,Basic,Tablet,0
C004520,49,72,86.61,2,20.9,34.1,7.9,1,One year,DSL,West,Basic,Mobile,0
C004521,49,51,81.63,2,18.1,45.6,6.1,0,Month-to-month,Fiber,East,None,Desktop,0
C004522,39,39,104.42,0,11.1,3.0,5.5,0,Month-to-month,Fiber,North,Premium,Mobile,0
C004523,28,72,56.17,1,23.9,57.9,7.9,0,Month-to-month,DSL,West,None,Mobile,0
C004524,49,58,98.71,1,23.4,20.7,8.8,1,Two year,DSL,North,Basic,Tablet,0
C004525,50,34,94.53,3,16.0,20.4,8.6,0,Month-to-month,DSL,North,None,Desktop,0
C004526,54,2,94.25,2,14.2,24.5,4.8,1,Month-to-month,Fiber,East,Basic,Desktop,1
C004527,46,7,68.12,2,28.3,42.8,9.6,0,One year,Fiber,West,Basic,Mobile,0
C004528,27,32,61.07,1,27.2,56.7,8.2,0,Two year,DSL,South,Premium,Mobile,0
C004529,51,41,50.25,5,5.4,50.7,9.2,0,Month-to-month,Fiber,North,Basic,Tablet,0
C004530,42,3,51.82,2,24.4,,5.5,1,Month-to-month,Fiber,East,Basic,Mobile,0
C004531,36,10,49.07,2,28.1,9.4,8.7,0,Month-to-month,Fiber,South,Basic,Tablet,0
C004532,38,51,81.17,2,20.6,26.0,8.4,0,Two year,Fiber,North,None,Mobile,0
C004533,33,55,66.29,3,12.7,23.3,4.9,1,Month-to-month,DSL,South,None,Tablet,0
C004534,54,3,82.79,0,13.6,11.3,8.0,0,Month-to-month,Fiber,North,Basic,Mobile,0
C004535,24,37,84.2,2,28.0,38.0,5.4,1,Two year,Fiber,North,Basic,Mobile,0
C004536,29,6,45.51,1,21.8,31.1,7.2,0,Month-to-month,Fiber,South,None,Mobile,0
C004537,38,53,44.76,2,19.8,37.0,10.0,0,One year,Fiber,South,Premium,Mobile,0
C004538,63,61,66.28,4,32.3,39.8,7.7,0,Month-to-month,None,West,Basic,Desktop,0
C004539,56,63,52.62,0,8.9,39.2,7.0,0,One year,DSL,South,Premium,Desktop,0
C004540,21,44,49.99,3,15.4,30.2,4.5,0,Month-to-month,Fiber,West,None,Mobile,0
C004541,60,46,114.39,2,17.3,50.7,7.7,2,Month-to-month,None,West,None,Mobile,0
C004542,60,67,33.67,1,14.5,25.1,6.9,0,Month-to-month,None,West,Premium,Mobile,0
C004543,27,45,122.58,0,3.1,23.3,3.6,1,Month-to-month,Fiber,North,None,Tablet,0
C004544,18,33,79.22,1,23.0,28.2,5.3,1,Month-to-month,Fiber,East,None,Desktop,0
C004545,41,55,96.66,0,10.7,37.5,8.8,0,Month-to-month,DSL,North,Premium,Desktop,0
C004546,57,43,93.71,2,10.6,39.2,9.5,1,Two year,Fiber,West,None,Mobile,0
C004547,63,61,87.42,0,13.5,26.9,7.4,0,Month-to-month,Fiber,West,Premium,Tablet,0
C004548,31,38,113.55,1,14.4,27.2,9.0,0,Two year,DSL,West,None,Mobile,0
C004549,65,63,44.94,1,15.1,46.7,7.3,0,Two year,Fiber,North,None,Mobile,0
C004550,18,4,68.09,1,22.7,15.3,5.9,0,Month-to-month,DSL,North,Premium,Desktop,0
C004551,37,3,50.68,0,24.2,64.0,10.0,0,Month-to-month,DSL,East,None,Mobile,0
C004552,37,8,29.6,2,14.2,27.4,4.7,0,Two year,Fiber,South,Basic,Desktop,0
C004553,57,41,55.47,0,11.8,28.5,8.0,2,One year,DSL,South,None,Tablet,0
C004554,59,52,118.81,1,15.1,35.4,6.1,0,Month-to-month,Fiber,East,Basic,Desktop,0
C004555,54,16,67.66,1,9.7,37.4,6.8,0,Month-to-month,DSL,East,None,Desktop,0
C004556,24,12,121.59,2,15.8,23.1,10.0,1,Two year,Fiber,North,Premium,Mobile,1
C004557,53,62,124.15,2,9.4,35.1,7.3,1,One year,Fiber,West,Premium,Mobile,0
C004558,49,55,146.88,1,30.9,19.8,6.6,1,Month-to-month,Fiber,East,Basic,Mobile,0
C004559,20,47,119.64,2,16.9,23.8,6.2,0,Month-to-month,DSL,West,Premium,Mobile,0
C004560,18,36,130.95,3,12.2,11.7,8.2,1,One year,DSL,West,Premium,Desktop,0
C004561,55,31,80.13,2,20.9,32.7,5.5,1,Two year,Fiber,North,None,Mobile,0
C004562,40,2,77.71,1,7.4,28.9,7.4,0,Month-to-month,Fiber,South,None,Desktop,0
C004563,25,14,79.37,3,11.0,6.8,7.0,0,Month-to-month,DSL,West,Premium,Mobile,0
C004564,39,65,72.0,1,19.0,22.8,5.8,1,Month-to-month,DSL,West,None,Desktop,0
C004565,47,25,75.74,1,16.9,30.7,4.6,0,One year,DSL,North,None,Mobile,0
C004566,41,51,90.8,1,23.3,41.3,7.3,1,Month-to-month,None,North,None,Tablet,0
C004567,22,51,60.35,1,0.0,15.6,6.6,1,Month-to-month,DSL,North,Basic,Mobile,0
C004568,67,23,37.56,0,21.7,27.4,7.6,1,Month-to-month,Fiber,East,Basic,Desktop,1
C004569,55,15,81.09,1,12.2,17.8,3.3,0,One year,None,South,Premium,Desktop,0
C004570,38,50,54.68,1,7.8,39.7,6.4,0,Month-to-month,Fiber,North,None,Mobile,0
C004571,38,7,57.27,0,3.9,23.0,8.8,3,Two year,DSL,North,None,Mobile,0
C004572,47,36,68.43,5,12.1,37.2,4.3,1,Month-to-month,Fiber,South,Premium,Desktop,1
C004573,27,64,62.7,0,27.1,26.7,10.0,1,Two year,None,West,Basic,Mobile,0
C004574,46,52,99.75,3,22.8,10.6,7.9,1,Month-to-month,DSL,East,None,Desktop,0
C004575,25,56,67.83,5,27.4,30.2,7.0,0,Two year,Fiber,North,None,Desktop,0
C004576,41,6,101.01,2,15.2,16.8,7.4,0,Month-to-month,Fiber,North,None,Mobile,0
C004577,27,15,77.15,3,16.7,44.4,5.7,0,Month-to-month,Fiber,North,Premium,Desktop,0
C004578,27,20,69.79,0,4.9,52.8,9.8,0,Month-to-month,DSL,North,Basic,Tablet,0
C004579,63,22,75.96,4,4.9,38.7,7.5,0,Month-to-month,Fiber,East,Basic,Desktop,1
C004580,43,14,39.71,2,15.0,23.3,7.3,1,Month-to-month,DSL,North,None,Tablet,0
C004581,45,70,80.45,0,6.4,31.3,9.0,1,Month-to-month,Fiber,East,Basic,Mobile,0
C004582,18,12,93.23,1,10.0,34.5,7.9,0,One year,None,North,Premium,Desktop,0
C004583,34,51,96.77,1,16.3,44.0,6.0,0,One year,DSL,West,Premium,Mobile,0
C004584,48,43,38.2,2,24.9,28.7,7.2,0,Month-to-month,Fiber,North,Basic,Desktop,0
C004585,45,44,34.03,0,16.1,35.9,8.2,1,One year,Fiber,West,None,Mobile,0
C004586,18,16,58.58,0,6.5,10.9,7.3,1,Month-to-month,Fiber,South,Basic,Mobile,0
C004587,45,23,106.62,4,3.2,33.9,4.8,1,One year,Fiber,East,Premium,Desktop,0
C004588,47,44,77.52,0,16.8,20.7,9.7,1,Month-to-month,Fiber,East,Basic,Tablet,1
C004589,59,22,52.63,1,11.6,31.5,7.5,0,Month-to-month,Fiber,South,Basic,Mobile,0
C004590,33,50,35.68,0,16.8,18.5,6.5,0,One year,DSL,West,None,Mobile,0
C004591,18,3,54.9,1,14.6,35.9,8.4,0,Month-to-month,Fiber,East,Basic,Desktop,0
C004592,29,6,53.21,1,15.5,38.7,6.3,0,Month-to-month,Fiber,North,Basic,Tablet,0
C004593,28,53,95.39,0,24.4,28.2,4.5,0,Two year,DSL,East,None,Mobile,0
C004594,52,45,97.31,0,23.4,20.6,7.2,0,Month-to-month,Fiber,North,Basic,Mobile,0
C004595,18,4,45.75,1,18.6,37.9,8.4,0,One year,Fiber,East,None,Mobile,0
C004596,36,65,90.83,1,9.7,49.7,6.7,0,One year,Fiber,North,Basic,Tablet,0
C004597,61,1,88.27,2,12.1,54.1,6.8,1,Month-to-month,Fiber,South,Premium,Desktop,0
C004598,42,69,42.51,4,21.3,35.8,6.9,1,Month-to-month,DSL,East,Basic,Desktop,0
C004599,54,53,69.9,5,25.1,34.3,,0,One year,Fiber,North,Premium,Mobile,0
C004600,21,72,80.52,3,7.1,15.2,7.5,1,One year,DSL,East,None,Desktop,0
C004601,21,69,76.08,1,26.7,46.8,8.6,0,Two year,DSL,North,Basic,Desktop,0
C004602,61,23,29.24,1,10.5,3.1,8.5,1,Month-to-month,Fiber,West,Basic,Mobile,0
C004603,43,55,75.28,1,20.7,45.3,10.0,0,One year,DSL,West,Premium,Mobile,0
C004604,43,16,87.91,0,35.6,31.3,10.0,1,Month-to-month,DSL,North,Basic,Tablet,0
C004605,27,34,111.49,3,4.9,3.0,5.7,0,Month-to-month,Fiber,East,Basic,Desktop,1
C004606,43,18,55.28,2,19.5,35.0,6.8,0,Month-to-month,Fiber,East,None,Mobile,0
C004607,27,35,58.36,1,13.8,29.1,8.5,0,Two year,None,South,None,Mobile,0
C004608,57,63,66.78,2,19.1,25.6,4.0,0,One year,DSL,South,None,Desktop,0
C004609,77,32,79.28,2,11.7,27.8,7.8,0,One year,Fiber,South,Premium,Tablet,0
C004610,48,7,74.43,1,0.0,30.8,5.7,0,Two year,None,South,None,Tablet,0
C004611,34,24,87.11,4,10.7,30.7,7.1,0,Month-to-month,DSL,North,Premium,Tablet,0
C004612,18,57,43.87,0,18.4,13.3,7.2,0,One year,DSL,South,Premium,Mobile,0
C004613,20,38,81.92,3,25.4,35.8,4.0,0,Month-to-month,DSL,South,None,Mobile,0
C004614,62,41,53.44,2,18.8,26.4,10.0,1,Month-to-month,Fiber,North,None,Desktop,0
C004615,29,32,68.42,2,26.3,50.0,6.2,0,One year,None,West,None,Mobile,0
C004616,37,22,114.7,0,12.5,41.3,9.8,1,Month-to-month,Fiber,North,None,Mobile,1
C004617,51,44,37.04,0,12.0,42.7,4.3,0,Two year,None,East,Basic,Mobile,0
C004618,61,46,65.01,0,18.4,53.3,6.0,1,Month-to-month,Fiber,North,Basic,Tablet,0
C004619,39,65,40.13,1,13.4,39.8,8.6,0,Month-to-month,Fiber,North,Premium,Tablet,0
C004620,37,45,75.83,1,23.9,29.2,6.7,0,Month-to-month,DSL,West,None,Mobile,0
C004621,43,72,98.21,1,6.2,3.0,8.6,1,Month-to-month,Fiber,East,None,Desktop,0
C004622,34,60,76.24,0,22.0,33.9,8.3,1,One year,DSL,South,Premium,Mobile,0
C004623,35,6,69.08,2,24.5,51.8,5.7,0,One year,DSL,East,Basic,Desktop,0
C004624,47,29,105.21,0,18.6,41.7,9.4,0,Month-to-month,Fiber,West,Basic,Mobile,0
C004625,44,28,80.26,5,22.4,24.9,8.2,2,Month-to-month,None,East,Basic,Mobile,0
C004626,70,1,92.49,2,11.5,31.7,4.6,1,One year,Fiber,East,None,Tablet,0
C004627,48,14,89.88,1,10.2,24.3,7.4,0,Month-to-month,DSL,South,Basic,Tablet,0
C004628,57,55,20.0,5,18.5,34.7,8.3,0,One year,Fiber,North,Basic,Mobile,0
C004629,28,26,70.08,1,10.9,24.9,7.0,1,Month-to-month,Fiber,West,Basic,Mobile,0
C004630,49,11,45.05,5,18.1,48.3,7.2,0,Month-to-month,DSL,West,Basic,Mobile,1
C004631,33,21,51.27,1,18.1,32.4,8.0,1,One year,Fiber,South,Basic,Desktop,0
C004632,47,20,108.86,2,15.5,34.1,4.2,0,Month-to-month,DSL,South,Premium,Tablet,0
C004633,51,13,62.63,2,18.0,21.1,6.8,0,One year,DSL,West,Premium,Mobile,0
C004634,43,8,119.31,1,20.4,26.0,6.5,0,Month-to-month,Fiber,East,None,Mobile,0
C004635,73,56,36.81,2,15.3,17.1,8.5,0,Month-to-month,None,North,Basic,Tablet,0
C004636,61,60,44.91,2,12.7,48.0,6.1,0,One year,Fiber,South,None,Mobile,0
C004637,57,36,91.06,3,21.8,24.8,10.0,0,One year,DSL,North,Basic,Desktop,0
C004638,52,45,63.47,1,17.9,32.9,6.1,1,One year,DSL,South,Basic,Mobile,0
C004639,65,67,79.68,1,19.2,12.4,5.1,0,Month-to-month,Fiber,East,None,Mobile,0
C004640,23,61,69.19,1,20.1,16.2,9.4,1,Month-to-month,DSL,West,None,Tablet,0
C004641,60,3,68.44,4,17.0,28.0,8.2,0,Month-to-month,Fiber,North,Premium,Desktop,0
C004642,29,69,64.39,1,13.6,27.3,7.8,0,One year,Fiber,East,None,Tablet,0
C004643,35,5,76.49,1,11.7,33.9,6.7,0,Month-to-month,Fiber,West,Basic,Mobile,0
C004644,49,2,88.04,0,15.4,55.1,6.5,0,One year,Fiber,East,Basic,Mobile,0
C004645,58,30,112.36,1,19.4,6.8,8.0,1,Month-to-month,DSL,East,Premium,Mobile,0
C004646,27,54,66.94,0,19.7,42.7,6.1,0,Month-to-month,None,West,Premium,Mobile,0
C004647,35,6,62.16,1,17.0,37.0,10.0,0,One year,Fiber,East,None,Tablet,0
C004648,43,22,58.94,0,18.5,23.6,7.6,0,One year,Fiber,North,Premium,Mobile,0
C004649,40,19,108.74,6,8.3,25.8,6.7,0,Month-to-month,DSL,East,None,Tablet,1
C004650,53,29,89.26,0,12.7,44.4,6.4,0,Month-to-month,None,South,Basic,Mobile,0
C004651,85,71,24.52,4,20.7,30.3,4.9,0,One year,DSL,East,Basic,Desktop,0
C004652,47,24,23.42,0,10.2,27.1,8.4,0,One year,None,North,None,Mobile,0
C004653,32,16,51.25,1,17.0,18.4,5.7,0,Month-to-month,DSL,East,Premium,Mobile,0
C004654,25,9,77.75,4,16.4,21.0,6.9,0,Two year,DSL,East,Basic,Mobile,0
C004655,38,15,71.16,2,15.2,16.4,10.0,2,Two year,DSL,West,None,Mobile,0
C004656,30,10,84.87,2,20.8,41.6,3.9,0,Month-to-month,Fiber,East,Basic,Mobile,0
C004657,48,42,67.61,1,17.6,21.6,6.9,0,Month-to-month,None,East,None,Desktop,0
C004658,48,31,106.94,1,7.6,16.7,4.6,0,Two year,None,West,Basic,Mobile,0
C004659,36,36,91.3,1,19.6,33.1,6.1,0,Month-to-month,DSL,East,Basic,Tablet,0
C004660,68,60,73.94,1,12.5,21.2,6.8,0,One year,Fiber,East,,Mobile,0
C004661,32,42,100.63,2,6.5,49.6,4.8,0,One year,Fiber,North,Basic,Desktop,0
C004662,40,12,30.78,0,21.2,31.5,7.8,1,One year,Fiber,West,Premium,Desktop,0
C004663,50,28,69.87,0,7.7,33.5,9.7,0,Month-to-month,DSL,East,Basic,Mobile,0
C004664,54,23,75.44,0,13.5,33.5,7.7,0,Month-to-month,DSL,North,Basic,Tablet,0
C004665,59,60,87.05,2,18.1,37.9,8.6,0,Month-to-month,Fiber,East,Basic,Mobile,0
C004666,48,23,29.12,2,15.5,39.5,10.0,1,Month-to-month,Fiber,South,Basic,Mobile,0
C004667,56,10,65.49,1,11.6,31.4,8.2,0,Month-to-month,None,South,None,Desktop,0
C004668,33,53,82.01,0,9.0,18.8,2.9,0,One year,None,South,Basic,Mobile,0
C004669,54,31,83.93,0,10.7,29.2,7.4,0,Month-to-month,Fiber,East,Basic,Desktop,0
C004670,54,7,101.65,2,8.5,31.7,2.6,0,One year,Fiber,West,None,Mobile,0
C004671,62,50,91.04,2,15.1,11.4,5.8,1,Month-to-month,DSL,West,None,Mobile,0
C004672,20,16,70.48,3,12.2,5.7,4.4,0,Month-to-month,Fiber,South,Basic,Mobile,1
C004673,30,63,88.87,2,6.3,16.4,7.6,0,Month-to-month,Fiber,East,Basic,Desktop,0
C004674,53,60,66.97,4,14.0,7.6,5.5,0,Month-to-month,Fiber,North,None,Tablet,0
C004675,18,27,75.67,2,11.5,25.2,7.6,0,One year,DSL,West,Premium,Desktop,0
C004676,48,41,91.87,1,17.9,21.7,8.5,0,Month-to-month,DSL,North,Basic,Mobile,0
C004677,56,41,70.87,2,18.5,32.1,5.4,0,One year,Fiber,East,None,Mobile,0
C004678,35,48,81.05,3,25.4,39.5,7.6,0,Two year,None,East,None,Desktop,0
C004679,36,5,96.03,0,20.5,34.5,2.4,0,Month-to-month,DSL,North,Basic,Mobile,1
C004680,28,24,89.8,2,8.4,36.2,4.4,0,Month-to-month,DSL,West,Basic,Mobile,0
C004681,35,13,102.84,3,0.8,42.4,9.4,0,Month-to-month,None,East,Basic,Mobile,0
C004682,36,51,130.21,4,5.4,27.1,5.5,1,Two year,DSL,West,Basic,Desktop,0
C004683,33,5,89.57,0,12.5,3.0,6.2,2,Month-to-month,DSL,North,Premium,Desktop,0
C004684,32,38,60.47,1,4.7,10.1,5.6,2,Two year,Fiber,North,Basic,Tablet,0
C004685,38,53,84.8,1,11.7,37.0,4.0,1,Month-to-month,Fiber,South,Basic,Tablet,0
C004686,38,69,83.72,3,16.2,33.4,5.2,1,Two year,None,West,Basic,Desktop,0
C004687,66,21,87.34,1,12.1,,7.1,0,One year,Fiber,West,Premium,Tablet,0
C004688,37,1,109.38,2,18.0,,6.4,1,Month-to-month,DSL,West,None,Tablet,0
C004689,46,53,29.9,1,11.7,33.6,9.0,0,One year,Fiber,North,Basic,Mobile,0
C004690,35,1,109.85,1,10.7,29.9,6.0,2,Month-to-month,Fiber,West,Basic,Mobile,1
C004691,34,5,118.26,1,28.0,35.2,7.1,0,Month-to-month,DSL,West,Premium,Desktop,0
C004692,20,72,86.2,1,15.8,16.7,6.1,0,One year,Fiber,South,Basic,Desktop,0
C004693,22,63,86.8,1,16.8,40.1,8.8,1,One year,DSL,South,Basic,Desktop,0
C004694,26,51,65.96,1,21.9,28.9,4.5,0,Month-to-month,None,West,Premium,Mobile,0
C004695,44,61,72.16,1,22.1,51.2,8.0,0,Two year,DSL,East,Premium,Desktop,0
C004696,56,6,89.45,2,13.4,11.8,7.8,1,One year,Fiber,South,None,Mobile,0
C004697,19,7,87.84,1,23.3,31.1,5.6,0,One year,Fiber,North,None,Desktop,0
C004698,35,22,90.02,1,12.9,23.5,6.9,0,One year,Fiber,South,Premium,Tablet,0
C004699,24,2,87.67,1,23.1,18.2,7.8,1,Month-to-month,DSL,North,Basic,Tablet,0
C004700,39,64,94.46,3,7.4,38.5,5.9,0,Month-to-month,Fiber,East,Basic,Desktop,0
C004701,56,5,91.67,1,13.9,27.2,5.8,0,One year,Fiber,West,Premium,Desktop,0
C004702,36,40,46.39,1,17.6,47.0,4.9,1,One year,Fiber,South,Premium,Mobile,0
C004703,41,62,92.81,0,18.5,24.6,10.0,1,Two year,Fiber,East,Basic,Mobile,0
C004704,61,53,118.46,1,10.1,26.3,6.3,0,Month-to-month,Fiber,West,Premium,Mobile,0
C004705,48,17,71.33,1,4.5,55.2,4.9,0,One year,Fiber,West,Premium,Desktop,1
C004706,32,34,109.49,0,19.2,14.8,3.9,0,Month-to-month,Fiber,North,Basic,Tablet,0
C004707,44,40,49.07,0,14.6,21.6,5.7,0,Month-to-month,None,South,None,Desktop,0
C004708,31,56,71.26,0,13.3,3.0,7.6,0,Month-to-month,DSL,North,None,Mobile,0
C004709,47,31,55.97,1,27.6,25.6,6.6,0,Two year,Fiber,South,,Mobile,0
C004710,49,21,106.48,0,13.9,39.3,7.7,0,One year,Fiber,East,None,Mobile,0
C004711,24,58,113.01,0,12.4,35.9,8.4,1,Month-to-month,None,East,None,Desktop,0
C004712,44,64,69.52,3,3.4,32.7,6.8,1,Two year,Fiber,South,None,Desktop,0
C004713,40,36,101.28,2,8.4,20.5,6.9,0,Month-to-month,None,North,Premium,Desktop,1
C004714,49,3,113.27,1,22.1,28.7,9.9,0,Month-to-month,DSL,West,Premium,Mobile,0
C004715,53,37,71.18,0,10.9,26.2,8.4,1,Month-to-month,Fiber,North,Basic,Mobile,0
C004716,48,65,75.24,2,20.4,30.9,7.8,0,Month-to-month,Fiber,West,Basic,Desktop,0
C004717,38,72,90.34,1,7.0,33.1,6.5,0,Month-to-month,DSL,West,None,Mobile,0
C004718,54,29,50.94,3,9.9,26.8,8.3,0,Two year,Fiber,West,Premium,Tablet,0
C004719,31,11,74.75,1,9.7,31.3,7.7,0,Month-to-month,DSL,South,Basic,Desktop,0
C004720,25,42,125.57,1,19.3,29.8,7.7,0,Month-to-month,Fiber,North,Basic,Desktop,0
C004721,18,60,59.5,1,14.5,22.9,8.4,0,Month-to-month,Fiber,West,Basic,Mobile,0
C004722,41,69,93.35,1,8.2,32.0,7.7,3,Month-to-month,DSL,North,None,Mobile,0
C004723,31,4,85.1,0,21.0,15.7,,0,Month-to-month,Fiber,North,Basic,Mobile,0
C004724,47,21,67.91,4,19.5,33.2,7.2,2,One year,DSL,South,None,Mobile,0
C004725,18,35,77.54,4,18.4,17.7,5.1,0,Month-to-month,DSL,North,Basic,Desktop,1
C004726,34,8,115.82,3,18.1,30.7,8.2,0,Two year,Fiber,North,Basic,Tablet,0
C004727,48,64,85.84,0,10.0,36.6,4.3,0,Month-to-month,DSL,North,None,Desktop,0
C004728,29,9,89.75,1,24.8,19.9,7.0,0,Month-to-month,Fiber,East,None,Mobile,1
C004729,47,48,112.02,0,15.3,43.4,7.2,1,Two year,Fiber,West,None,Mobile,0
C004730,35,67,64.76,2,17.9,52.5,5.0,1,Month-to-month,DSL,West,None,Desktop,0
C004731,42,50,45.83,2,18.7,23.2,7.0,0,Month-to-month,DSL,West,Premium,Tablet,0
C004732,50,55,116.21,2,9.4,29.3,8.5,0,Month-to-month,Fiber,South,None,Mobile,1
C004733,54,19,75.41,1,29.3,45.5,6.1,0,One year,Fiber,West,None,Desktop,0
C004734,43,60,94.34,1,15.8,9.4,7.6,0,Month-to-month,DSL,North,None,Desktop,0
C004735,31,31,52.94,2,16.2,31.4,8.0,0,One year,DSL,West,Basic,Mobile,0
C004736,36,5,81.71,2,13.1,27.4,5.2,1,Two year,Fiber,West,None,Desktop,0
C004737,50,27,44.58,3,24.0,41.8,7.2,0,One year,Fiber,North,Basic,Desktop,0
C004738,29,26,73.59,1,24.3,28.1,6.7,0,Month-to-month,Fiber,North,Premium,Mobile,0
C004739,40,38,55.8,1,17.1,36.4,7.1,0,Month-to-month,Fiber,West,Premium,Mobile,0
C004740,37,20,50.06,2,5.7,21.1,4.2,0,One year,DSL,East,,Desktop,0
C004741,41,34,64.42,1,14.8,42.4,,0,One year,Fiber,West,None,Desktop,0
C004742,29,31,20.0,1,15.5,17.5,9.3,0,Month-to-month,Fiber,East,Premium,Mobile,0
C004743,18,24,43.0,2,12.8,41.4,8.5,1,Month-to-month,DSL,South,Basic,Mobile,0
C004744,49,51,91.56,0,9.1,31.9,7.5,1,Month-to-month,Fiber,South,None,Desktop,0
C004745,55,22,80.69,2,5.1,3.0,8.7,0,Month-to-month,DSL,South,None,Desktop,0
C004746,19,56,45.15,2,26.3,,4.7,0,Two year,DSL,West,Premium,Mobile,0
C004747,47,19,85.7,2,21.2,38.3,6.7,0,Two year,Fiber,East,Premium,Tablet,0
C004748,56,63,50.04,2,16.2,16.2,6.5,1,One year,DSL,South,Basic,Tablet,0
C004749,50,27,90.05,0,11.5,20.8,5.7,0,Two year,DSL,South,None,Mobile,0
C004750,37,3,69.11,1,18.5,32.1,5.1,0,Two year,Fiber,North,None,Desktop,0
C004751,30,11,63.87,5,17.4,24.9,9.5,0,Month-to-month,Fiber,South,None,Desktop,1
C004752,43,59,69.72,4,13.2,35.0,6.0,1,Month-to-month,Fiber,West,Basic,Mobile,0
C004753,45,63,135.99,0,18.7,28.5,7.9,0,Month-to-month,None,West,Basic,Desktop,0
C004754,43,16,53.03,1,19.6,15.2,,0,Month-to-month,DSL,West,Premium,Mobile,0
C004755,40,44,77.66,2,20.8,58.9,9.0,0,Month-to-month,Fiber,South,None,Mobile,0
C004756,28,42,91.53,1,9.8,26.9,8.4,0,Month-to-month,Fiber,East,None,Mobile,0
C004757,47,10,47.94,0,19.0,32.5,6.5,0,Month-to-month,DSL,South,Basic,Mobile,0
C004758,48,33,32.14,0,24.2,52.3,4.8,0,Month-to-month,DSL,East,Basic,Mobile,0
C004759,45,50,56.97,0,18.1,41.4,8.7,0,One year,DSL,West,None,Mobile,0
C004760,43,70,90.99,1,31.5,37.6,9.3,1,Two year,Fiber,North,None,Mobile,0
C004761,64,62,63.45,2,14.7,43.7,10.0,0,Month-to-month,Fiber,West,None,Mobile,0
C004762,34,8,66.22,2,4.0,37.6,8.9,1,One year,Fiber,North,,Mobile,0
C004763,59,18,94.77,2,10.1,37.6,6.0,0,Month-to-month,DSL,North,None,Desktop,0
C004764,32,32,51.84,3,11.3,37.8,6.2,0,One year,Fiber,South,None,Desktop,0
C004765,56,11,69.78,1,19.9,29.0,3.4,0,Month-to-month,DSL,North,Premium,Mobile,0
C004766,58,42,34.15,3,21.8,43.9,5.6,0,Two year,None,West,None,Mobile,0
C004767,38,1,80.02,0,17.0,39.1,4.8,0,Month-to-month,DSL,South,Basic,Mobile,0
C004768,64,9,77.74,2,18.0,3.4,8.2,0,One year,None,North,None,Mobile,0
C004769,48,4,91.89,1,29.4,41.2,8.8,0,Month-to-month,None,East,Basic,Mobile,0
C004770,31,22,43.37,0,10.2,21.5,10.0,0,Two year,None,South,Premium,Mobile,0
C004771,37,55,67.2,3,15.5,33.9,10.0,0,One year,Fiber,South,Basic,Mobile,0
C004772,57,13,40.04,1,12.8,10.9,7.5,1,Two year,Fiber,East,None,Mobile,0
C004773,54,72,65.85,3,7.8,24.0,6.1,0,Month-to-month,None,South,Premium,Tablet,0
C004774,28,20,109.04,2,1.8,26.6,6.4,0,Month-to-month,DSL,East,None,Desktop,0
C004775,40,4,63.98,4,25.1,37.4,5.9,1,Month-to-month,DSL,North,None,Tablet,0
C004776,45,25,37.85,2,10.7,23.9,10.0,1,Month-to-month,None,North,Premium,Tablet,0
C004777,35,54,55.0,4,14.2,5.0,2.1,0,Month-to-month,DSL,South,,Mobile,1
C004778,73,8,31.73,3,19.0,25.1,10.0,0,Month-to-month,DSL,North,Basic,Mobile,0
C004779,45,6,39.61,1,7.7,26.4,5.4,0,Month-to-month,Fiber,South,None,Mobile,1
C004780,41,62,88.77,3,10.2,38.6,6.4,0,Month-to-month,Fiber,East,Basic,Tablet,0
C004781,57,43,35.84,2,15.8,32.8,2.5,0,Month-to-month,DSL,South,Premium,Desktop,0
C004782,37,25,79.81,0,12.9,21.8,9.0,0,One year,Fiber,South,None,Desktop,0
C004783,55,55,72.64,2,7.1,34.3,8.5,0,Two year,Fiber,North,Premium,Tablet,0
C004784,20,61,58.71,5,20.3,53.0,5.1,1,Month-to-month,Fiber,South,None,Mobile,0
C004785,36,26,77.68,1,12.8,45.0,9.1,0,Month-to-month,None,South,Premium,Desktop,0
C004786,56,41,48.56,0,17.0,8.1,8.7,1,One year,Fiber,North,Premium,Desktop,0
C004787,62,1,93.02,1,16.4,60.7,6.1,0,One year,DSL,East,None,Desktop,0
C004788,32,23,54.54,2,22.8,45.2,3.4,0,Two year,Fiber,South,Basic,Tablet,0
C004789,30,43,62.34,1,18.5,50.0,6.7,0,Month-to-month,Fiber,South,None,Mobile,0
C004790,49,15,59.37,0,10.0,12.8,9.0,1,Two year,None,East,Basic,Mobile,0
C004791,34,72,89.24,1,24.1,26.0,5.5,0,Month-to-month,Fiber,North,Basic,Mobile,0
C004792,39,70,85.61,3,12.7,,9.0,1,Month-to-month,DSL,West,None,Desktop,0
C004793,53,19,20.0,1,10.3,17.5,5.6,1,Month-to-month,DSL,South,Premium,Mobile,0
C004794,35,29,78.36,1,9.3,37.3,6.9,1,Two year,Fiber,South,Premium,Desktop,0
C004795,18,14,28.39,0,0.0,50.6,5.8,1,Month-to-month,DSL,South,Basic,Mobile,0
C004796,25,37,63.47,0,11.7,27.0,7.4,0,One year,Fiber,South,Basic,Mobile,0
C004797,42,9,69.3,0,18.8,51.4,8.6,0,Two year,None,South,Basic,Mobile,0
C004798,18,29,63.2,0,6.5,39.4,10.0,0,Two year,Fiber,East,Basic,Mobile,0
C004799,38,40,84.52,0,28.0,8.7,7.5,0,One year,Fiber,West,Basic,Desktop,0
C004800,24,45,90.0,3,0.3,20.6,4.3,0,Month-to-month,DSL,East,Basic,Desktop,0
C004801,63,43,52.66,0,10.5,44.3,8.2,0,One year,Fiber,West,Premium,Mobile,0
C004802,70,16,51.76,1,5.6,18.6,6.6,0,One year,Fiber,South,None,Tablet,0
C004803,28,58,71.1,2,22.4,44.0,6.5,0,Two year,DSL,East,Basic,Mobile,0
C004804,45,50,33.41,4,20.6,38.3,7.3,0,Month-to-month,DSL,North,Premium,Mobile,0
C004805,30,55,60.08,1,14.1,34.7,8.1,0,Month-to-month,DSL,South,Basic,Mobile,0
C004806,38,34,105.7,2,6.0,24.1,6.4,0,Month-to-month,None,East,Basic,Mobile,1
C004807,65,65,34.34,2,7.6,34.6,8.1,0,One year,Fiber,South,None,Desktop,0
C004808,36,29,63.5,0,17.7,51.2,7.8,0,Month-to-month,DSL,North,None,Mobile,0
C004809,38,59,57.19,1,11.3,26.3,8.1,0,Month-to-month,DSL,West,,Mobile,0
C004810,30,15,122.13,0,12.1,38.3,8.7,0,Month-to-month,Fiber,South,None,Desktop,1
C004811,57,18,58.55,1,15.5,55.1,3.1,0,One year,DSL,West,None,Tablet,0
C004812,18,38,60.0,1,13.1,34.1,6.4,0,One year,DSL,East,None,Desktop,0
C004813,36,41,46.23,0,3.8,25.1,6.8,0,Month-to-month,Fiber,West,Basic,Desktop,1
C004814,41,54,72.23,3,6.7,,6.7,0,One year,Fiber,West,Basic,Mobile,0
C004815,33,22,78.75,3,6.9,6.0,5.5,0,Month-to-month,DSL,West,Premium,Mobile,1
C004816,53,63,49.85,1,10.9,16.5,5.9,1,Month-to-month,Fiber,South,Basic,Desktop,0
C004817,58,24,96.72,2,16.6,35.1,8.0,0,Month-to-month,Fiber,West,Premium,Desktop,0
C004818,24,39,78.78,3,16.3,42.6,7.9,0,Month-to-month,DSL,North,Premium,Mobile,0
C004819,69,68,93.3,0,24.3,25.9,7.2,0,Month-to-month,Fiber,South,Basic,Mobile,0
C004820,23,39,63.8,2,6.2,42.5,5.3,0,One year,Fiber,West,None,Tablet,0
C004821,59,50,78.08,3,18.1,41.7,8.6,0,Month-to-month,DSL,East,Premium,Tablet,0
C004822,44,66,66.67,2,10.5,21.8,8.5,0,Month-to-month,Fiber,West,Basic,Tablet,0
C004823,35,71,108.44,0,29.8,23.9,9.1,0,Month-to-month,None,South,Basic,Mobile,0
C004824,37,36,74.91,2,15.3,14.8,5.7,0,One year,Fiber,West,None,Mobile,0
C004825,42,31,72.22,1,12.1,39.9,10.0,0,Month-to-month,Fiber,East,Basic,Mobile,0
C004826,45,15,60.54,1,17.9,31.0,7.5,0,Month-to-month,Fiber,West,None,Desktop,0
C004827,30,39,59.1,0,17.4,41.7,5.7,0,One year,Fiber,East,Premium,Tablet,0
C004828,39,67,77.94,1,13.3,30.3,10.0,0,Two year,DSL,North,None,Mobile,0
C004829,32,36,92.49,3,20.2,19.7,8.4,0,Month-to-month,None,West,None,Desktop,0
C004830,26,26,54.89,0,26.6,40.4,7.5,1,Month-to-month,DSL,South,None,Mobile,0
C004831,31,8,75.16,1,22.4,,7.7,0,One year,DSL,West,None,Mobile,0
C004832,27,29,76.6,2,15.0,27.0,9.4,2,Month-to-month,Fiber,South,Basic,Mobile,0
C004833,37,18,80.96,1,28.4,21.7,7.6,0,Month-to-month,DSL,South,None,Desktop,0
C004834,48,71,29.31,2,19.4,49.3,4.0,1,One year,Fiber,North,Basic,Mobile,0
C004835,44,38,48.88,0,8.3,52.0,7.1,0,Month-to-month,Fiber,East,None,Tablet,0
C004836,68,10,37.85,2,16.4,36.1,8.7,3,Month-to-month,None,South,None,Desktop,0
C004837,18,5,72.82,1,14.5,24.1,7.0,0,Month-to-month,DSL,East,Basic,Mobile,0
C004838,48,62,49.48,3,12.2,51.7,5.3,0,Month-to-month,DSL,East,Basic,Mobile,0
C004839,42,68,59.59,2,18.2,22.6,7.0,1,One year,DSL,East,Premium,Mobile,0
C004840,53,55,42.14,1,2.8,14.4,8.7,0,One year,DSL,East,Basic,Desktop,0
C004841,51,9,61.92,2,27.2,7.2,9.4,1,Month-to-month,None,East,None,Mobile,0
C004842,40,8,43.9,2,20.3,32.2,5.1,1,Month-to-month,Fiber,West,Basic,Mobile,0
C004843,44,15,90.95,0,3.1,10.4,5.0,0,Month-to-month,Fiber,West,Premium,Mobile,0
C004844,32,55,83.98,4,20.2,48.0,7.0,0,One year,Fiber,West,None,Desktop,0
C004845,50,56,75.76,1,19.1,24.0,5.9,0,One year,Fiber,South,Premium,Mobile,0
C004846,18,61,64.45,3,26.3,15.6,6.1,1,Month-to-month,None,South,Premium,Desktop,0
C004847,52,7,21.06,0,28.1,44.4,6.6,0,Month-to-month,DSL,East,Premium,Mobile,0
C004848,42,12,60.54,1,29.2,41.5,8.5,0,One year,Fiber,North,Premium,Tablet,0
C004849,36,65,52.96,1,14.1,51.0,5.6,1,Month-to-month,Fiber,West,Premium,Mobile,0
C004850,39,67,78.18,0,19.8,10.6,5.0,0,Month-to-month,DSL,North,Basic,Desktop,0
C004851,40,53,87.49,1,12.6,8.1,5.8,0,One year,DSL,South,Basic,Mobile,0
C004852,59,8,80.12,2,22.8,49.7,4.4,0,Two year,Fiber,South,None,Mobile,0
C004853,84,5,103.58,3,0.9,3.0,7.2,1,One year,DSL,North,Basic,Mobile,1
C004854,58,5,57.79,0,7.1,16.4,7.3,1,Month-to-month,Fiber,West,Basic,Mobile,0
C004855,35,50,56.76,0,13.0,31.7,8.9,3,Month-to-month,Fiber,East,Basic,Mobile,0
C004856,50,61,97.95,4,15.6,15.0,5.2,1,Month-to-month,Fiber,North,None,Tablet,0
C004857,51,46,76.16,2,17.1,33.5,,2,Month-to-month,Fiber,East,Premium,Desktop,0
C004858,30,19,65.83,1,24.9,17.2,7.7,0,Month-to-month,Fiber,South,Basic,Desktop,0
C004859,26,55,118.16,3,11.4,46.5,4.3,1,Month-to-month,Fiber,East,Premium,Mobile,1
C004860,41,5,86.44,3,7.0,39.6,7.5,1,Two year,DSL,North,Premium,Desktop,0
C004861,53,60,67.24,3,13.3,34.3,7.6,0,Month-to-month,Fiber,North,Premium,Mobile,0
C004862,21,65,54.85,0,11.8,26.7,6.9,1,Two year,Fiber,East,Basic,Desktop,0
C004863,33,52,105.16,1,19.9,18.6,4.8,0,Month-to-month,Fiber,South,None,Desktop,0
C004864,49,64,77.17,3,26.7,29.4,7.0,1,One year,Fiber,West,Basic,Mobile,0
C004865,43,43,72.61,1,26.0,16.2,3.6,0,Month-to-month,DSL,West,Basic,Tablet,0
C004866,60,34,88.91,0,23.6,54.0,7.7,0,One year,Fiber,South,Basic,Desktop,0
C004867,24,24,94.0,2,12.0,34.8,8.4,0,Month-to-month,Fiber,East,None,Mobile,0
C004868,73,67,85.75,2,14.9,20.6,6.7,0,Two year,Fiber,East,Basic,Tablet,0
C004869,22,51,94.1,1,19.0,49.8,9.4,1,Month-to-month,None,South,Basic,Mobile,0
C004870,18,14,83.28,0,10.6,30.4,5.8,2,One year,Fiber,North,None,Mobile,0
C004871,41,69,85.87,1,11.3,47.8,,1,One year,None,North,None,Mobile,0
C004872,27,5,53.71,3,18.6,47.4,6.6,1,Month-to-month,Fiber,West,None,Mobile,0
C004873,41,43,117.26,4,6.4,36.2,10.0,0,Two year,DSL,North,Premium,Mobile,0
C004874,41,14,41.16,2,23.6,15.8,6.6,0,Month-to-month,Fiber,West,Basic,Mobile,0
C004875,39,48,79.73,3,13.2,24.0,10.0,2,Month-to-month,DSL,South,Basic,Mobile,0
C004876,31,30,38.58,0,19.8,74.1,,1,One year,Fiber,West,Basic,Mobile,0
C004877,48,32,69.55,0,17.4,24.4,5.6,0,Month-to-month,DSL,South,Premium,Desktop,0
C004878,38,49,57.72,4,24.8,27.9,10.0,0,One year,DSL,South,Premium,Mobile,0
C004879,56,55,75.39,2,1.1,25.3,7.4,1,One year,Fiber,South,None,Mobile,0
C004880,40,28,80.54,2,24.8,,6.6,1,One year,Fiber,South,Premium,Mobile,0
C004881,29,72,48.09,1,24.7,39.4,8.6,1,Month-to-month,DSL,North,None,Tablet,0
C004882,20,36,71.26,2,18.0,14.9,9.3,1,Month-to-month,None,East,Basic,Mobile,0
C004883,40,12,106.84,2,19.6,21.0,6.1,0,Month-to-month,Fiber,South,Basic,Desktop,0
C004884,26,1,39.19,0,20.2,34.7,8.7,1,Month-to-month,Fiber,North,None,Desktop,0
C004885,24,15,50.65,0,9.7,28.0,6.7,0,Two year,Fiber,East,Premium,Desktop,0
C004886,49,50,93.52,0,16.4,33.0,5.3,0,Two year,Fiber,East,Premium,Mobile,0
C004887,19,39,73.94,1,22.2,30.6,5.8,0,Month-to-month,DSL,North,Basic,Desktop,0
C004888,60,25,75.78,2,3.5,16.9,5.0,0,One year,DSL,East,None,Desktop,1
C004889,44,35,97.56,1,19.3,48.6,7.3,0,Month-to-month,Fiber,South,,Mobile,0
C004890,41,61,52.15,1,16.6,44.7,7.3,0,One year,Fiber,North,Premium,Desktop,0
C004891,29,42,59.02,0,20.4,19.5,9.2,0,Month-to-month,Fiber,West,Basic,Mobile,0
C004892,52,5,55.93,4,7.1,36.7,8.7,0,Month-to-month,None,East,None,Desktop,0
C004893,42,4,63.29,1,10.8,25.1,6.4,0,Month-to-month,Fiber,South,Basic,Desktop,0
C004894,33,35,105.49,3,6.2,44.0,6.8,0,Month-to-month,Fiber,South,Basic,Desktop,0
C004895,45,30,29.47,2,6.2,41.3,5.9,0,Month-to-month,DSL,West,Premium,Desktop,0
C004896,20,62,42.14,1,21.8,46.1,7.3,1,Month-to-month,DSL,West,Premium,Mobile,0
C004897,21,42,37.86,2,11.9,,6.7,0,Month-to-month,DSL,North,Basic,Desktop,0
C004898,27,55,107.04,1,11.4,14.7,7.2,0,Month-to-month,Fiber,South,Premium,Desktop,0
C004899,47,43,56.64,0,23.6,8.7,9.7,1,Month-to-month,None,East,None,Tablet,0
C004900,42,25,63.83,4,13.6,63.1,9.8,0,Month-to-month,DSL,North,Basic,Tablet,0
C004901,56,48,31.63,0,22.7,41.9,6.0,0,Month-to-month,Fiber,South,Premium,Tablet,0
C004902,30,45,65.44,2,8.7,45.9,8.5,1,Month-to-month,DSL,South,Basic,Desktop,0
C004903,49,52,93.66,1,13.6,13.8,8.3,0,Two year,Fiber,East,None,Desktop,0
C004904,41,14,78.32,2,9.7,38.6,6.1,0,Two year,DSL,South,Basic,Tablet,0
C004905,30,47,69.3,2,19.8,10.3,9.6,1,Month-to-month,DSL,East,Premium,Tablet,0
C004906,47,21,32.88,2,14.6,36.5,4.4,0,Month-to-month,Fiber,North,None,Desktop,0
C004907,41,57,63.8,1,21.1,31.2,9.0,0,One year,Fiber,North,Premium,Mobile,0
C004908,34,58,75.67,3,17.1,27.4,6.9,0,Month-to-month,DSL,North,Basic,Mobile,0
C004909,43,45,47.2,1,2.4,24.5,5.2,0,One year,Fiber,West,None,Desktop,0
C004910,40,69,88.37,1,14.2,45.1,6.8,3,Month-to-month,DSL,West,Basic,Mobile,0
C004911,40,39,94.13,1,5.3,24.7,10.0,0,Month-to-month,Fiber,West,Basic,Desktop,0
C004912,37,2,58.78,0,18.4,47.2,10.0,0,Month-to-month,Fiber,West,Basic,Desktop,0
C004913,25,44,90.15,1,19.9,30.4,5.7,1,Month-to-month,DSL,East,Premium,Desktop,0
C004914,43,56,69.26,3,20.6,35.5,7.0,0,One year,Fiber,East,Basic,Desktop,0
C004915,32,8,100.68,1,15.1,37.6,6.8,0,Month-to-month,None,South,Basic,Mobile,1
C004916,29,8,122.85,1,4.6,36.5,7.1,0,Month-to-month,Fiber,South,Premium,Mobile,0
C004917,39,20,44.66,0,17.5,33.7,10.0,0,One year,DSL,North,None,Mobile,0
C004918,52,61,91.24,2,18.9,56.8,6.4,0,Month-to-month,DSL,North,None,Mobile,0
C004919,44,38,104.62,0,14.7,44.5,5.7,1,Month-to-month,Fiber,North,None,Mobile,0
C004920,35,71,47.73,2,16.6,3.0,6.3,0,Month-to-month,Fiber,South,None,Mobile,0
C004921,35,63,57.62,1,2.8,28.5,6.8,1,One year,Fiber,West,Basic,Mobile,0
C004922,50,40,57.34,2,16.5,48.8,8.5,1,One year,Fiber,North,Basic,Mobile,0
C004923,18,49,68.68,2,15.2,21.2,7.3,0,Month-to-month,DSL,North,Basic,Tablet,0
C004924,52,24,63.09,2,7.5,31.1,8.3,0,Month-to-month,None,North,Basic,Mobile,0
C004925,18,7,67.04,1,19.7,32.0,9.0,0,Month-to-month,Fiber,East,Basic,Mobile,0
C004926,24,29,92.95,2,12.5,50.1,6.6,0,Month-to-month,None,East,Basic,Mobile,1
C004927,35,43,24.6,2,17.6,18.4,7.0,0,Two year,Fiber,West,Premium,Mobile,0
C004928,70,14,47.65,2,19.4,,8.0,0,One year,Fiber,East,None,Mobile,0
C004929,64,16,88.75,2,18.3,37.1,6.0,0,Two year,Fiber,South,Premium,Tablet,0
C004930,51,2,85.82,2,6.6,35.1,7.2,0,Month-to-month,DSL,West,Basic,Mobile,1
C004931,47,53,45.54,3,13.3,37.3,9.0,0,Two year,None,East,Basic,Desktop,0
C004932,18,65,85.99,0,30.9,34.9,7.3,0,One year,Fiber,North,None,Mobile,0
C004933,44,60,105.17,0,25.8,29.6,9.4,0,Two year,DSL,South,None,Mobile,0
C004934,35,28,70.77,1,21.8,37.7,5.5,0,Month-to-month,Fiber,South,None,Mobile,0
C004935,31,43,46.8,4,17.9,33.5,7.7,0,Two year,Fiber,South,None,Mobile,0
C004936,44,70,93.87,1,9.1,28.0,8.1,0,One year,DSL,North,Premium,Desktop,0
C004937,36,43,115.08,0,14.9,30.2,7.7,0,One year,Fiber,South,Basic,Mobile,0
C004938,53,22,49.85,2,13.0,24.5,6.6,0,Month-to-month,Fiber,North,Basic,Mobile,0
C004939,18,25,72.98,0,15.4,22.5,4.5,0,Month-to-month,Fiber,East,None,Desktop,0
C004940,43,53,99.25,3,5.9,37.7,9.1,0,Two year,Fiber,West,Premium,Mobile,0
C004941,31,33,74.88,1,22.7,15.3,4.6,0,One year,Fiber,East,None,Mobile,0
C004942,37,61,28.32,2,0.0,39.3,4.7,0,Two year,DSL,South,Premium,Tablet,0
C004943,46,63,83.09,1,22.0,27.8,8.1,0,Month-to-month,DSL,South,Basic,Mobile,0
C004944,27,3,47.53,1,22.1,29.8,6.4,0,Month-to-month,Fiber,North,None,Tablet,0
C004945,44,53,40.23,4,32.3,28.9,7.4,2,Month-to-month,Fiber,North,None,Desktop,0
C004946,39,27,28.81,2,14.3,37.0,4.8,1,Month-to-month,DSL,South,None,Desktop,0
C004947,33,38,101.76,0,12.4,48.8,,1,Month-to-month,None,East,None,Mobile,0
C004948,36,20,51.13,0,16.8,52.6,8.6,0,Month-to-month,DSL,West,Basic,Tablet,0
C004949,40,27,80.33,0,19.9,43.6,4.3,0,Month-to-month,DSL,South,None,Mobile,0
C004950,32,24,86.47,1,15.4,31.9,7.6,1,Month-to-month,DSL,East,None,Mobile,0
C004951,42,4,76.05,3,7.7,40.6,8.7,0,Month-to-month,DSL,East,Premium,Desktop,0
C004952,38,57,79.41,1,19.9,6.7,4.7,0,Month-to-month,DSL,East,Basic,Mobile,0
C004953,34,11,81.53,2,16.0,38.3,7.4,0,Month-to-month,DSL,North,None,Desktop,0
C004954,63,28,75.45,0,8.9,35.7,7.2,1,Month-to-month,Fiber,East,None,Mobile,0
C004955,47,14,53.0,3,4.6,12.5,7.7,0,One year,Fiber,West,Basic,Mobile,0
C004956,37,12,50.77,0,33.3,24.0,6.6,0,Month-to-month,DSL,East,None,Mobile,0
C004957,44,27,69.38,2,21.8,34.3,4.5,0,Two year,Fiber,West,Premium,Mobile,0
C004958,29,67,68.85,2,19.9,35.6,6.4,0,Month-to-month,Fiber,West,None,Mobile,0
C004959,36,68,82.73,2,15.2,42.5,6.1,0,Month-to-month,Fiber,East,Basic,Desktop,0
C004960,38,28,99.54,1,20.8,51.0,7.0,0,Two year,Fiber,South,Premium,Mobile,0
C004961,26,37,80.6,4,8.6,29.2,9.3,0,One year,DSL,South,None,Mobile,0
C004962,47,71,51.73,1,17.4,17.3,4.4,1,One year,Fiber,West,Premium,Mobile,0
C004963,35,17,20.0,0,17.7,40.9,8.8,0,One year,Fiber,East,Basic,Tablet,0
C004964,37,69,52.78,1,8.8,46.5,10.0,0,Two year,Fiber,South,Basic,Desktop,0
C004965,35,8,38.39,0,15.3,46.2,,0,Month-to-month,DSL,East,None,Mobile,0
C004966,80,17,53.74,1,13.1,36.6,10.0,0,Two year,DSL,South,Basic,Mobile,0
C004967,33,25,78.06,1,10.7,55.0,7.4,0,Two year,Fiber,East,None,Mobile,0
C004968,18,3,74.11,2,12.2,27.7,7.2,0,Month-to-month,DSL,East,Basic,Mobile,0
C004969,21,59,118.45,0,4.1,50.2,3.8,1,Month-to-month,Fiber,South,Premium,Mobile,0
C004970,52,62,84.08,2,23.4,17.1,6.7,0,One year,Fiber,North,Basic,Mobile,0
C004971,59,28,119.73,1,26.9,3.8,9.1,0,Two year,Fiber,South,,Mobile,0
C004972,33,61,89.88,2,9.5,16.9,4.5,0,Month-to-month,Fiber,West,None,Mobile,0
C004973,59,56,99.14,3,23.8,24.1,5.6,0,Month-to-month,DSL,West,None,Desktop,0
C004974,52,58,63.03,2,15.8,31.0,7.3,0,Month-to-month,Fiber,South,Premium,Desktop,0
C004975,40,58,45.14,0,15.9,19.8,4.1,1,One year,Fiber,South,None,Mobile,0
C004976,39,42,60.78,2,6.9,32.5,10.0,0,Month-to-month,Fiber,North,Basic,Tablet,0
C004977,44,8,71.7,1,12.1,38.8,8.2,0,Month-to-month,None,West,Basic,Mobile,0
C004978,53,67,56.3,0,19.7,35.2,7.7,0,Two year,DSL,West,Basic,Desktop,0
C004979,47,44,46.97,1,9.2,29.3,8.6,0,Month-to-month,Fiber,East,Basic,Desktop,0
C004980,33,65,82.42,2,10.8,45.4,6.5,0,Month-to-month,Fiber,North,Basic,Mobile,0
C004981,40,70,46.87,3,12.4,21.4,7.6,0,Two year,Fiber,East,Basic,Desktop,0
C004982,68,14,33.66,0,0.0,28.1,5.3,0,One year,DSL,East,Basic,Tablet,0
C004983,45,29,43.95,1,18.3,24.4,2.9,1,Month-to-month,Fiber,South,Premium,Mobile,0
C004984,53,14,66.14,1,20.5,38.8,7.0,0,Two year,Fiber,West,None,Mobile,0
C004985,49,4,47.23,4,18.6,25.9,9.9,2,Month-to-month,None,West,Basic,Mobile,0
C004986,46,70,66.3,2,22.6,35.8,10.0,0,One year,Fiber,South,Basic,Desktop,0
C004987,43,67,87.01,3,12.9,40.8,6.8,1,Month-to-month,Fiber,East,None,Mobile,0
C004988,54,68,86.36,1,28.7,24.9,6.6,0,Month-to-month,DSL,North,Basic,Desktop,0
C004989,51,64,55.48,1,10.1,11.8,4.3,1,Month-to-month,DSL,West,Basic,Mobile,0
C004990,45,47,39.4,1,14.4,28.3,9.0,0,Month-to-month,Fiber,North,Basic,Tablet,0
C004991,33,38,57.61,2,13.7,21.5,7.9,1,Month-to-month,Fiber,South,None,Mobile,0
C004992,47,72,88.39,0,17.3,23.3,6.8,1,Two year,DSL,West,Basic,Desktop,0
C004993,41,40,94.23,1,14.3,3.0,3.5,0,Month-to-month,None,South,None,Desktop,0
C004994,38,47,80.82,0,15.3,11.6,3.9,0,One year,Fiber,South,Basic,Mobile,0
C004995,77,16,102.04,3,11.3,40.6,7.3,0,Month-to-month,DSL,North,Basic,Mobile,0
C004996,22,54,115.23,3,12.9,19.8,4.3,1,Month-to-month,Fiber,North,Premium,Mobile,1
C004997,54,60,59.92,0,0.4,44.9,8.1,0,Month-to-month,None,East,None,Tablet,0
C004998,31,49,109.16,2,21.6,22.4,8.2,0,Two year,Fiber,East,Premium,Tablet,0
C004999,44,36,65.49,0,8.8,36.8,4.7,1,Month-to-month,Fiber,West,Basic,Mobile,0
C005000,75,15,97.5,1,12.6,28.0,7.2,0,One year,DSL,West,None,Mobile,0
C005001,29,3,89.71,1,8.6,38.8,5.4,0,Month-to-month,Fiber,East,None,Mobile,0
C005002,33,46,22.57,4,20.0,28.0,8.8,2,Month-to-month,Fiber,West,Premium,Mobile,0
C005003,42,50,47.84,1,12.2,33.6,10.0,1,One year,DSL,East,None,Mobile,0
C005004,31,56,41.47,1,0.0,45.8,6.9,0,Month-to-month,Fiber,West,None,Mobile,0
C005005,53,69,27.45,3,18.0,36.7,9.8,0,Two year,DSL,South,Premium,Mobile,0
C005006,35,36,93.98,2,10.8,22.7,9.0,1,Two year,DSL,South,Basic,Mobile,0
C005007,51,60,123.72,1,15.8,8.5,7.0,1,One year,DSL,West,None,Mobile,0
C005008,25,52,65.56,1,21.8,29.7,8.1,1,Month-to-month,DSL,North,None,Mobile,0
C005009,19,20,93.35,2,9.1,36.2,4.8,0,Month-to-month,DSL,North,Basic,Desktop,0
C005010,39,61,109.12,0,15.6,32.8,7.3,0,Two year,Fiber,South,Basic,Desktop,0
C005011,22,4,77.21,1,10.6,20.5,6.6,0,One year,None,North,Premium,Desktop,0
C005012,62,44,71.37,0,22.9,32.8,9.5,0,Month-to-month,Fiber,North,Premium,Desktop,0
C005013,22,68,65.86,2,16.6,38.9,6.0,1,Month-to-month,Fiber,West,Premium,Tablet,0
C005014,29,48,85.44,2,15.8,47.7,5.2,0,Month-to-month,DSL,South,None,Mobile,0
C005015,47,68,93.87,2,7.3,28.3,5.3,1,One year,None,South,None,Desktop,0
C005016,34,5,83.55,2,21.3,60.5,8.6,1,Month-to-month,Fiber,North,None,Desktop,0
C005017,22,39,82.69,2,22.1,48.4,6.8,0,Month-to-month,None,North,Basic,Mobile,0
C005018,69,57,70.72,2,10.6,33.0,4.1,0,Month-to-month,Fiber,East,Basic,Desktop,0
C005019,29,47,32.18,0,17.1,34.1,8.9,1,One year,Fiber,South,Basic,Desktop,0
C005020,39,64,94.44,0,20.1,47.7,4.4,1,One year,None,East,None,Desktop,0
C005021,39,34,39.88,1,31.5,19.4,,0,Month-to-month,Fiber,North,None,Desktop,0
C005022,51,50,87.48,4,18.7,21.4,6.7,0,One year,None,East,Basic,Desktop,0
C005023,48,31,90.89,1,16.0,15.5,5.1,0,Month-to-month,Fiber,East,Basic,Tablet,0
C005024,31,63,43.49,1,14.9,27.9,4.0,2,Month-to-month,DSL,West,Basic,Desktop,0
C005025,38,9,56.8,0,15.3,20.7,8.6,0,Month-to-month,Fiber,South,Basic,Mobile,0
C005026,39,19,125.04,3,21.4,26.7,8.3,1,Two year,Fiber,North,Premium,Mobile,0
C005027,52,7,70.01,2,9.8,30.6,7.2,0,One year,DSL,North,None,Mobile,0
C005028,27,51,41.49,2,22.5,14.5,7.8,1,One year,None,South,Basic,Mobile,0
C005029,68,17,92.02,3,5.2,47.4,4.0,0,Two year,DSL,West,Basic,Tablet,0
C005030,32,23,52.68,5,20.7,45.3,8.0,0,Month-to-month,DSL,North,Premium,Mobile,0
C005031,42,61,23.99,2,22.6,25.5,7.8,0,One year,DSL,East,Basic,Mobile,0
C005032,27,26,84.99,1,21.6,48.8,7.9,0,Two year,Fiber,South,Basic,Mobile,0
C005033,25,11,49.08,3,17.9,35.7,7.9,1,Two year,DSL,East,Premium,Mobile,0
C005034,31,2,80.03,1,18.8,44.2,8.9,1,Month-to-month,Fiber,East,Premium,Mobile,0
C005035,29,17,51.68,0,13.2,14.7,6.9,0,One year,Fiber,West,Basic,Desktop,0
C005036,37,66,89.68,2,8.1,27.0,7.2,0,Month-to-month,DSL,West,Basic,Tablet,0
C005037,29,40,76.59,1,17.7,38.5,4.7,0,One year,DSL,South,None,Mobile,0
C005038,51,72,20.0,2,16.5,29.0,8.3,0,Month-to-month,DSL,East,None,Mobile,0
C005039,32,16,81.55,1,22.5,28.9,5.9,3,Month-to-month,Fiber,South,Basic,Desktop,1
C005040,30,26,64.76,3,15.0,29.7,6.0,0,Two year,Fiber,East,None,Desktop,0
C005041,37,12,107.42,3,17.1,35.5,6.4,1,Two year,Fiber,West,None,Mobile,0
C005042,55,29,81.88,3,18.0,32.3,5.2,0,Two year,None,South,Premium,Tablet,0
C005043,45,41,90.9,1,20.0,49.7,6.9,0,Month-to-month,DSL,North,None,Mobile,0
C005044,41,59,54.24,2,22.6,19.1,8.6,2,Month-to-month,DSL,North,Basic,Desktop,0
C005045,23,27,52.25,3,9.3,32.1,5.1,0,One year,Fiber,West,None,Mobile,0
C005046,27,56,71.36,2,20.9,39.4,7.1,1,Month-to-month,DSL,North,None,Desktop,0
C005047,25,46,62.98,2,14.7,16.1,8.3,0,One year,Fiber,North,Premium,Mobile,0
C005048,59,22,105.45,0,20.5,26.9,2.6,1,Month-to-month,Fiber,East,Basic,Desktop,1
C005049,49,66,68.17,0,26.3,33.1,10.0,0,One year,Fiber,North,Premium,Mobile,0
C005050,31,32,41.38,1,1.2,49.0,6.3,0,Month-to-month,DSL,East,Basic,Tablet,0
C005051,35,11,51.31,0,24.5,32.6,5.4,1,Month-to-month,DSL,South,Premium,Desktop,0
C005052,31,70,96.13,2,15.2,40.1,7.2,0,Month-to-month,DSL,West,None,Tablet,0
C005053,30,66,67.82,2,10.0,40.9,5.9,1,Two year,Fiber,North,Premium,Mobile,0
C005054,48,4,66.48,0,12.9,3.0,7.0,1,Month-to-month,DSL,West,Basic,Mobile,0
C005055,38,65,98.5,1,8.8,32.0,5.8,0,Month-to-month,None,East,Basic,Mobile,0
C005056,69,69,49.13,1,19.6,25.8,9.1,0,Month-to-month,None,South,Premium,Mobile,0
C005057,58,60,20.0,1,8.8,49.0,10.0,0,Month-to-month,Fiber,West,Premium,Mobile,0
C005058,59,19,50.68,0,24.4,39.4,8.4,0,Month-to-month,Fiber,South,Premium,Tablet,0
C005059,51,46,78.05,4,20.8,41.5,7.5,1,Month-to-month,Fiber,South,None,Desktop,0
C005060,37,39,65.76,0,17.6,37.2,6.1,1,One year,Fiber,West,Basic,Mobile,0
C005061,50,45,32.99,2,1.7,32.3,9.0,1,Month-to-month,Fiber,South,Premium,Tablet,0
C005062,37,45,97.4,2,6.7,41.0,5.7,1,One year,DSL,West,Premium,Mobile,0
C005063,63,47,76.09,2,15.4,30.7,7.7,1,Month-to-month,DSL,East,Basic,Desktop,0
C005064,47,38,81.73,0,15.8,46.4,6.2,1,One year,Fiber,West,Basic,Desktop,0
C005065,45,50,82.49,1,22.6,18.2,4.8,0,Month-to-month,None,East,None,Mobile,0
C005066,44,38,39.54,4,0.0,43.5,6.7,0,Month-to-month,Fiber,North,None,Tablet,0
C005067,65,2,79.57,2,10.7,26.6,5.3,0,Month-to-month,Fiber,South,Premium,Mobile,1
C005068,23,3,94.69,1,21.9,39.2,9.8,0,One year,Fiber,East,None,Mobile,0
C005069,66,69,100.51,3,13.6,12.1,5.7,0,One year,Fiber,South,Basic,Mobile,0
C005070,40,66,90.03,0,12.7,34.2,6.9,0,One year,DSL,East,Basic,Mobile,0
C005071,24,43,84.83,3,4.7,29.2,5.9,0,Two year,DSL,West,None,Mobile,0
C005072,32,13,28.56,0,23.4,30.5,4.9,2,Month-to-month,DSL,West,Basic,Mobile,0
C005073,21,57,71.63,1,12.6,9.8,8.3,0,Month-to-month,DSL,North,Premium,Desktop,0
C005074,50,11,48.09,1,23.7,31.4,6.9,0,Month-to-month,DSL,East,Basic,Mobile,0
C005075,29,28,104.05,1,26.3,32.6,10.0,1,Month-to-month,Fiber,East,Basic,Mobile,0
C005076,44,24,100.26,2,25.2,9.6,9.0,1,Month-to-month,Fiber,North,None,Desktop,1
C005077,57,1,48.24,0,15.8,17.2,7.2,0,One year,DSL,South,Premium,Tablet,0
C005078,33,59,70.85,5,12.6,32.9,7.8,1,Month-to-month,Fiber,West,Basic,Mobile,1
C005079,39,37,78.21,1,12.1,35.9,6.9,0,Month-to-month,Fiber,South,Premium,Mobile,0
C005080,25,23,94.52,2,29.8,30.4,5.3,0,Month-to-month,None,East,None,Mobile,0
C005081,37,37,30.11,3,14.5,31.5,4.5,0,Month-to-month,Fiber,South,Basic,Tablet,0
C005082,75,1,20.0,2,23.4,31.3,5.2,0,One year,Fiber,West,None,Mobile,0
C005083,52,32,72.95,3,19.4,24.5,9.5,0,Month-to-month,DSL,South,Premium,Mobile,0
C005084,39,38,20.0,3,13.1,28.9,7.6,3,Month-to-month,Fiber,West,Basic,Desktop,0
C005085,34,25,75.96,4,14.2,14.2,8.1,0,Two year,Fiber,North,None,Mobile,0
C005086,41,60,86.81,2,24.3,24.0,8.5,0,One year,Fiber,West,Basic,Desktop,0
C005087,44,18,102.9,1,16.2,30.5,6.7,0,Month-to-month,None,South,None,Mobile,0
C005088,37,10,56.44,0,12.8,45.8,6.0,0,Month-to-month,DSL,West,Basic,Mobile,0
C005089,49,38,76.03,0,10.4,29.5,10.0,1,Month-to-month,Fiber,West,None,Mobile,0
C005090,30,64,88.29,5,18.2,55.7,8.1,0,Month-to-month,Fiber,South,Basic,Mobile,0
C005091,30,28,42.61,2,12.4,54.2,4.1,0,Month-to-month,DSL,West,None,Desktop,0
C005092,47,4,94.88,0,20.2,31.8,3.9,0,Month-to-month,None,North,None,Tablet,0
C005093,27,70,78.86,0,33.8,26.0,8.5,2,Two year,DSL,South,Basic,Mobile,0
C005094,51,32,56.86,1,19.6,58.2,5.5,0,Two year,DSL,East,None,Mobile,0
C005095,42,13,75.53,3,28.6,40.0,6.9,0,Month-to-month,None,North,None,Desktop,0
C005096,18,45,68.52,2,11.0,36.3,3.2,0,Two year,Fiber,West,Premium,Mobile,0
C005097,43,24,91.5,0,20.8,22.3,6.3,0,Month-to-month,DSL,South,None,Mobile,0
C005098,20,68,62.99,4,24.8,25.9,8.7,1,One year,DSL,South,,Mobile,0
C005099,51,22,77.68,1,25.7,19.0,6.1,1,Two year,DSL,South,Premium,Mobile,0
C005100,39,40,56.48,1,25.0,48.9,5.0,0,Two year,Fiber,North,Basic,Mobile,0
C005101,66,40,48.55,4,16.1,37.0,6.7,1,One year,DSL,North,None,Mobile,0
C005102,56,18,76.29,0,22.2,27.3,7.2,0,One year,DSL,South,Premium,Mobile,0
C005103,28,36,49.58,1,8.9,25.3,6.5,0,Month-to-month,None,South,Premium,Tablet,0
C005104,18,8,92.01,2,27.2,19.1,4.3,1,Month-to-month,Fiber,West,Premium,Mobile,0
C005105,32,47,86.81,1,9.3,30.2,7.8,0,One year,DSL,West,Basic,Mobile,0
C005106,26,55,52.87,1,24.8,33.0,6.1,0,Month-to-month,None,South,Premium,Mobile,0
C005107,66,69,77.34,2,23.3,3.7,7.4,0,Month-to-month,None,West,Basic,Tablet,0
C005108,42,24,52.76,1,23.3,19.4,5.3,0,One year,Fiber,West,Basic,Tablet,0
C005109,54,21,31.89,1,30.5,22.9,9.3,0,One year,Fiber,North,Basic,Mobile,0
C005110,38,40,57.07,0,23.4,44.0,8.4,1,Month-to-month,Fiber,West,Basic,Mobile,0
C005111,40,50,70.74,1,6.7,24.4,6.5,0,Month-to-month,Fiber,South,Basic,Desktop,0
C005112,42,72,85.04,3,20.1,9.5,7.6,0,Month-to-month,DSL,West,None,Tablet,0
C005113,56,2,75.74,2,2.8,17.8,10.0,0,Two year,None,West,None,Mobile,0
C005114,46,18,94.69,4,15.4,51.7,9.2,1,Month-to-month,DSL,East,Premium,Desktop,0
C005115,28,19,47.47,3,13.0,26.5,9.8,0,One year,DSL,West,Basic,Desktop,0
C005116,63,19,62.58,1,20.5,18.5,8.2,0,Month-to-month,Fiber,West,None,Desktop,0
C005117,38,34,113.11,0,10.2,10.9,6.1,0,Month-to-month,Fiber,West,Basic,Mobile,0
C005118,36,63,23.72,3,10.4,31.3,8.2,0,Month-to-month,Fiber,North,None,Tablet,0
C005119,18,3,60.7,2,19.5,32.6,10.0,0,One year,DSL,East,Premium,Tablet,0
C005120,50,59,45.21,4,24.2,36.3,8.2,2,Month-to-month,Fiber,North,Basic,Mobile,0
C005121,43,45,67.12,2,16.0,63.7,5.6,0,Month-to-month,Fiber,South,Basic,Desktop,1
C005122,43,45,61.14,1,32.3,16.2,,0,Month-to-month,DSL,East,None,Mobile,0
C005123,37,49,87.05,0,13.6,26.6,8.5,1,Month-to-month,Fiber,North,Basic,Mobile,0
C005124,35,9,78.39,3,20.8,34.5,7.4,0,One year,DSL,North,Basic,Desktop,0
C005125,37,54,39.36,2,18.4,25.7,8.5,1,Month-to-month,Fiber,West,None,Mobile,0
C005126,48,18,57.3,2,13.6,6.2,6.0,0,Month-to-month,Fiber,South,Basic,Desktop,0
C005127,50,38,72.0,1,25.2,37.1,6.7,0,Month-to-month,DSL,West,Basic,Desktop,0
C005128,39,49,90.48,1,9.8,23.4,7.7,0,Month-to-month,Fiber,East,Premium,Tablet,0
C005129,54,44,132.82,1,1.5,18.2,7.8,0,Month-to-month,Fiber,South,Basic,Desktop,0
C005130,41,24,89.57,2,15.1,20.3,6.0,0,Month-to-month,DSL,North,Premium,Mobile,1
C005131,35,29,46.69,2,14.2,49.6,,0,Two year,DSL,North,None,Desktop,0
C005132,45,35,69.65,0,23.4,46.6,1.9,2,Month-to-month,Fiber,West,Premium,Mobile,0
C005133,24,3,76.52,0,7.3,17.9,7.0,1,One year,DSL,South,Premium,Mobile,0
C005134,45,53,59.02,0,19.7,10.2,7.4,0,Month-to-month,Fiber,South,Premium,Desktop,0
C005135,22,8,83.76,1,18.8,41.8,6.7,0,Month-to-month,Fiber,West,Basic,Desktop,0
C005136,29,34,20.0,1,18.3,55.7,,0,One year,DSL,East,None,Mobile,0
C005137,18,48,85.83,1,23.3,59.0,10.0,0,Month-to-month,DSL,South,Basic,Mobile,0
C005138,40,6,60.09,3,15.8,14.0,6.2,1,Month-to-month,None,South,None,Mobile,0
C005139,63,72,69.26,1,16.4,47.3,7.8,0,Month-to-month,Fiber,West,None,Mobile,0
C005140,40,28,108.64,1,19.2,30.9,10.0,0,Month-to-month,Fiber,North,Premium,Mobile,0
C005141,50,2,40.46,2,15.3,7.8,5.2,0,Month-to-month,DSL,East,None,Desktop,0
C005142,73,48,78.82,2,6.5,20.7,10.0,0,Month-to-month,None,East,Basic,Desktop,0
C005143,47,41,91.85,0,13.1,21.6,8.8,0,Two year,DSL,East,Basic,Mobile,0
C005144,32,47,76.26,1,14.2,36.7,6.5,0,Month-to-month,Fiber,North,None,Mobile,0
C005145,34,55,31.65,1,12.1,14.6,2.5,1,One year,Fiber,East,None,Mobile,0
C005146,42,35,105.76,0,13.8,42.3,9.6,0,Two year,Fiber,North,None,Tablet,0
C005147,34,60,66.72,2,17.3,36.7,10.0,1,Two year,Fiber,West,None,Mobile,0
C005148,35,27,58.81,1,14.1,43.2,5.8,0,One year,Fiber,North,Basic,Tablet,0
C005149,55,40,64.24,0,22.0,23.1,10.0,0,Month-to-month,Fiber,West,None,Mobile,0
C005150,55,12,62.45,0,22.1,35.8,4.1,0,One year,DSL,East,Premium,Mobile,0
C005151,21,45,42.25,2,0.0,18.6,7.6,0,Two year,Fiber,West,None,Mobile,0
C005152,31,19,76.12,1,6.0,39.1,6.8,0,Month-to-month,Fiber,South,Premium,Mobile,0
C005153,36,51,57.07,1,0.0,28.2,4.7,1,Month-to-month,None,South,None,Mobile,0
C005154,50,58,88.77,1,14.1,29.3,6.7,0,Month-to-month,Fiber,West,Basic,Tablet,0
C005155,57,62,84.94,2,13.6,30.6,7.0,0,Month-to-month,Fiber,North,Basic,Desktop,0
C005156,77,67,112.64,2,17.1,10.1,5.0,0,Month-to-month,DSL,East,Basic,Desktop,0
C005157,36,9,66.71,2,21.9,45.3,8.3,0,Month-to-month,DSL,North,None,Desktop,0
C005158,37,10,51.92,2,15.7,32.0,5.9,0,One year,DSL,North,Basic,Desktop,0
C005159,50,67,35.26,2,11.8,45.3,6.5,1,Month-to-month,DSL,North,Basic,Desktop,0
C005160,33,28,126.83,2,16.0,44.4,9.7,0,Month-to-month,Fiber,East,Basic,Desktop,0
C005161,40,2,88.55,1,12.5,21.2,5.9,0,One year,DSL,West,Basic,Desktop,0
C005162,37,21,54.69,1,5.7,27.8,3.0,0,Month-to-month,DSL,North,None,Mobile,0
C005163,18,61,114.33,3,22.7,12.4,6.6,0,Two year,DSL,South,Basic,Desktop,0
C005164,44,26,105.9,4,19.0,45.7,,0,Two year,DSL,North,Premium,Tablet,0
C005165,40,6,38.22,1,26.1,34.9,6.7,1,Two year,Fiber,North,None,Tablet,0
C005166,59,52,53.16,2,7.3,,8.6,1,Month-to-month,Fiber,North,Basic,Desktop,0
C005167,42,15,68.69,2,4.7,27.7,7.8,0,Month-to-month,DSL,West,Basic,Mobile,1
C005168,26,26,45.25,1,9.4,19.4,6.0,0,Month-to-month,DSL,East,Basic,Mobile,0
C005169,39,1,69.59,1,18.8,46.4,8.4,0,Two year,None,West,Basic,Mobile,0
C005170,18,44,89.8,0,22.0,55.1,7.9,1,Two year,DSL,West,Basic,Desktop,0
C005171,26,33,37.67,2,18.0,46.9,7.9,0,Month-to-month,Fiber,North,None,Mobile,0
C005172,50,63,79.33,0,17.0,29.0,,1,Month-to-month,Fiber,West,None,Mobile,0
C005173,39,25,101.21,1,22.0,35.7,7.6,1,Month-to-month,Fiber,East,Basic,Desktop,0
C005174,54,15,82.01,4,12.8,43.8,7.3,0,Month-to-month,Fiber,South,None,Mobile,0
C005175,18,12,70.11,3,23.4,32.1,6.6,0,Month-to-month,DSL,South,Basic,Desktop,0
C005176,39,15,55.3,5,29.9,,8.0,1,Month-to-month,DSL,South,None,Desktop,1
C005177,36,33,92.77,2,8.6,46.0,8.1,0,One year,DSL,South,Basic,Desktop,0
C005178,54,7,42.58,1,14.2,64.4,8.1,0,One year,None,West,Premium,Desktop,0
C005179,51,29,78.07,0,6.3,33.3,8.2,1,Month-to-month,Fiber,South,Basic,Tablet,0
C005180,50,62,72.64,2,9.2,3.0,3.1,0,Month-to-month,DSL,East,Basic,Tablet,0
C005181,62,56,100.14,1,18.7,31.9,8.7,0,Month-to-month,DSL,East,None,Mobile,0
C005182,37,46,57.43,2,4.2,26.4,5.4,0,One year,Fiber,West,None,Desktop,0
C005183,59,65,59.56,0,10.5,33.1,9.1,0,Month-to-month,Fiber,West,Basic,Desktop,0
C005184,28,57,40.95,1,23.4,52.4,4.7,1,Month-to-month,DSL,West,None,Mobile,0
C005185,28,47,82.93,1,17.6,24.5,9.9,1,Two year,Fiber,East,Basic,Mobile,0
C005186,52,63,61.4,0,21.4,21.0,3.2,0,Month-to-month,DSL,North,Basic,Desktop,0
C005187,22,9,50.45,0,6.9,23.2,7.7,0,Two year,DSL,West,Basic,Tablet,0
C005188,49,59,52.83,2,16.5,56.8,6.4,2,One year,DSL,North,Basic,Mobile,0
C005189,43,22,85.43,1,29.2,25.5,7.9,0,Month-to-month,Fiber,North,Basic,Tablet,0
C005190,56,53,44.43,3,11.4,34.1,10.0,0,Month-to-month,Fiber,South,Premium,Mobile,0
C005191,41,66,46.65,3,12.6,53.2,7.5,3,One year,Fiber,South,None,Desktop,0
C005192,43,36,94.41,1,20.1,39.0,8.8,0,Month-to-month,Fiber,East,Premium,Mobile,0
C005193,49,7,67.85,3,9.7,3.9,9.9,0,Month-to-month,Fiber,West,Premium,Desktop,0
C005194,33,27,95.89,3,21.0,25.2,6.0,0,One year,Fiber,North,None,Desktop,0
C005195,33,30,63.02,3,3.4,23.2,7.8,0,One year,None,South,None,Tablet,0
C005196,48,68,71.97,1,0.0,10.1,9.6,0,One year,Fiber,South,Premium,Tablet,0
C005197,42,68,75.91,3,18.2,25.3,7.7,0,Month-to-month,DSL,North,Premium,Mobile,0
C005198,37,41,106.68,0,9.1,3.0,6.0,0,Month-to-month,Fiber,East,Basic,Mobile,0
C005199,41,69,104.65,2,12.0,34.9,8.0,1,Month-to-month,DSL,West,Basic,Mobile,0
C005200,63,32,100.83,0,22.1,31.1,7.3,0,Month-to-month,DSL,East,Premium,Desktop,0
C005201,36,30,56.28,5,20.4,22.5,8.0,2,Two year,Fiber,North,None,Mobile,0
C005202,36,61,47.33,0,7.4,9.3,6.1,1,Month-to-month,DSL,East,None,Desktop,0
C005203,20,49,91.02,2,19.6,47.7,7.5,0,Month-to-month,None,East,Basic,Tablet,0
C005204,41,38,106.42,2,13.9,24.2,6.8,0,Month-to-month,None,North,Basic,Desktop,0
C005205,51,33,101.07,2,18.9,44.2,6.2,0,Two year,Fiber,South,None,Mobile,1
C005206,53,51,72.33,1,15.9,29.5,,0,Month-to-month,DSL,North,Premium,Mobile,0
C005207,43,55,90.2,2,5.5,48.5,6.2,2,Two year,DSL,South,Basic,Desktop,1
C005208,54,36,90.63,2,11.0,38.0,5.7,0,Two year,DSL,East,Basic,Mobile,0
C005209,52,3,75.72,0,0.0,32.3,5.0,0,Month-to-month,Fiber,West,Premium,Tablet,0
C005210,56,8,76.81,2,17.3,20.9,7.0,0,One year,Fiber,South,Basic,Desktop,0
C005211,55,11,74.45,3,18.8,46.6,6.8,0,One year,DSL,East,None,Tablet,0
C005212,62,34,52.3,0,11.1,28.5,8.4,0,Month-to-month,Fiber,North,None,Tablet,0
C005213,40,45,54.85,2,15.2,21.2,4.9,0,Two year,DSL,West,Basic,Desktop,0
C005214,25,58,54.46,1,9.2,29.1,4.1,1,One year,Fiber,East,Basic,Mobile,0
C005215,51,17,32.02,0,24.8,,3.8,0,One year,None,South,Premium,Mobile,0
C005216,52,57,75.57,1,7.0,41.5,7.9,0,One year,Fiber,North,Premium,Mobile,0
C005217,62,48,70.99,3,13.8,8.4,9.0,0,Month-to-month,Fiber,West,None,Tablet,0
C005218,59,4,91.05,1,6.9,59.6,8.8,0,One year,None,South,Basic,Desktop,0
C005219,67,26,103.52,0,17.6,36.6,6.2,0,Two year,DSL,South,None,Mobile,0
C005220,50,22,105.11,2,23.3,30.8,7.3,1,One year,DSL,East,None,Mobile,0
C005221,45,64,107.46,0,1.5,36.3,3.1,2,Month-to-month,Fiber,South,,Desktop,1
C005222,24,67,53.07,1,20.6,12.6,10.0,1,Month-to-month,None,East,Basic,Desktop,0
C005223,46,59,36.2,3,27.4,32.5,9.2,0,One year,Fiber,South,None,Desktop,0
C005224,35,39,95.27,5,16.9,38.8,8.7,1,Month-to-month,DSL,West,Basic,Mobile,0
C005225,45,36,106.55,0,11.3,27.5,5.5,0,Month-to-month,DSL,South,Basic,Mobile,0
C005226,43,23,110.9,0,15.7,37.3,6.4,0,Month-to-month,DSL,North,Basic,Tablet,0
C005227,48,56,84.12,1,12.2,40.5,6.8,2,Two year,DSL,East,None,Desktop,0
C005228,41,7,22.08,1,29.8,,10.0,0,One year,Fiber,East,Basic,Mobile,0
C005229,54,20,81.14,2,21.8,46.0,8.9,0,Month-to-month,None,North,None,Mobile,0
C005230,18,10,85.89,2,22.3,30.3,6.8,0,Month-to-month,None,East,None,Tablet,1
C005231,44,36,103.3,1,31.1,53.9,8.2,0,Month-to-month,DSL,East,Basic,Mobile,0
C005232,58,22,107.74,3,25.4,46.7,5.5,0,Two year,None,East,None,Mobile,0
C005233,66,15,94.74,2,15.2,35.9,4.6,0,Month-to-month,DSL,North,None,Tablet,0
C005234,52,28,57.32,4,16.2,21.3,7.0,0,Month-to-month,DSL,West,None,Desktop,0
C005235,64,62,46.27,4,32.5,,5.1,0,One year,DSL,South,None,Desktop,0
C005236,44,41,85.35,1,10.8,43.1,4.1,0,One year,Fiber,West,Basic,Mobile,0
C005237,42,60,52.19,0,14.8,24.3,7.2,0,Month-to-month,DSL,East,Basic,Desktop,0
C005238,49,66,108.88,1,8.9,36.2,6.6,1,Month-to-month,Fiber,East,Premium,Desktop,0
C005239,42,65,29.39,1,3.3,37.6,5.3,0,Month-to-month,DSL,West,Basic,Mobile,0
C005240,32,26,86.17,3,9.8,29.7,6.4,0,Month-to-month,DSL,North,Basic,Mobile,0
C005241,35,64,79.99,3,10.0,21.1,7.8,0,Month-to-month,DSL,West,Basic,Desktop,0
C005242,28,66,66.83,1,11.6,50.2,6.7,1,One year,DSL,West,Basic,Tablet,0
C005243,49,70,48.87,1,20.3,36.7,7.4,0,Month-to-month,DSL,South,Basic,Mobile,0
C005244,42,26,20.46,1,15.9,27.4,6.8,0,One year,DSL,North,None,Tablet,1
C005245,37,17,58.71,2,23.1,21.5,10.0,0,Two year,Fiber,West,None,Desktop,0
C005246,35,43,59.15,4,17.1,41.8,9.5,0,Month-to-month,DSL,South,None,Mobile,0
C005247,49,68,99.79,1,17.3,30.2,7.3,0,Two year,Fiber,North,Premium,Desktop,0
C005248,52,65,52.43,2,14.0,42.7,5.6,0,Month-to-month,DSL,West,Premium,Mobile,0
C005249,27,42,83.32,0,29.6,19.9,6.1,1,Month-to-month,DSL,North,Basic,Desktop,0
C005250,25,11,39.69,2,13.0,34.6,4.8,0,Month-to-month,None,West,Basic,Mobile,0
C005251,54,31,84.01,3,22.4,25.2,5.7,0,One year,DSL,North,Basic,Mobile,0
C005252,24,52,20.0,1,7.7,51.9,8.3,0,One year,DSL,East,Basic,Desktop,0
C005253,49,41,124.38,1,14.3,35.4,6.0,1,Month-to-month,Fiber,South,Premium,Desktop,0
C005254,63,25,68.47,0,30.1,19.1,6.8,3,One year,None,North,Basic,Desktop,0
C005255,63,25,20.0,1,20.8,42.2,9.2,0,Month-to-month,Fiber,West,None,Tablet,0
C005256,52,5,54.06,1,6.2,45.8,8.1,0,Two year,DSL,East,None,Tablet,1
C005257,51,21,50.11,1,8.8,27.0,7.2,0,Month-to-month,DSL,West,Basic,Tablet,0
C005258,71,49,55.6,0,27.2,21.3,6.9,0,Month-to-month,Fiber,West,Premium,Desktop,0
C005259,18,18,62.88,3,16.6,4.6,6.7,0,Month-to-month,Fiber,East,None,Desktop,0
C005260,36,72,55.43,1,14.1,44.2,8.8,0,Month-to-month,DSL,South,Premium,Desktop,0
C005261,53,6,51.59,3,10.5,10.0,7.6,0,Month-to-month,Fiber,South,None,Desktop,0
C005262,38,43,43.03,1,13.8,30.4,6.6,0,Month-to-month,None,West,Basic,Mobile,0
C005263,58,36,92.54,2,25.9,10.3,4.8,0,Month-to-month,DSL,North,Premium,Desktop,0
C005264,41,60,102.03,1,11.1,52.6,8.0,2,Month-to-month,Fiber,North,None,Desktop,0
C005265,44,64,65.64,1,11.8,47.0,7.7,0,Month-to-month,DSL,South,None,Mobile,0
C005266,38,40,71.56,2,20.2,34.6,4.3,0,Two year,Fiber,East,Premium,Tablet,0
C005267,35,46,43.84,1,8.7,43.6,6.8,0,Month-to-month,Fiber,East,Basic,Mobile,0
C005268,35,51,73.78,1,9.5,29.4,7.7,0,One year,Fiber,East,Basic,Desktop,0
C005269,46,38,77.75,1,16.0,21.1,6.6,1,Month-to-month,Fiber,North,Basic,Desktop,0
C005270,32,14,66.52,1,16.2,10.9,10.0,0,Two year,Fiber,South,None,Desktop,0
C005271,54,31,81.9,1,10.3,40.5,9.8,0,One year,None,East,None,Mobile,0
C005272,50,18,79.72,1,19.3,18.9,4.8,0,Two year,Fiber,North,None,Mobile,0
C005273,56,34,45.65,0,17.5,61.3,6.7,0,One year,DSL,West,None,Mobile,0
C005274,27,45,101.83,3,2.2,17.7,8.8,0,One year,Fiber,West,None,Desktop,1
C005275,20,16,66.81,2,21.5,43.1,6.9,0,One year,DSL,North,Basic,Mobile,0
C005276,42,18,113.89,1,12.0,46.3,8.4,0,One year,None,East,Basic,Mobile,0
C005277,80,60,82.51,1,21.6,14.9,5.9,0,Month-to-month,DSL,East,Premium,Mobile,0
C005278,58,28,121.27,4,30.6,25.6,4.3,0,Month-to-month,Fiber,West,None,Mobile,0
C005279,35,15,101.38,1,15.5,28.2,,1,Month-to-month,Fiber,South,,Mobile,0
C005280,48,52,77.68,1,11.5,72.8,6.5,0,One year,DSL,North,Basic,Mobile,0
C005281,51,52,53.92,2,25.7,28.1,10.0,0,Month-to-month,DSL,South,None,Mobile,0
C005282,24,60,54.46,1,10.1,17.3,8.8,0,Two year,DSL,North,Basic,Mobile,0
C005283,60,55,85.33,1,29.2,36.9,,0,Month-to-month,Fiber,North,None,Desktop,0
C005284,40,72,75.58,3,12.8,18.4,8.3,0,One year,Fiber,West,Premium,Mobile,0
C005285,41,42,57.27,1,11.6,30.3,7.0,0,Month-to-month,DSL,East,Premium,Tablet,0
C005286,42,21,92.83,1,32.6,25.5,8.0,1,Two year,None,East,Basic,Mobile,0
C005287,57,63,72.97,2,18.5,37.2,5.8,0,Two year,DSL,East,None,Desktop,0
C005288,32,20,92.98,3,27.4,24.3,7.7,0,One year,Fiber,East,Basic,Tablet,0
C005289,20,21,47.61,3,15.8,22.6,9.0,2,Two year,DSL,South,Premium,Mobile,0
C005290,46,60,96.99,2,15.3,43.9,8.6,0,One year,Fiber,West,Premium,Desktop,0
C005291,18,64,84.52,3,0.0,34.5,9.1,0,Month-to-month,Fiber,South,Basic,Mobile,0
C005292,38,25,101.94,1,23.1,31.3,10.0,0,Month-to-month,Fiber,North,Premium,Mobile,0
C005293,57,53,96.44,0,18.7,7.9,6.3,3,One year,Fiber,West,Premium,Mobile,0
C005294,50,67,69.88,1,15.2,38.5,10.0,0,Month-to-month,Fiber,East,Basic,Tablet,0
C005295,56,58,67.87,0,20.1,25.4,7.6,0,Month-to-month,None,South,None,Mobile,0
C005296,50,1,116.58,2,16.3,34.3,6.4,1,Month-to-month,Fiber,South,Premium,Desktop,0
C005297,73,48,64.74,1,9.4,8.9,7.1,0,Month-to-month,DSL,West,Premium,Desktop,0
C005298,34,13,90.71,2,18.5,34.3,8.7,0,One year,Fiber,North,Basic,Desktop,0
C005299,47,61,62.47,2,14.7,33.3,6.4,1,Month-to-month,Fiber,West,None,Desktop,0
C005300,36,5,25.45,1,21.2,28.2,3.6,0,Two year,Fiber,North,Basic,Mobile,0
C005301,54,72,41.32,1,14.0,20.4,8.6,0,Month-to-month,Fiber,West,None,Desktop,0
C005302,41,13,82.15,3,12.7,45.0,7.5,0,Month-to-month,DSL,South,None,Tablet,0
C005303,64,31,89.53,3,12.2,22.0,6.2,1,Two year,DSL,North,Basic,Desktop,0
C005304,35,17,82.23,2,9.8,41.9,4.8,1,Two year,Fiber,West,Basic,Desktop,0
C005305,60,59,100.65,2,12.3,43.6,7.8,0,Month-to-month,DSL,West,None,Mobile,0
C005306,50,29,81.78,3,19.0,21.0,9.4,0,Two year,Fiber,South,Basic,Mobile,0
C005307,42,54,52.62,1,10.8,40.0,5.5,1,Two year,Fiber,East,Basic,Mobile,0
C005308,49,5,86.86,3,7.8,25.8,7.6,0,Month-to-month,DSL,North,None,Mobile,0
C005309,45,33,76.24,3,21.5,38.7,10.0,1,Two year,DSL,North,Premium,Desktop,0
C005310,47,66,57.61,1,15.0,19.8,8.8,0,Month-to-month,Fiber,North,Premium,Desktop,0
C005311,39,67,83.81,0,21.4,29.6,7.1,0,Month-to-month,DSL,East,Basic,Desktop,0
C005312,33,16,73.98,1,14.5,31.9,6.9,0,Month-to-month,None,North,None,Desktop,0
C005313,38,29,56.87,2,12.0,30.6,6.3,0,Month-to-month,Fiber,West,None,Mobile,0
C005314,20,30,67.55,1,3.8,35.6,7.2,0,Month-to-month,DSL,South,Basic,Mobile,0
C005315,53,41,107.34,3,8.1,21.3,6.4,0,One year,Fiber,South,None,Tablet,0
C005316,26,39,106.52,1,9.9,24.4,6.6,0,Month-to-month,DSL,South,Basic,Desktop,0
C005317,39,8,76.7,2,18.0,39.6,6.9,0,One year,Fiber,West,None,Desktop,0
C005318,50,55,73.43,1,15.2,26.1,4.2,0,One year,None,East,Premium,Desktop,0
C005319,53,17,36.17,0,8.8,25.0,6.9,1,One year,Fiber,West,Premium,Desktop,0
C005320,19,23,114.98,2,0.0,20.9,10.0,0,One year,DSL,South,Basic,Tablet,0
C005321,41,61,97.91,5,19.2,25.5,4.7,0,One year,DSL,South,Basic,Desktop,0
C005322,48,50,90.8,2,22.1,18.7,9.9,0,Month-to-month,Fiber,South,Basic,Mobile,0
C005323,43,29,20.0,0,22.8,39.8,9.1,0,One year,Fiber,East,Premium,Mobile,0
C005324,59,66,73.02,0,9.2,25.6,8.4,0,Month-to-month,None,West,None,Desktop,0
C005325,31,29,68.82,2,23.2,18.0,6.2,0,One year,DSL,East,Premium,Mobile,0
C005326,18,41,89.07,2,20.0,28.6,8.9,0,One year,DSL,West,Basic,Desktop,0
C005327,53,18,60.72,1,19.9,14.2,10.0,0,Two year,Fiber,North,Premium,Desktop,0
C005328,35,14,66.21,1,11.7,20.7,9.2,1,Month-to-month,Fiber,South,Basic,Tablet,0
C005329,19,36,87.49,1,15.1,47.3,7.7,0,Month-to-month,Fiber,West,Basic,Tablet,0
C005330,40,41,52.66,1,28.8,17.9,7.3,0,Two year,Fiber,East,None,Desktop,0
C005331,58,59,57.65,4,27.7,29.3,6.1,0,Month-to-month,Fiber,North,Premium,Mobile,0
C005332,26,29,76.83,0,15.7,57.5,7.5,0,One year,DSL,East,Basic,Desktop,0
C005333,72,65,105.46,1,17.3,34.0,8.3,1,Two year,DSL,East,Basic,Tablet,0
C005334,31,44,92.21,1,0.6,24.9,7.4,1,One year,None,North,None,Mobile,0
C005335,43,6,98.89,3,24.4,7.1,7.1,0,Month-to-month,Fiber,South,Basic,Desktop,0
C005336,26,54,73.58,2,21.2,33.0,7.2,1,Month-to-month,Fiber,West,Premium,Tablet,0
C005337,43,42,109.38,1,18.4,21.8,10.0,0,Month-to-month,Fiber,West,Premium,Mobile,0
C005338,40,29,28.47,1,11.8,37.7,7.6,0,One year,Fiber,West,Premium,Mobile,0
C005339,23,34,122.56,1,16.5,22.9,7.7,0,Two year,Fiber,West,Basic,Mobile,0
C005340,79,22,125.79,2,26.3,34.3,3.0,0,Month-to-month,None,South,None,Mobile,0
C005341,36,45,83.42,1,18.5,48.4,9.0,0,Month-to-month,DSL,North,Basic,Mobile,0
C005342,36,41,92.81,2,34.4,39.1,,0,One year,DSL,West,None,Desktop,0
C005343,55,33,71.05,2,21.7,15.2,8.3,2,Two year,DSL,East,None,Mobile,0
C005344,66,21,66.76,2,9.6,32.1,8.4,0,Two year,DSL,West,Basic,Mobile,0
C005345,57,29,56.73,0,13.1,42.6,5.6,1,One year,Fiber,North,None,Tablet,0
C005346,26,36,70.77,2,11.0,12.8,6.8,0,Month-to-month,Fiber,South,Basic,Desktop,0
C005347,45,34,85.9,0,22.0,51.2,10.0,0,Month-to-month,Fiber,West,None,Mobile,0
C005348,18,23,82.5,2,24.1,32.7,4.8,0,One year,Fiber,West,None,Mobile,0
C005349,54,42,121.67,4,28.0,,4.9,0,Month-to-month,None,West,Basic,Tablet,0
C005350,21,17,74.51,0,13.7,26.9,4.6,0,Month-to-month,Fiber,North,None,Desktop,0
C005351,32,37,34.78,2,19.3,31.6,7.0,1,Month-to-month,Fiber,South,Basic,Mobile,0
C005352,42,9,113.11,2,25.0,20.3,10.0,0,Month-to-month,DSL,East,Basic,Desktop,0
C005353,48,34,41.48,0,26.8,49.6,7.8,0,One year,Fiber,South,None,Desktop,0
C005354,39,57,58.02,3,7.4,52.5,9.2,0,One year,DSL,West,Basic,Mobile,0
C005355,62,59,78.79,0,20.3,56.8,3.7,0,Month-to-month,Fiber,East,Premium,Desktop,0
C005356,51,51,82.43,4,7.6,9.8,5.8,0,Two year,DSL,North,Premium,Desktop,0
C005357,50,54,35.86,0,11.8,35.0,6.1,0,Month-to-month,Fiber,West,None,Desktop,0
C005358,26,5,53.34,1,6.9,36.2,10.0,0,One year,None,East,None,Desktop,0
C005359,64,25,34.98,2,11.7,22.5,7.5,0,One year,Fiber,West,Basic,Desktop,0
C005360,32,48,87.54,1,5.9,35.5,7.2,0,Month-to-month,DSL,West,Basic,Mobile,0
C005361,65,58,101.58,1,7.7,13.8,7.6,2,Two year,Fiber,South,Basic,Desktop,0
C005362,68,42,41.45,0,9.7,48.7,6.9,0,One year,Fiber,North,Basic,Mobile,0
C005363,49,62,96.89,1,18.1,12.6,10.0,0,Month-to-month,Fiber,South,None,Mobile,0
C005364,55,20,95.27,2,16.2,34.0,10.0,1,Month-to-month,Fiber,South,Premium,Mobile,0
C005365,18,12,55.52,4,4.5,40.5,9.3,0,Two year,Fiber,East,Basic,Mobile,0
C005366,39,7,22.44,3,35.2,23.8,9.1,1,Two year,DSL,East,Premium,Mobile,0
C005367,56,42,45.22,1,12.6,47.5,,2,One year,Fiber,North,Premium,Desktop,0
C005368,54,48,57.12,0,6.7,9.1,8.1,0,Month-to-month,Fiber,West,Premium,Mobile,0
C005369,26,21,110.54,1,20.1,30.6,3.7,0,One year,None,North,None,Mobile,0
C005370,38,57,69.04,0,16.0,10.8,6.5,1,Month-to-month,Fiber,East,None,Mobile,0
C005371,18,54,46.83,1,10.3,21.7,4.5,1,Two year,Fiber,West,Premium,Desktop,0
C005372,47,26,75.7,2,18.7,25.1,8.2,1,One year,Fiber,North,Basic,Mobile,0
C005373,18,18,39.62,1,11.3,24.3,7.1,0,Month-to-month,Fiber,South,None,Mobile,0
C005374,57,54,84.86,2,13.9,46.3,8.7,0,Month-to-month,Fiber,South,None,Mobile,0
C005375,57,49,47.56,0,26.3,16.9,8.5,1,One year,DSL,East,None,Mobile,0
C005376,36,13,51.19,2,16.9,12.3,9.3,0,Two year,DSL,West,Basic,Desktop,0
C005377,49,19,81.39,1,20.3,25.8,5.9,2,One year,None,West,None,Mobile,0
C005378,39,35,115.76,0,12.3,32.4,4.1,0,Month-to-month,Fiber,South,Premium,Mobile,0
C005379,45,37,126.94,3,17.1,37.0,,0,One year,Fiber,South,Basic,Desktop,0
C005380,27,12,46.0,0,10.6,44.8,6.3,1,One year,Fiber,West,None,Desktop,0
C005381,50,69,57.08,2,10.3,5.2,7.2,0,One year,Fiber,South,Basic,Mobile,0
C005382,21,28,84.89,2,13.1,51.3,9.2,0,Two year,Fiber,West,Basic,Mobile,0
C005383,18,28,101.22,2,11.1,21.2,6.8,1,One year,Fiber,West,None,Desktop,0
C005384,40,5,20.0,3,23.3,27.7,5.2,0,Month-to-month,Fiber,North,None,Mobile,0
C005385,39,64,74.18,0,20.1,31.3,10.0,0,One year,DSL,West,None,Mobile,0
C005386,46,17,59.82,2,0.0,5.0,6.3,1,Two year,Fiber,North,Basic,Mobile,0
C005387,34,72,23.9,1,28.1,25.8,10.0,1,One year,Fiber,West,None,Mobile,0
C005388,67,36,38.57,1,20.5,42.9,8.0,1,Month-to-month,Fiber,South,Basic,Mobile,0
C005389,44,63,57.81,0,24.0,38.6,9.1,0,Month-to-month,Fiber,North,None,Mobile,0
C005390,45,13,73.47,1,14.8,25.0,9.1,0,Two year,Fiber,West,Premium,Desktop,0
C005391,45,12,97.2,3,5.5,33.6,6.6,0,Month-to-month,Fiber,North,None,Mobile,1
C005392,55,58,80.86,2,6.7,36.5,8.4,0,Two year,Fiber,West,Premium,Tablet,0
C005393,49,60,95.69,1,28.0,27.9,10.0,1,Month-to-month,None,West,Basic,Mobile,0
C005394,48,40,72.67,1,4.6,36.9,9.7,1,One year,DSL,West,Basic,Tablet,0
C005395,52,3,54.38,3,5.9,21.4,9.4,0,Month-to-month,Fiber,South,Premium,Mobile,0
C005396,18,68,67.41,1,13.0,19.7,8.5,0,Month-to-month,DSL,South,None,Desktop,0
C005397,19,29,89.39,4,6.3,27.4,7.1,1,Month-to-month,DSL,North,Basic,Desktop,0
C005398,41,68,97.81,2,19.7,3.0,5.8,1,Month-to-month,None,East,Premium,Desktop,0
C005399,39,63,68.3,1,20.3,39.3,10.0,0,Month-to-month,DSL,West,Premium,Mobile,0
C005400,50,62,48.77,2,18.9,32.0,6.3,1,Two year,DSL,South,Basic,Mobile,0
C005401,42,50,80.39,5,11.7,28.3,6.4,0,Two year,DSL,North,Basic,Desktop,0
C005402,50,49,83.95,4,18.0,40.6,7.3,1,One year,Fiber,North,None,Mobile,0
C005403,26,39,102.82,2,28.5,35.6,4.7,0,Two year,Fiber,South,None,Mobile,0
C005404,42,2,55.03,2,6.0,43.8,6.6,0,Two year,Fiber,East,None,Mobile,0
C005405,25,28,55.31,3,23.8,50.0,6.0,0,Month-to-month,None,South,None,Tablet,0
C005406,47,53,90.9,0,21.7,35.0,4.7,0,Month-to-month,DSL,West,Premium,Mobile,0
C005407,18,59,61.81,1,15.3,22.4,5.1,1,Two year,None,South,Basic,Desktop,0
C005408,47,41,60.76,3,17.2,39.7,7.2,1,One year,DSL,North,Premium,Mobile,0
C005409,23,52,103.35,1,18.5,22.4,9.1,0,One year,DSL,West,None,Desktop,0
C005410,37,2,37.72,0,9.2,21.9,7.1,0,One year,DSL,East,Basic,Mobile,0
C005411,54,34,123.41,2,4.6,27.5,5.3,0,Month-to-month,Fiber,North,Basic,Mobile,1
C005412,45,37,56.68,0,22.3,44.9,6.1,1,Month-to-month,Fiber,East,,Mobile,0
C005413,21,65,93.67,1,7.3,40.0,7.9,1,Month-to-month,Fiber,North,None,Desktop,0
C005414,33,23,69.28,0,8.3,41.6,9.4,0,One year,Fiber,East,None,Desktop,0
C005415,22,17,78.78,1,12.4,32.5,9.0,0,Month-to-month,Fiber,South,Basic,Desktop,0
C005416,20,26,65.43,2,18.0,37.8,7.7,0,Month-to-month,DSL,South,Basic,Mobile,0
C005417,44,13,93.41,2,12.5,38.2,10.0,0,Month-to-month,None,West,Premium,Desktop,0
C005418,49,41,63.32,1,10.9,22.7,6.3,0,One year,Fiber,East,None,Mobile,0
C005419,48,47,57.68,2,22.7,38.1,5.2,0,Month-to-month,Fiber,North,None,Desktop,0
C005420,50,58,117.33,2,13.7,31.0,6.8,0,One year,Fiber,South,Basic,Desktop,0
C005421,42,70,72.73,2,10.4,26.1,9.6,0,One year,None,West,Basic,Tablet,0
C005422,38,6,55.11,3,18.8,26.7,8.6,0,One year,Fiber,South,Premium,Desktop,0
C005423,28,18,34.74,1,16.4,24.4,9.3,0,Two year,Fiber,West,Premium,Desktop,0
C005424,36,22,118.64,2,16.2,27.6,7.1,0,Month-to-month,None,North,Basic,Mobile,0
C005425,25,18,58.2,1,19.1,30.9,7.6,1,Month-to-month,None,North,Basic,Mobile,0
C005426,31,60,123.55,1,15.0,39.0,6.9,1,Month-to-month,DSL,West,Basic,Mobile,0
C005427,43,11,81.97,3,21.9,49.1,5.8,1,Month-to-month,None,North,None,Mobile,0
C005428,40,3,75.57,1,6.0,37.8,7.4,1,Month-to-month,None,West,Basic,Mobile,1
C005429,82,62,76.25,1,24.7,32.4,6.9,0,Two year,None,North,Basic,Desktop,0
C005430,25,70,127.4,0,9.6,7.0,6.4,0,Two year,Fiber,East,Basic,Mobile,0
C005431,40,17,20.0,0,4.5,60.0,8.4,0,Month-to-month,DSL,East,Basic,Mobile,0
C005432,23,24,77.36,1,10.5,22.5,7.5,1,Two year,Fiber,West,None,Mobile,0
C005433,37,37,65.37,2,13.6,22.9,9.7,0,Month-to-month,Fiber,West,None,Desktop,0
C005434,37,38,66.67,1,10.9,46.2,5.8,1,Month-to-month,DSL,West,Premium,Mobile,0
C005435,53,72,75.73,3,9.2,17.8,6.6,0,One year,Fiber,West,None,Mobile,0
C005436,36,30,65.34,2,23.1,35.5,4.1,1,Month-to-month,Fiber,East,Basic,Mobile,0
C005437,40,1,76.7,2,9.9,25.4,5.5,0,One year,DSL,East,None,Desktop,0
C005438,36,31,71.41,1,0.2,28.0,8.4,0,Two year,DSL,East,Premium,Desktop,0
C005439,24,41,39.16,2,13.5,31.6,8.8,0,One year,Fiber,West,Basic,Mobile,0
C005440,34,38,81.53,0,30.3,16.7,8.6,2,Two year,DSL,North,None,Mobile,0
C005441,37,37,89.9,1,8.6,29.5,9.7,0,Month-to-month,Fiber,South,Basic,Tablet,0
C005442,43,67,58.45,1,9.7,,8.3,0,Month-to-month,Fiber,North,Basic,Tablet,0
C005443,49,59,118.7,1,13.2,30.1,7.4,2,Month-to-month,Fiber,West,Premium,Mobile,0
C005444,39,19,105.39,1,26.8,73.0,8.5,1,Two year,None,South,None,Desktop,0
C005445,39,26,93.1,0,13.5,32.1,6.0,0,One year,None,North,Basic,Desktop,0
C005446,20,49,92.8,0,8.8,16.6,4.4,0,One year,Fiber,West,Basic,Desktop,0
C005447,49,30,72.75,2,18.5,24.7,6.6,1,Two year,None,West,None,Mobile,0
C005448,33,31,100.53,1,18.0,7.8,6.8,0,One year,DSL,North,Premium,Mobile,0
C005449,52,13,111.27,0,19.4,43.9,7.5,0,One year,None,North,Premium,Desktop,0
C005450,59,19,92.2,0,8.6,50.3,5.9,0,One year,Fiber,West,Premium,Mobile,0
C005451,40,54,57.74,2,12.0,41.1,6.2,1,Month-to-month,None,North,Basic,Mobile,0
C005452,29,61,71.01,0,23.9,20.9,8.8,0,One year,Fiber,East,Premium,Mobile,0
C005453,42,57,86.34,2,18.9,20.5,5.1,1,Two year,Fiber,South,Basic,Mobile,0
C005454,47,23,92.94,3,21.7,39.8,7.2,0,Month-to-month,Fiber,East,None,Tablet,0
C005455,38,10,70.06,1,15.6,24.7,6.2,1,One year,None,West,None,Desktop,0
C005456,35,12,57.83,2,23.4,20.7,4.3,0,One year,None,West,Basic,Mobile,0
C005457,49,29,111.61,3,18.1,19.3,6.6,1,Month-to-month,DSL,North,Premium,Desktop,0
C005458,48,38,45.19,2,12.3,53.4,5.7,2,One year,Fiber,East,Basic,Mobile,0
C005459,37,65,48.47,1,21.2,25.4,6.6,1,Month-to-month,Fiber,West,None,Mobile,0
C005460,20,65,38.82,1,9.9,41.0,7.5,0,Month-to-month,DSL,West,Premium,Tablet,0
C005461,48,1,48.41,1,26.8,37.6,3.4,0,One year,DSL,West,Basic,Mobile,0
C005462,32,51,103.18,2,23.1,20.8,9.2,1,Month-to-month,None,North,Basic,Tablet,0
C005463,45,22,104.02,1,14.0,31.5,10.0,0,One year,Fiber,North,Basic,Mobile,0
C005464,44,15,70.15,2,14.7,19.0,5.6,0,Month-to-month,Fiber,North,Premium,Mobile,0
C005465,18,40,84.41,1,16.9,48.4,6.3,0,Month-to-month,DSL,North,None,Mobile,1
C005466,43,3,71.74,4,14.8,20.1,5.9,0,One year,DSL,North,None,Mobile,0
C005467,49,25,42.2,1,25.2,35.4,5.4,0,One year,DSL,West,None,Mobile,0
C005468,50,40,127.45,1,12.2,25.1,10.0,2,Month-to-month,Fiber,South,None,Mobile,0
C005469,44,20,106.37,0,5.5,19.9,6.8,1,Month-to-month,DSL,North,Premium,Mobile,0
C005470,18,43,80.86,0,14.2,43.9,8.6,1,Month-to-month,Fiber,West,Basic,Desktop,0
C005471,59,34,50.6,2,21.3,24.7,9.5,0,Month-to-month,None,North,Basic,Mobile,0
C005472,47,58,66.38,0,23.1,9.0,9.2,0,Two year,Fiber,East,None,Mobile,0
C005473,26,14,54.69,1,16.8,36.1,9.4,0,Two year,None,East,None,Desktop,0
C005474,32,5,74.44,1,11.6,22.5,5.0,0,Month-to-month,DSL,East,Basic,Mobile,0
C005475,45,39,79.75,1,15.7,32.9,9.0,0,Month-to-month,None,East,Premium,Desktop,0
C005476,51,19,63.47,3,11.4,41.3,6.6,0,Month-to-month,None,East,Basic,Desktop,1
C005477,36,51,35.64,1,0.0,35.3,10.0,1,Month-to-month,Fiber,South,Basic,Mobile,0
C005478,53,7,125.3,2,10.0,41.7,5.8,0,One year,None,West,None,Desktop,0
C005479,19,42,77.94,3,19.6,15.4,5.2,0,One year,None,East,Premium,Desktop,0
C005480,28,72,83.41,2,14.1,45.4,7.2,0,Month-to-month,None,East,None,Desktop,0
C005481,18,7,61.44,0,13.8,27.4,8.4,0,Month-to-month,Fiber,North,Basic,Desktop,0
C005482,30,22,32.95,1,23.7,13.9,4.0,0,Month-to-month,None,East,None,Tablet,0
C005483,62,61,69.92,2,9.3,3.0,6.5,0,Month-to-month,DSL,North,None,Desktop,0
C005484,69,39,63.92,1,9.9,27.3,5.3,1,Month-to-month,Fiber,North,Basic,Mobile,0
C005485,45,13,89.74,0,18.3,21.6,8.9,1,Month-to-month,None,North,Basic,Mobile,0
C005486,34,16,94.65,2,11.0,21.8,6.2,0,Month-to-month,None,West,Premium,Mobile,0
C005487,39,56,91.13,3,11.0,35.0,9.3,0,Month-to-month,Fiber,South,Basic,Mobile,0
C005488,48,62,96.71,1,26.8,51.6,,0,Month-to-month,DSL,East,Premium,Mobile,0
C005489,22,26,117.09,1,8.5,20.2,7.8,0,Month-to-month,None,North,Basic,Desktop,0
C005490,35,35,81.75,1,10.9,32.1,4.7,3,Two year,Fiber,North,None,Mobile,0
C005491,61,57,99.48,0,19.1,24.2,7.0,0,One year,None,East,Premium,Mobile,0
C005492,28,13,84.35,1,15.7,,5.3,1,One year,Fiber,South,None,Mobile,0
C005493,32,15,24.5,1,6.4,18.8,10.0,0,Month-to-month,DSL,East,Basic,Mobile,0
C005494,42,56,68.14,0,28.5,50.7,9.2,0,Month-to-month,Fiber,East,None,Mobile,0
C005495,46,14,50.31,2,10.4,31.2,,0,Month-to-month,Fiber,East,Premium,Mobile,0
C005496,34,56,77.79,1,14.3,28.7,9.1,0,Month-to-month,DSL,West,Premium,Tablet,0
C005497,43,36,52.22,2,19.1,22.8,6.3,0,Month-to-month,DSL,North,None,Mobile,0
C005498,50,72,87.14,3,31.1,31.8,8.3,0,One year,DSL,South,Basic,Desktop,0
C005499,67,3,96.53,0,13.1,23.3,7.1,0,Month-to-month,DSL,West,Premium,Desktop,0
C005500,40,69,102.09,3,9.6,54.2,8.2,0,One year,DSL,North,Premium,Mobile,0
C005501,41,17,112.48,2,19.5,34.0,7.5,0,Month-to-month,Fiber,West,None,Desktop,0
C005502,62,3,30.1,1,30.6,32.7,7.1,0,Month-to-month,DSL,East,None,Desktop,1
C005503,35,53,42.02,0,17.0,32.4,4.0,0,One year,DSL,South,Basic,Desktop,0
C005504,25,39,145.2,3,14.0,46.7,6.1,1,One year,Fiber,South,Basic,Mobile,0
C005505,45,61,97.24,1,18.7,30.7,10.0,0,Two year,DSL,South,Premium,Mobile,0
C005506,56,8,77.61,4,1.5,25.3,7.0,1,Month-to-month,DSL,West,Premium,Desktop,0
C005507,47,6,72.8,4,11.7,32.9,6.0,0,Month-to-month,DSL,South,None,Desktop,0
C005508,41,41,70.58,2,3.2,40.5,7.3,0,One year,Fiber,North,Basic,Mobile,0
C005509,23,64,23.66,0,13.5,,4.5,0,Month-to-month,None,South,None,Mobile,0
C005510,41,30,52.69,6,12.4,33.6,6.4,0,Month-to-month,Fiber,West,Basic,Desktop,0
C005511,58,58,69.2,0,0.0,33.8,7.6,1,Two year,DSL,South,Basic,Desktop,0
C005512,26,66,54.1,0,17.3,42.9,8.1,0,Month-to-month,Fiber,North,Basic,Tablet,0
C005513,39,63,57.37,6,20.3,3.0,7.9,1,Month-to-month,Fiber,South,Premium,Tablet,0
C005514,37,37,135.97,3,14.6,32.1,10.0,0,Month-to-month,DSL,West,Basic,Mobile,0
C005515,33,51,65.71,2,5.3,24.0,6.0,0,Two year,DSL,East,Basic,Desktop,0
C005516,45,38,78.95,2,24.9,31.7,4.5,0,Two year,Fiber,East,None,Mobile,0
C005517,48,49,78.06,2,29.3,35.3,6.6,0,One year,None,South,Basic,Desktop,0
C005518,48,41,86.74,2,18.8,45.9,6.2,0,Month-to-month,DSL,West,Basic,Mobile,0
C005519,29,38,60.07,1,13.5,14.4,7.6,0,Month-to-month,DSL,North,Basic,Mobile,0
C005520,21,32,103.17,4,13.6,22.4,6.7,0,Month-to-month,DSL,West,Premium,Tablet,1
C005521,45,48,83.09,1,19.0,20.3,7.5,0,Two year,Fiber,East,None,Tablet,0
C005522,35,55,39.82,3,16.6,23.7,7.4,0,Two year,DSL,South,Basic,Tablet,0
C005523,66,67,69.31,2,19.0,14.6,8.8,1,One year,Fiber,South,Basic,Tablet,0
C005524,66,45,67.7,1,19.1,56.6,7.2,2,One year,Fiber,North,Basic,Mobile,0
C005525,68,8,66.55,1,10.8,41.4,7.6,2,Month-to-month,Fiber,North,Premium,Mobile,1
C005526,30,43,84.73,2,10.2,21.7,10.0,0,Month-to-month,Fiber,North,Basic,Mobile,0
C005527,49,23,87.87,3,14.0,31.2,4.3,1,Two year,Fiber,South,None,Mobile,0
C005528,53,2,84.92,1,19.3,25.8,7.6,0,Month-to-month,Fiber,South,Basic,Tablet,0
C005529,52,6,80.47,1,5.1,32.9,7.0,1,Month-to-month,Fiber,East,Premium,Tablet,1
C005530,37,43,74.14,2,14.4,21.8,7.3,0,Month-to-month,Fiber,North,None,Desktop,0
C005531,59,69,20.0,2,15.7,12.7,8.3,1,Month-to-month,None,South,Basic,Tablet,0
C005532,42,37,91.45,1,12.6,24.1,5.7,0,Month-to-month,Fiber,North,None,Tablet,0
C005533,44,33,84.21,3,25.8,47.6,6.2,0,Month-to-month,Fiber,West,None,Desktop,1
C005534,22,7,47.38,2,24.6,13.2,8.6,0,Month-to-month,Fiber,East,None,Tablet,1
C005535,50,49,79.01,1,18.9,44.2,7.0,1,One year,Fiber,West,Premium,Tablet,0
C005536,39,4,88.2,1,28.4,37.7,5.5,0,Two year,None,West,Basic,Mobile,0
C005537,48,61,101.28,1,22.1,26.2,8.7,0,Month-to-month,DSL,South,Basic,Mobile,0
C005538,45,59,84.76,0,16.9,40.0,8.4,0,One year,Fiber,South,Basic,Mobile,0
C005539,44,72,80.04,2,12.7,33.5,7.5,0,Month-to-month,Fiber,West,Basic,Tablet,0
C005540,41,21,95.67,3,13.2,5.4,8.0,2,Month-to-month,Fiber,West,Premium,Mobile,0
C005541,52,12,64.34,0,18.7,26.1,8.2,0,One year,Fiber,North,None,Mobile,0
C005542,39,22,82.3,5,13.4,26.5,7.1,0,One year,Fiber,West,None,Desktop,0
C005543,23,58,56.47,2,5.4,48.3,7.8,0,Month-to-month,Fiber,West,None,Mobile,0
C005544,49,16,99.76,1,13.3,26.2,5.1,0,Two year,Fiber,South,Premium,Tablet,1
C005545,31,64,31.76,1,23.2,28.5,6.8,0,Month-to-month,None,North,Basic,Mobile,0
C005546,25,12,92.42,2,0.0,17.1,9.0,0,Month-to-month,Fiber,North,Premium,Tablet,0
C005547,29,4,72.44,0,25.8,30.2,10.0,0,Month-to-month,DSL,South,None,Mobile,0
C005548,46,16,96.13,1,20.0,16.7,7.4,0,One year,Fiber,West,Premium,Mobile,0
C005549,41,55,52.49,2,14.4,44.0,5.6,0,Month-to-month,Fiber,West,None,Desktop,0
C005550,18,44,74.25,2,18.0,26.0,6.6,0,Month-to-month,Fiber,South,Basic,Mobile,0
C005551,37,26,73.52,1,22.7,16.7,4.6,1,Month-to-month,Fiber,East,Basic,Mobile,0
C005552,57,48,82.85,0,16.2,45.7,8.4,0,Month-to-month,None,North,None,Desktop,0
C005553,36,47,45.81,1,22.6,15.3,7.3,0,One year,Fiber,North,Premium,Desktop,0
C005554,40,40,87.91,2,22.0,34.1,5.5,0,One year,Fiber,South,Basic,Mobile,0
C005555,56,38,25.85,2,17.2,13.2,6.9,1,Month-to-month,Fiber,West,Basic,Mobile,0
C005556,52,8,55.3,0,8.2,34.5,8.5,0,One year,None,South,None,Desktop,0
C005557,55,19,32.93,2,15.3,43.8,7.3,0,Month-to-month,Fiber,South,Basic,Tablet,0
C005558,18,38,92.71,1,1.7,23.2,6.0,0,One year,Fiber,East,Basic,Mobile,0
C005559,65,10,82.0,0,19.1,16.8,9.1,0,One year,Fiber,East,Basic,Desktop,0
C005560,50,35,83.4,2,13.1,17.2,7.8,0,Month-to-month,DSL,North,Basic,Desktop,0
C005561,74,9,108.83,0,11.7,30.3,5.8,0,Two year,Fiber,West,Basic,Mobile,0
C005562,32,57,64.1,2,20.6,54.1,7.3,0,Month-to-month,Fiber,East,Basic,Mobile,0
C005563,19,8,87.24,1,7.1,43.8,3.4,0,One year,Fiber,South,Basic,Tablet,0
C005564,42,7,73.65,1,16.8,45.0,7.7,0,Month-to-month,None,North,Basic,Mobile,1
C005565,38,46,69.84,0,13.6,18.2,10.0,0,Month-to-month,Fiber,South,Premium,Mobile,0
C005566,50,16,104.67,0,14.7,44.2,9.2,0,Month-to-month,DSL,North,Basic,Desktop,0
C005567,56,26,124.05,4,18.0,42.8,6.9,0,Month-to-month,None,West,Basic,Mobile,0
C005568,41,23,61.21,1,28.8,34.7,7.7,2,One year,Fiber,North,None,Desktop,1
C005569,39,16,92.84,2,18.8,23.4,8.2,0,One year,DSL,North,Basic,Tablet,0
C005570,49,55,79.98,4,25.5,42.7,8.3,0,Month-to-month,DSL,East,Premium,Desktop,0
C005571,39,50,80.28,6,25.8,22.9,7.0,0,Month-to-month,DSL,East,Premium,Desktop,0
C005572,38,18,78.18,3,21.4,38.9,3.3,1,Month-to-month,None,West,Premium,Mobile,0
C005573,55,50,63.67,3,3.1,26.4,6.6,0,Two year,Fiber,South,Basic,Desktop,0
C005574,58,52,20.0,2,14.3,19.2,6.1,1,Two year,Fiber,North,None,Desktop,0
C005575,56,39,110.37,2,8.4,26.1,7.0,0,Month-to-month,DSL,South,Basic,Desktop,0
C005576,40,42,54.63,1,36.0,54.6,5.9,2,Two year,Fiber,South,Basic,Mobile,0
C005577,18,68,65.96,1,9.0,17.0,8.3,0,Month-to-month,Fiber,North,Basic,Desktop,0
C005578,40,33,66.49,3,5.5,42.9,10.0,0,Month-to-month,Fiber,South,None,Mobile,0
C005579,32,28,52.4,2,0.0,41.1,9.0,0,One year,Fiber,West,Basic,Mobile,0
C005580,40,39,78.01,1,8.7,28.8,7.1,0,Month-to-month,Fiber,South,Basic,Tablet,0
C005581,33,61,70.89,2,16.9,24.4,9.9,0,Month-to-month,Fiber,East,Basic,Mobile,0
C005582,42,52,54.09,3,23.6,16.0,8.9,0,One year,Fiber,North,Basic,Tablet,0
C005583,28,6,75.73,1,8.5,46.5,8.5,0,One year,Fiber,South,Basic,Mobile,0
C005584,25,34,71.17,2,24.2,16.7,6.2,1,Month-to-month,DSL,East,None,Mobile,0
C005585,58,54,95.2,0,15.6,3.0,6.9,0,Month-to-month,Fiber,West,Basic,Desktop,0
C005586,29,17,38.49,1,12.6,34.7,8.3,0,Two year,DSL,East,None,Desktop,0
C005587,42,72,51.87,0,17.2,14.8,10.0,1,Month-to-month,Fiber,South,Basic,Desktop,0
C005588,54,59,90.13,1,25.9,29.7,9.8,0,Month-to-month,None,North,Basic,Mobile,0
C005589,54,61,56.01,2,16.4,14.9,8.3,0,Month-to-month,Fiber,West,None,Mobile,0
C005590,52,6,49.41,1,8.2,24.0,7.5,0,Month-to-month,DSL,North,Premium,Mobile,0
C005591,46,42,57.24,1,19.0,31.8,8.6,1,Month-to-month,Fiber,North,None,Desktop,0
C005592,51,39,69.48,3,18.9,34.3,8.2,1,Month-to-month,Fiber,West,Basic,Mobile,0
C005593,60,46,69.57,0,14.7,47.1,10.0,0,Month-to-month,Fiber,West,Premium,Mobile,0
C005594,48,62,66.75,3,23.2,31.0,5.2,0,Two year,None,South,Premium,Desktop,0
C005595,18,26,46.29,1,0.0,32.3,7.3,2,Two year,Fiber,West,None,Mobile,0
C005596,35,39,91.33,2,18.5,28.1,8.6,0,Month-to-month,Fiber,North,None,Desktop,0
C005597,51,49,105.16,2,21.5,42.1,9.8,0,One year,Fiber,West,Basic,Mobile,0
C005598,34,55,24.24,0,5.9,17.4,10.0,0,One year,DSL,East,Premium,Desktop,0
C005599,63,56,33.16,2,5.6,25.7,4.6,0,Month-to-month,DSL,North,None,Tablet,0
C005600,41,25,97.07,1,23.0,31.0,5.9,1,One year,DSL,South,None,Mobile,1
C005601,43,72,111.24,1,24.2,20.1,7.1,1,Month-to-month,DSL,South,Basic,Mobile,0
C005602,57,1,20.0,1,25.5,47.7,5.0,0,Month-to-month,Fiber,South,None,Desktop,0
C005603,40,36,92.39,0,11.1,34.8,10.0,0,Month-to-month,DSL,West,None,Mobile,0
C005604,44,44,112.95,1,17.4,16.3,7.4,0,One year,Fiber,South,Basic,Mobile,0
C005605,54,5,50.44,0,18.3,35.9,9.3,0,One year,Fiber,East,Premium,Desktop,0
C005606,23,33,111.49,1,4.0,46.7,6.9,0,Two year,None,West,Basic,Desktop,0
C005607,38,43,67.55,0,17.1,22.4,7.9,1,Month-to-month,Fiber,West,Basic,Tablet,0
C005608,53,44,79.87,3,17.0,47.3,4.8,0,Month-to-month,Fiber,South,Basic,Tablet,0
C005609,43,9,54.02,3,21.2,34.1,5.3,0,One year,Fiber,East,None,Mobile,0
C005610,61,20,97.03,1,12.0,33.4,5.3,0,Month-to-month,Fiber,South,Premium,Tablet,0
C005611,22,18,92.86,2,24.8,45.4,4.1,0,One year,DSL,North,None,Mobile,0
C005612,20,47,115.12,4,16.6,33.4,9.1,1,One year,DSL,East,None,Desktop,0
C005613,52,24,108.02,1,28.0,35.7,7.2,0,Month-to-month,Fiber,North,None,Mobile,0
C005614,53,42,71.77,0,21.2,32.1,9.1,0,Two year,Fiber,West,None,Desktop,0
C005615,39,53,149.71,2,17.9,10.0,7.0,0,Month-to-month,Fiber,West,Basic,Mobile,0
C005616,47,58,105.77,1,7.7,35.9,9.2,1,Month-to-month,Fiber,North,None,Mobile,0
C005617,52,14,85.51,3,6.8,34.0,8.9,0,Month-to-month,None,South,Basic,Desktop,0
C005618,31,66,47.07,2,27.2,26.4,7.0,1,Two year,DSL,North,Basic,Desktop,0
C005619,33,12,33.75,3,22.1,3.0,7.6,1,One year,Fiber,South,None,Mobile,0
C005620,44,2,35.87,3,14.0,38.5,7.8,0,One year,DSL,West,None,Desktop,0
C005621,54,4,48.66,1,13.1,20.7,9.2,0,Month-to-month,DSL,West,None,Tablet,0
C005622,27,15,106.43,2,17.6,17.5,7.2,1,One year,Fiber,East,Basic,Mobile,0
C005623,39,63,84.18,5,6.6,16.3,7.9,0,One year,DSL,West,None,Desktop,0
C005624,39,15,56.67,0,12.7,7.5,4.6,1,Month-to-month,DSL,East,Basic,Tablet,0
C005625,47,50,68.6,3,20.3,36.5,5.6,0,One year,DSL,South,None,Desktop,0
C005626,42,31,65.56,0,21.2,,5.9,1,Month-to-month,Fiber,East,Basic,Mobile,0
C005627,35,3,92.0,0,13.4,24.0,8.1,1,Month-to-month,Fiber,North,Basic,Desktop,0
C005628,58,32,50.03,1,27.2,40.9,5.9,1,Month-to-month,None,East,Basic,Mobile,0
C005629,35,3,80.74,2,23.3,29.9,7.4,0,Month-to-month,None,North,None,Mobile,0
C005630,38,35,79.5,0,10.6,34.3,6.9,0,Two year,Fiber,East,Basic,Desktop,0
C005631,21,41,50.78,1,7.1,30.2,7.2,0,Month-to-month,Fiber,West,,Mobile,0
C005632,33,38,111.7,2,20.2,40.4,8.8,0,Month-to-month,DSL,North,None,Mobile,0
C005633,49,21,64.61,2,12.8,16.5,7.5,0,Month-to-month,Fiber,East,Premium,Desktop,0
C005634,46,56,47.18,1,11.5,32.2,6.8,2,Month-to-month,Fiber,East,Basic,Mobile,0
C005635,50,43,93.32,1,17.6,44.6,7.9,2,Month-to-month,Fiber,South,Basic,Mobile,0
C005636,49,19,73.36,3,21.0,39.4,10.0,0,One year,DSL,East,Basic,Tablet,0
C005637,69,32,82.21,0,21.5,34.9,7.3,0,Month-to-month,Fiber,South,Basic,Tablet,0
C005638,32,8,42.38,2,16.4,32.2,,2,Month-to-month,DSL,West,None,Mobile,0
C005639,21,67,92.31,1,0.0,26.7,4.7,0,Two year,Fiber,East,Premium,Desktop,0
C005640,28,55,126.31,4,22.7,26.8,6.6,0,Month-to-month,DSL,South,Basic,Desktop,0
C005641,33,21,40.43,0,10.4,12.4,5.0,1,Month-to-month,None,South,Basic,Mobile,0
C005642,29,49,80.86,0,18.2,37.0,2.8,0,Month-to-month,None,East,Premium,Mobile,0
C005643,43,49,52.37,0,15.1,47.4,6.6,0,One year,Fiber,East,None,Desktop,0
C005644,58,44,139.24,1,31.7,34.5,7.8,1,Month-to-month,None,West,Premium,Mobile,0
C005645,62,4,102.99,1,30.4,31.2,9.6,0,Two year,DSL,South,None,Mobile,0
C005646,49,64,79.05,0,12.8,38.2,7.1,0,Month-to-month,Fiber,East,None,Desktop,0
C005647,70,69,41.3,2,6.6,5.6,7.7,0,Month-to-month,Fiber,South,Basic,Tablet,0
C005648,37,71,47.35,5,7.1,24.9,8.0,1,Month-to-month,Fiber,East,Premium,Mobile,0
C005649,21,71,90.66,1,17.9,30.1,7.2,0,Two year,Fiber,East,None,Mobile,0
C005650,56,67,37.94,0,12.2,10.5,5.9,0,Month-to-month,DSL,North,None,Desktop,0
C005651,18,54,38.72,2,8.2,32.9,10.0,0,Month-to-month,DSL,East,Basic,Desktop,0
C005652,32,5,72.22,0,12.3,8.8,5.3,0,Month-to-month,DSL,West,None,Tablet,0
C005653,49,34,75.34,3,19.2,39.3,7.8,0,Month-to-month,DSL,East,None,Desktop,0
C005654,41,18,81.5,0,15.5,33.7,5.7,0,Month-to-month,Fiber,West,Basic,Desktop,0
C005655,40,16,61.01,0,12.6,28.7,7.3,0,Month-to-month,Fiber,East,Premium,Mobile,0
C005656,27,60,95.0,3,13.5,40.1,7.8,0,Month-to-month,DSL,South,None,Mobile,0
C005657,42,59,50.45,0,14.9,32.8,6.7,0,Month-to-month,DSL,South,Basic,Mobile,0
C005658,55,38,87.67,1,17.6,36.7,4.9,0,Month-to-month,DSL,West,Premium,Tablet,0
C005659,42,54,77.35,3,18.0,34.4,6.5,1,Month-to-month,Fiber,South,Basic,Desktop,0
C005660,31,10,87.02,1,4.5,20.7,9.1,0,Month-to-month,DSL,East,None,Mobile,0
C005661,26,16,101.55,1,17.2,49.8,4.4,1,Month-to-month,Fiber,East,Basic,Desktop,1
C005662,31,62,60.62,1,13.5,45.9,10.0,0,One year,DSL,South,None,Tablet,0
C005663,47,33,55.47,0,8.9,36.1,7.3,3,Month-to-month,None,South,Premium,Desktop,0
C005664,46,40,29.79,4,13.4,32.8,8.4,0,One year,Fiber,West,Basic,Mobile,0
C005665,32,34,21.52,1,24.1,40.0,5.2,0,One year,Fiber,West,Basic,Mobile,0
C005666,18,15,67.6,2,21.7,46.1,6.8,0,One year,DSL,West,Premium,Mobile,0
C005667,47,60,69.31,1,16.7,53.8,5.9,0,One year,Fiber,East,Basic,Desktop,0
C005668,30,55,44.85,0,9.7,24.5,7.6,0,Month-to-month,None,South,None,Tablet,0
C005669,51,50,50.22,3,6.5,43.5,5.1,0,Two year,Fiber,South,None,Mobile,0
C005670,32,26,110.09,1,9.4,30.0,6.0,0,One year,Fiber,West,Basic,Desktop,0
C005671,29,47,93.9,1,16.1,11.7,10.0,0,Two year,Fiber,West,None,Desktop,0
C005672,44,69,40.46,2,16.2,41.1,8.3,0,Month-to-month,Fiber,North,None,Mobile,0
C005673,73,47,60.94,0,11.4,48.6,7.8,0,One year,None,West,Basic,Mobile,0
C005674,52,36,82.15,0,22.1,42.7,7.8,0,Two year,Fiber,East,Basic,Mobile,0
C005675,44,20,56.34,1,18.7,29.0,9.7,0,Two year,DSL,South,,Desktop,0
C005676,47,38,51.78,2,0.0,35.7,6.9,1,Month-to-month,Fiber,South,Premium,Mobile,0
C005677,19,27,63.54,0,16.8,39.4,8.8,0,Two year,Fiber,East,Basic,Tablet,0
C005678,27,45,99.27,0,21.3,37.9,2.9,0,Month-to-month,None,East,Premium,Desktop,0
C005679,18,4,101.54,6,17.4,45.8,6.9,1,Month-to-month,Fiber,South,Basic,Tablet,0
C005680,64,14,53.61,5,20.1,42.3,6.5,0,Two year,Fiber,South,Premium,Desktop,0
C005681,62,57,83.51,2,14.2,24.1,6.2,0,Month-to-month,Fiber,South,None,Desktop,0
C005682,47,28,71.84,1,15.5,31.3,8.4,0,Month-to-month,DSL,South,Basic,Mobile,0
C005683,44,32,46.79,2,15.7,24.9,6.9,0,Two year,DSL,East,Premium,Mobile,0
C005684,22,40,64.57,1,17.3,32.9,6.8,1,One year,DSL,West,Basic,Mobile,0
C005685,39,32,40.39,4,11.9,8.6,5.7,0,Month-to-month,Fiber,South,Premium,Tablet,0
C005686,65,55,101.08,2,23.6,54.1,6.4,0,One year,Fiber,North,Basic,Mobile,0
C005687,44,18,110.81,0,26.0,21.6,3.5,0,Month-to-month,Fiber,West,None,Mobile,0
C005688,35,55,61.74,1,12.3,24.8,6.5,0,One year,DSL,West,None,Mobile,0
C005689,19,16,55.77,2,7.8,32.0,4.6,0,Month-to-month,Fiber,North,Basic,Tablet,0
C005690,60,27,98.36,0,6.6,14.5,9.9,0,One year,None,West,Premium,Desktop,0
C005691,41,43,102.4,0,18.8,27.0,8.4,0,Month-to-month,Fiber,West,Basic,Mobile,0
C005692,19,64,44.14,0,20.1,33.0,8.7,0,One year,Fiber,West,Basic,Mobile,0
C005693,30,17,68.3,2,18.9,50.8,4.7,0,One year,None,North,Basic,Mobile,0
C005694,25,43,70.53,4,19.5,32.7,8.6,0,One year,Fiber,West,None,Tablet,0
C005695,40,5,52.73,1,12.0,26.1,5.9,0,One year,Fiber,West,Premium,Mobile,0
C005696,45,6,81.65,1,2.1,17.5,7.6,0,One year,Fiber,South,None,Mobile,0
C005697,35,56,54.5,2,12.5,56.7,6.8,0,Two year,Fiber,West,Basic,Mobile,0
C005698,52,52,58.49,1,27.6,31.9,4.6,0,Month-to-month,Fiber,East,None,Desktop,0
C005699,43,28,69.47,3,17.9,32.0,5.2,1,One year,Fiber,South,Basic,Desktop,1
C005700,56,45,34.77,0,19.0,14.5,8.3,0,Month-to-month,Fiber,North,Premium,Mobile,0
C005701,37,28,20.59,3,22.3,37.3,8.2,0,Two year,None,West,None,Desktop,0
C005702,82,20,94.96,3,10.1,23.9,4.6,0,Two year,Fiber,North,Basic,Tablet,0
C005703,35,32,53.49,3,17.6,48.7,9.1,0,Month-to-month,DSL,North,Premium,Tablet,0
C005704,30,23,125.37,1,19.6,36.6,6.4,0,One year,Fiber,South,None,Mobile,0
C005705,29,59,121.3,1,9.5,32.5,,0,One year,DSL,South,Basic,Mobile,0
C005706,39,30,59.34,0,18.5,15.1,,1,Month-to-month,DSL,South,None,Desktop,0
C005707,20,24,130.48,2,25.1,29.8,4.7,1,Month-to-month,DSL,East,None,Mobile,0
C005708,46,39,95.44,0,13.2,28.4,5.8,1,One year,Fiber,West,Basic,Desktop,0
C005709,18,55,55.87,0,3.9,32.5,6.2,0,Month-to-month,Fiber,West,Basic,Desktop,0
C005710,44,20,20.0,0,17.2,7.4,8.0,2,Two year,None,South,None,Desktop,0
C005711,24,68,89.2,3,11.4,20.1,8.6,0,Month-to-month,Fiber,South,Basic,Desktop,0
C005712,37,34,72.78,5,17.3,25.0,9.0,0,Month-to-month,DSL,South,None,Desktop,0
C005713,50,48,82.78,2,10.1,37.0,8.5,0,Month-to-month,Fiber,North,None,Desktop,0
C005714,72,69,66.28,2,16.4,7.8,3.7,0,Month-to-month,Fiber,East,None,Mobile,0
C005715,28,32,43.4,0,24.6,47.6,4.5,1,Month-to-month,None,West,Premium,Desktop,0
C005716,40,15,61.32,2,15.8,45.9,9.1,1,Two year,DSL,West,Basic,Mobile,0
C005717,33,54,89.67,2,4.5,19.1,6.3,0,Month-to-month,Fiber,South,Basic,Mobile,0
C005718,31,1,63.14,1,18.6,60.6,6.9,0,One year,DSL,South,None,Desktop,0
C005719,33,33,62.99,2,16.1,33.9,8.2,0,Month-to-month,Fiber,West,Premium,Desktop,0
C005720,53,71,34.02,1,17.5,29.7,9.4,0,Month-to-month,Fiber,South,Basic,Desktop,0
C005721,36,30,74.28,4,22.8,38.1,7.9,3,One year,None,West,,Mobile,0
C005722,71,50,44.2,1,12.3,36.0,5.6,2,Month-to-month,DSL,East,None,Tablet,0
C005723,47,38,94.96,1,14.0,32.4,,0,Two year,Fiber,West,None,Mobile,0
C005724,29,16,53.65,1,8.8,,5.2,0,Month-to-month,DSL,North,None,Mobile,0
C005725,37,23,64.61,1,17.4,25.8,9.3,0,Month-to-month,DSL,North,None,Desktop,0
C005726,32,38,126.1,1,17.2,35.3,8.6,0,Two year,DSL,East,Basic,Mobile,0
C005727,52,8,64.34,5,14.2,41.0,,0,Month-to-month,Fiber,North,None,Mobile,0
C005728,21,30,60.99,2,21.2,48.3,4.5,0,Two year,Fiber,East,Premium,Tablet,0
C005729,25,30,86.64,0,8.7,25.5,8.7,1,One year,None,West,Premium,Mobile,0
C005730,34,61,27.37,3,16.9,32.0,7.4,0,Month-to-month,Fiber,South,Basic,Desktop,0
C005731,51,9,103.27,1,20.2,23.1,5.7,0,Month-to-month,None,West,Basic,Mobile,1
C005732,58,61,96.85,1,12.2,44.1,7.0,0,Month-to-month,DSL,West,Basic,Desktop,0
C005733,60,30,85.11,0,6.4,,8.0,0,Two year,DSL,South,Basic,Mobile,0
C005734,49,47,20.0,3,4.1,23.9,6.3,0,One year,Fiber,West,Basic,Mobile,0
C005735,41,41,65.51,3,17.1,31.7,5.2,0,Month-to-month,DSL,East,None,Mobile,0
C005736,52,22,40.18,1,27.9,10.9,7.4,1,One year,DSL,South,None,Mobile,0
C005737,27,68,100.1,2,11.7,37.5,7.6,0,Two year,None,North,None,Mobile,0
C005738,18,17,98.31,1,19.2,27.3,3.7,0,Month-to-month,Fiber,North,Premium,Tablet,1
C005739,48,3,81.7,2,0.0,64.2,7.0,0,Month-to-month,Fiber,East,Premium,Mobile,1
C005740,29,55,41.92,1,18.6,23.6,5.6,0,One year,DSL,East,None,Mobile,0
C005741,41,45,109.36,1,8.4,27.8,8.0,0,Two year,DSL,East,Premium,Desktop,0
C005742,44,65,65.44,4,13.2,43.2,4.0,0,One year,DSL,North,Basic,Mobile,0
C005743,45,33,117.13,2,16.6,40.4,4.8,0,One year,DSL,South,Premium,Tablet,0
C005744,54,2,78.63,0,4.4,43.4,2.9,0,Month-to-month,DSL,West,Basic,Desktop,0
C005745,53,2,84.67,0,38.0,27.6,7.8,0,Month-to-month,DSL,North,None,Mobile,0
C005746,45,32,60.49,2,11.8,,4.4,1,One year,DSL,West,None,Desktop,0
C005747,36,18,107.17,0,20.2,63.0,4.7,0,One year,None,South,Premium,Mobile,0
C005748,43,67,87.21,2,26.4,37.2,6.9,0,Month-to-month,Fiber,East,Basic,Mobile,0
C005749,34,9,108.07,1,18.1,33.7,6.8,0,Two year,Fiber,West,Premium,Mobile,0
C005750,39,64,76.44,0,7.4,40.7,8.2,1,Month-to-month,DSL,West,None,Mobile,0
C005751,76,16,70.82,1,16.7,15.4,8.4,1,Month-to-month,None,North,None,Tablet,0
C005752,44,9,86.88,0,3.1,25.5,9.1,0,One year,Fiber,North,Basic,Desktop,0
C005753,48,20,108.06,0,13.7,18.5,10.0,0,Two year,Fiber,South,,Desktop,0
C005754,33,11,97.42,0,27.7,33.0,9.0,0,Month-to-month,DSL,East,None,Mobile,0
C005755,55,29,75.46,2,6.1,14.5,7.7,0,Month-to-month,Fiber,North,Premium,Desktop,1
C005756,52,24,25.57,1,10.2,39.1,7.5,2,Month-to-month,DSL,South,Basic,Mobile,0
C005757,52,39,92.26,2,29.0,45.2,8.2,0,One year,Fiber,South,None,Mobile,0
C005758,45,39,36.03,1,14.8,44.8,3.5,0,Month-to-month,DSL,West,Premium,Mobile,0
C005759,55,1,72.88,0,9.7,36.3,6.8,0,Month-to-month,DSL,West,None,Tablet,0
C005760,59,9,69.11,2,18.7,,3.8,0,Month-to-month,DSL,South,Basic,Mobile,1
C005761,46,12,36.56,2,12.7,26.0,5.8,1,Two year,Fiber,West,None,Tablet,1
C005762,41,15,81.31,0,0.0,36.4,4.4,2,Month-to-month,Fiber,South,None,Tablet,0
C005763,54,7,125.86,1,6.5,29.7,7.8,1,Month-to-month,Fiber,East,None,Mobile,1
C005764,30,23,64.18,1,30.4,8.6,8.2,1,Month-to-month,DSL,South,Premium,Tablet,0
C005765,33,40,91.15,0,18.3,23.6,9.3,1,Month-to-month,Fiber,North,None,Mobile,0
C005766,41,23,130.89,3,26.2,40.5,5.4,0,Two year,DSL,West,None,Tablet,0
C005767,19,24,93.57,4,8.8,17.5,5.9,0,One year,DSL,North,Basic,Mobile,0
C005768,53,34,55.88,1,15.6,17.3,9.0,0,One year,None,North,None,Desktop,0
C005769,29,40,77.93,6,14.8,28.6,6.2,0,Month-to-month,Fiber,South,Basic,Desktop,0
C005770,36,24,84.02,3,12.2,5.0,5.8,0,Month-to-month,Fiber,East,None,Desktop,0
C005771,39,16,107.85,1,17.5,,8.4,1,Month-to-month,DSL,West,Premium,Mobile,0
C005772,43,30,102.35,3,8.2,38.7,8.0,0,Month-to-month,DSL,North,Premium,Mobile,0
C005773,38,2,20.0,1,24.5,42.4,8.8,0,Month-to-month,None,South,Basic,Mobile,0
C005774,41,36,50.59,3,19.3,33.7,8.0,0,Month-to-month,DSL,West,Basic,Desktop,0
C005775,41,68,70.25,1,14.8,20.8,6.4,0,One year,Fiber,East,Basic,Mobile,0
C005776,36,29,46.62,2,16.9,16.2,9.6,0,Month-to-month,Fiber,North,None,Tablet,0
C005777,32,8,20.0,2,13.9,37.6,8.7,1,Two year,None,West,None,Mobile,0
C005778,56,51,53.86,3,3.9,39.6,7.1,2,Month-to-month,DSL,West,Premium,Mobile,0
C005779,18,10,71.91,3,9.1,17.6,8.7,0,Month-to-month,DSL,North,None,Tablet,0
C005780,39,14,58.87,0,14.7,16.0,7.1,0,Month-to-month,DSL,South,Basic,Mobile,0
C005781,36,11,47.08,2,13.5,30.8,5.4,0,One year,Fiber,South,None,Desktop,0
C005782,47,64,73.04,2,20.5,32.6,7.3,0,One year,Fiber,West,Basic,Desktop,0
C005783,23,71,80.58,0,19.9,42.2,10.0,1,Two year,Fiber,East,None,Mobile,0
C005784,36,42,60.29,0,12.1,38.9,9.0,0,Month-to-month,DSL,South,Premium,Tablet,0
C005785,41,45,106.29,0,9.3,30.0,7.8,0,Month-to-month,Fiber,West,Basic,Desktop,0
C005786,56,47,73.44,1,21.3,43.4,5.5,0,Two year,DSL,North,None,Desktop,0
C005787,46,44,50.21,2,17.3,26.8,5.0,0,Month-to-month,None,East,None,Mobile,0
C005788,27,40,43.89,3,11.6,27.3,6.7,0,One year,DSL,East,None,Mobile,0
C005789,36,72,66.68,2,8.0,41.2,6.0,0,Two year,DSL,West,Basic,Mobile,0
C005790,54,53,99.84,1,11.3,42.5,7.1,0,Month-to-month,Fiber,North,None,Mobile,0
C005791,26,7,51.41,2,18.7,42.8,7.4,0,Month-to-month,None,South,None,Desktop,0
C005792,41,29,86.9,3,27.8,28.8,4.5,0,One year,Fiber,West,Premium,Mobile,0
C005793,42,71,74.36,1,14.5,31.9,5.6,0,One year,DSL,South,None,Mobile,0
C005794,37,30,121.83,1,10.2,20.6,6.5,0,Month-to-month,Fiber,North,None,Desktop,0
C005795,77,15,81.76,2,31.1,41.8,7.9,0,Two year,Fiber,North,Basic,Desktop,0
C005796,37,63,54.54,3,13.4,23.9,8.0,0,One year,Fiber,South,,Desktop,0
C005797,48,45,90.41,2,10.4,7.0,5.2,1,Month-to-month,Fiber,South,Premium,Tablet,0
C005798,32,41,91.25,1,13.1,25.7,4.9,0,Month-to-month,None,West,Basic,Mobile,0
C005799,49,31,62.07,3,12.8,20.7,5.4,0,Two year,DSL,South,None,Desktop,0
C005800,53,9,42.9,0,24.9,3.0,8.5,0,Two year,DSL,East,Basic,Desktop,0
C005801,34,28,85.4,1,4.3,24.1,6.2,2,Month-to-month,DSL,South,None,Mobile,1
C005802,41,32,73.59,2,20.2,40.4,7.3,0,Month-to-month,DSL,North,Premium,Mobile,0
C005803,30,68,34.09,2,15.9,36.0,7.9,0,Month-to-month,Fiber,East,None,Mobile,0
C005804,27,23,78.36,2,12.1,35.9,9.3,0,Month-to-month,DSL,South,Basic,Mobile,0
C005805,55,11,56.08,3,13.6,48.1,4.9,0,Month-to-month,Fiber,North,Basic,Mobile,0
C005806,35,31,34.11,1,14.2,24.1,9.3,0,Two year,Fiber,North,Basic,Desktop,0
C005807,18,72,63.2,1,16.6,17.3,8.1,1,Month-to-month,Fiber,West,None,Mobile,0
C005808,65,35,104.07,2,12.8,36.9,10.0,0,Month-to-month,Fiber,West,None,Tablet,0
C005809,32,28,102.2,0,15.5,35.3,9.6,0,Two year,Fiber,North,None,Mobile,0
C005810,39,49,95.67,2,10.6,15.8,7.3,0,Month-to-month,DSL,North,,Mobile,0
C005811,63,47,78.73,2,31.3,28.9,5.8,1,Month-to-month,Fiber,West,Basic,Tablet,0
C005812,40,22,86.89,1,23.1,37.5,8.3,0,Month-to-month,Fiber,West,None,Mobile,0
C005813,40,70,74.47,2,19.4,34.3,5.1,0,Month-to-month,Fiber,South,None,Desktop,0
C005814,26,43,44.37,4,12.9,39.8,7.5,0,Month-to-month,DSL,West,None,Mobile,0
C005815,21,5,49.36,3,21.8,22.9,5.8,0,Month-to-month,DSL,North,Basic,Mobile,0
C005816,40,30,56.82,3,18.1,14.0,6.7,0,One year,Fiber,North,None,Mobile,0
C005817,47,67,107.03,0,16.8,20.0,3.2,0,Month-to-month,Fiber,East,Basic,Tablet,0
C005818,46,29,98.92,0,12.3,41.4,6.9,0,One year,Fiber,West,None,Desktop,0
C005819,36,41,45.0,4,17.9,43.4,7.3,1,Month-to-month,Fiber,North,None,Desktop,0
C005820,42,45,73.33,1,27.8,29.0,6.1,0,Two year,Fiber,East,Basic,Desktop,0
C005821,18,51,61.93,2,16.6,49.2,6.9,1,Two year,Fiber,East,Basic,Mobile,0
C005822,48,63,68.12,0,14.2,29.1,5.1,0,Month-to-month,None,West,Premium,Mobile,0
C005823,44,11,58.6,1,16.7,24.9,8.5,0,Two year,DSL,West,Basic,Desktop,0
C005824,68,38,107.14,2,16.3,14.1,7.1,0,Month-to-month,DSL,East,Basic,Mobile,0
C005825,42,39,71.53,0,12.2,30.1,10.0,0,Month-to-month,DSL,East,None,Desktop,0
C005826,30,11,77.4,3,10.8,43.7,7.6,1,Month-to-month,None,North,Basic,Desktop,0
C005827,41,49,77.61,3,21.6,46.2,7.8,1,Two year,DSL,West,None,Desktop,0
C005828,38,9,46.31,2,24.4,43.8,6.3,0,Month-to-month,DSL,North,None,Tablet,1
C005829,48,33,74.71,2,31.9,37.0,9.2,0,Month-to-month,None,South,Basic,Tablet,0
C005830,42,24,98.56,1,19.2,50.2,6.3,1,One year,DSL,North,None,Mobile,0
C005831,26,12,108.82,1,16.8,19.4,10.0,2,Two year,Fiber,East,None,Tablet,0
C005832,21,60,43.3,2,22.3,45.2,10.0,0,Two year,Fiber,North,Basic,Mobile,0
C005833,45,18,34.03,0,9.6,34.4,6.2,0,Two year,DSL,South,Basic,Desktop,0
C005834,60,19,73.55,2,20.5,33.5,6.6,0,Month-to-month,Fiber,East,None,Desktop,0
C005835,43,62,99.73,1,23.3,13.9,5.8,0,Month-to-month,Fiber,South,None,Mobile,0
C005836,53,64,80.99,1,23.2,35.1,4.7,0,Month-to-month,Fiber,East,Basic,Desktop,0
C005837,55,3,89.01,1,27.7,44.8,7.6,1,One year,DSL,West,Basic,Mobile,0
C005838,45,21,37.99,2,11.8,5.5,7.1,0,Two year,Fiber,South,Basic,Mobile,0
C005839,31,52,57.7,2,12.6,40.5,8.3,0,Two year,DSL,South,None,Desktop,0
C005840,45,57,20.0,0,14.5,3.6,7.0,0,One year,None,West,Basic,Desktop,0
C005841,58,72,68.44,2,8.2,14.0,8.7,1,One year,Fiber,North,None,Mobile,0
C005842,49,40,20.0,4,19.8,29.9,7.0,0,Two year,None,South,Basic,Desktop,0
C005843,52,1,105.32,2,20.7,,6.7,0,Month-to-month,Fiber,West,Premium,Mobile,1
C005844,36,63,110.87,1,19.9,29.5,7.3,0,One year,Fiber,North,Basic,Mobile,0
C005845,39,12,75.52,2,17.0,36.6,8.5,1,Two year,DSL,South,Basic,Mobile,0
C005846,40,9,34.19,1,23.0,20.1,6.4,0,Month-to-month,DSL,West,Basic,Mobile,1
C005847,41,49,81.39,1,20.0,28.7,8.7,0,Month-to-month,Fiber,West,None,Mobile,0
C005848,57,44,118.48,2,11.8,30.3,5.8,0,Two year,DSL,East,None,Desktop,0
C005849,18,5,83.89,2,0.0,50.6,6.5,0,Two year,None,South,Basic,Desktop,0
C005850,42,13,101.62,0,13.7,22.0,3.7,0,One year,None,West,None,Desktop,0
C005851,41,43,59.87,2,16.3,23.1,6.5,0,Month-to-month,DSL,South,Basic,Mobile,0
C005852,24,19,50.22,1,16.3,43.9,5.1,0,Month-to-month,Fiber,South,Basic,Desktop,0
C005853,51,50,70.23,4,14.7,28.0,8.1,0,Month-to-month,Fiber,West,Premium,Desktop,0
C005854,33,30,23.83,0,12.2,32.4,8.0,0,Month-to-month,DSL,East,Basic,Mobile,0
C005855,37,43,128.6,2,10.1,36.2,9.3,0,Month-to-month,Fiber,West,Premium,Desktop,0
C005856,66,35,75.49,2,8.8,23.4,10.0,0,Month-to-month,Fiber,South,Premium,Mobile,0
C005857,55,27,93.67,1,19.0,6.4,6.8,0,One year,Fiber,North,None,Mobile,0
C005858,49,25,60.46,2,23.6,43.9,5.8,0,One year,Fiber,West,Basic,Mobile,0
C005859,47,51,33.42,1,7.2,32.4,7.9,0,Month-to-month,DSL,South,None,Mobile,0
C005860,40,38,107.65,3,15.6,15.7,6.4,0,Month-to-month,Fiber,West,Basic,Desktop,0
C005861,68,43,43.9,0,21.5,40.3,6.0,0,Month-to-month,Fiber,South,None,Desktop,0
C005862,52,42,80.72,0,14.7,55.1,7.1,1,Month-to-month,DSL,South,Premium,Mobile,0
C005863,32,15,83.08,1,21.0,45.3,6.0,0,Two year,None,East,Premium,Desktop,0
C005864,24,66,73.85,1,23.5,56.0,10.0,0,Month-to-month,None,West,Basic,Mobile,0
C005865,49,41,52.39,5,18.8,16.3,6.6,0,Month-to-month,None,East,None,Mobile,0
C005866,41,52,68.26,1,12.5,34.0,7.0,1,Two year,Fiber,South,Basic,Desktop,0
C005867,23,64,48.25,1,25.2,35.3,8.6,1,Month-to-month,DSL,East,None,Mobile,0
C005868,48,67,92.23,3,14.1,29.6,10.0,1,Month-to-month,Fiber,North,Premium,Desktop,0
C005869,39,49,86.29,1,14.1,27.1,6.7,0,One year,Fiber,East,None,Desktop,0
C005870,49,57,71.46,0,19.6,3.0,3.7,0,Two year,None,East,Premium,Mobile,0
C005871,48,34,57.79,0,13.9,51.3,7.0,0,Two year,Fiber,North,Premium,Mobile,0
C005872,34,54,124.68,3,14.4,11.6,4.0,1,Month-to-month,DSL,East,Basic,Desktop,0
C005873,50,24,39.45,3,13.4,41.8,6.2,0,Month-to-month,Fiber,East,Premium,Tablet,0
C005874,36,52,33.38,0,14.7,31.1,9.8,1,Month-to-month,Fiber,West,Basic,Mobile,0
C005875,36,7,69.95,0,17.4,30.6,5.7,0,Month-to-month,None,South,None,Desktop,0
C005876,35,66,65.55,1,2.2,28.5,5.2,0,Two year,Fiber,East,Premium,Tablet,0
C005877,57,18,99.44,3,15.3,33.4,8.6,0,One year,DSL,West,Basic,Desktop,0
C005878,38,48,88.15,2,3.6,38.7,6.7,0,Two year,Fiber,North,None,Mobile,0
C005879,60,1,72.74,0,13.2,42.4,9.3,0,Month-to-month,DSL,East,Basic,Desktop,0
C005880,65,12,84.51,2,18.4,29.5,6.6,0,One year,DSL,West,None,Mobile,0
C005881,32,72,84.05,2,13.7,16.5,8.3,0,Month-to-month,None,South,Premium,Mobile,0
C005882,18,61,124.59,2,20.9,16.1,4.3,0,Month-to-month,Fiber,North,None,Desktop,0
C005883,56,17,78.33,1,18.4,43.5,5.4,2,One year,DSL,West,Premium,Desktop,0
C005884,38,10,54.97,2,0.9,27.7,,1,Month-to-month,Fiber,North,Basic,Tablet,0
C005885,31,59,76.96,3,24.4,18.7,6.4,1,Two year,DSL,North,Premium,Desktop,0
C005886,34,72,20.0,1,17.7,22.1,10.0,0,One year,Fiber,West,None,Desktop,0
C005887,37,13,71.18,0,12.0,29.9,8.9,0,Month-to-month,Fiber,East,None,Desktop,0
C005888,59,48,99.32,0,12.7,15.6,8.9,1,Month-to-month,DSL,East,Basic,Tablet,0
C005889,44,21,87.05,0,1.4,30.6,6.8,0,Two year,DSL,East,Basic,Desktop,0
C005890,59,54,79.46,1,17.5,46.0,4.6,0,Month-to-month,Fiber,West,Basic,Mobile,0
C005891,48,31,88.23,1,20.6,29.6,10.0,3,One year,None,East,Basic,Desktop,0
C005892,38,10,99.58,0,11.2,9.8,4.2,0,Month-to-month,None,South,None,Desktop,0
C005893,37,24,107.63,1,9.7,41.4,6.1,0,One year,DSL,West,None,Tablet,0
C005894,49,39,83.19,0,17.0,44.3,8.1,1,Month-to-month,Fiber,North,None,Mobile,0
C005895,53,58,64.1,1,24.4,45.0,10.0,0,Month-to-month,DSL,South,Premium,Mobile,0
C005896,55,2,20.0,1,23.6,31.7,10.0,0,Month-to-month,None,North,None,Mobile,0
C005897,39,69,96.45,1,21.8,59.0,8.2,0,Month-to-month,Fiber,West,None,Desktop,0
C005898,44,47,84.88,3,30.1,39.8,10.0,0,Two year,None,South,None,Mobile,0
C005899,50,64,75.82,2,22.5,66.9,6.2,0,Two year,Fiber,South,Basic,Tablet,0
C005900,37,67,54.8,2,24.1,47.2,7.9,0,Two year,DSL,North,None,Tablet,0
C005901,27,12,96.13,1,16.6,45.4,9.7,0,One year,Fiber,West,Premium,Tablet,0
C005902,32,7,65.57,4,13.6,23.5,4.6,1,Month-to-month,None,West,Premium,Desktop,0
C005903,39,56,71.14,2,23.9,19.6,7.8,1,Two year,None,East,Premium,Desktop,0
C005904,51,14,70.6,3,9.1,32.4,7.9,0,Two year,Fiber,West,None,Mobile,1
C005905,58,11,83.25,1,19.0,28.7,7.8,0,Month-to-month,DSL,North,Premium,Tablet,0
C005906,24,34,43.28,3,11.7,24.5,5.2,0,Month-to-month,DSL,South,Basic,Mobile,0
C005907,34,66,86.06,2,18.4,29.4,7.9,0,Month-to-month,DSL,East,None,Mobile,0
C005908,37,58,53.98,3,17.9,28.6,7.6,0,Month-to-month,DSL,North,Basic,Tablet,0
C005909,52,38,54.85,1,17.1,23.3,6.1,0,One year,Fiber,East,Basic,Desktop,0
C005910,35,15,94.13,0,15.9,38.9,8.5,0,Two year,Fiber,West,Basic,Desktop,0
C005911,36,25,47.12,2,19.7,22.0,9.5,0,Two year,DSL,South,None,Desktop,0
C005912,24,50,94.09,1,20.8,30.5,5.8,1,Month-to-month,None,East,Premium,Mobile,0
C005913,48,12,74.53,1,6.2,16.4,8.0,1,One year,Fiber,East,Basic,Mobile,0
C005914,40,38,30.79,0,15.7,32.2,9.6,1,Month-to-month,Fiber,South,None,Mobile,0
C005915,33,1,106.11,0,13.1,33.4,9.6,0,Month-to-month,Fiber,East,None,Mobile,0
C005916,39,24,79.76,2,17.4,19.5,6.8,0,Month-to-month,Fiber,East,Basic,Mobile,0
C005917,57,18,81.85,0,13.1,31.8,9.0,0,Two year,None,North,None,Desktop,0
C005918,29,50,97.18,3,24.9,29.8,,0,Month-to-month,Fiber,East,None,Mobile,0
C005919,31,66,109.48,3,15.5,25.5,8.6,0,One year,Fiber,East,Basic,Desktop,0
C005920,58,11,77.03,0,22.9,25.6,5.8,0,One year,None,East,None,Mobile,0
C005921,43,58,87.43,0,9.3,36.4,4.4,0,Month-to-month,Fiber,West,Basic,Mobile,0
C005922,51,48,81.28,3,14.0,31.3,8.1,0,One year,DSL,East,Basic,Desktop,0
C005923,47,70,63.43,0,11.7,42.5,8.7,0,Month-to-month,DSL,West,Premium,Desktop,0
C005924,42,66,32.41,1,18.8,18.6,8.4,0,Month-to-month,None,South,Basic,Mobile,0
C005925,37,8,77.37,0,7.7,28.7,5.6,0,Month-to-month,None,North,Premium,Mobile,0
C005926,53,54,106.47,1,4.0,23.6,2.6,0,Month-to-month,None,South,Basic,Mobile,1
C005927,57,43,86.58,1,11.6,31.7,8.7,0,Month-to-month,Fiber,West,Basic,Desktop,0
C005928,56,9,45.31,3,19.9,34.2,9.7,0,Month-to-month,Fiber,West,Premium,Mobile,0
C005929,27,19,99.44,2,10.3,16.8,3.7,0,Two year,Fiber,South,Premium,Desktop,0
C005930,59,67,64.26,2,17.9,38.1,6.6,0,Month-to-month,Fiber,West,None,Mobile,0
C005931,37,40,20.0,2,11.5,57.0,5.4,1,Two year,Fiber,East,None,Mobile,0
C005932,32,25,97.45,1,3.7,33.0,7.5,1,Month-to-month,None,North,None,Mobile,0
C005933,40,24,48.37,3,22.0,20.6,9.5,1,Month-to-month,DSL,South,Basic,Mobile,0
C005934,53,61,116.52,0,20.5,27.5,6.7,0,Month-to-month,Fiber,North,None,Mobile,0
C005935,49,21,100.69,1,15.7,27.1,6.2,0,Month-to-month,Fiber,West,None,Mobile,0
C005936,39,12,66.31,0,16.3,23.0,7.8,0,One year,Fiber,West,None,Mobile,0
C005937,53,42,83.48,1,14.5,39.7,3.3,0,Month-to-month,None,South,Basic,Desktop,1
C005938,44,72,132.6,2,8.8,9.1,8.6,0,Month-to-month,Fiber,East,None,Mobile,0
C005939,35,14,97.0,2,25.1,34.3,9.0,2,Month-to-month,Fiber,West,None,Tablet,0
C005940,33,19,77.96,2,15.3,46.5,7.1,0,Month-to-month,Fiber,North,Premium,Mobile,0
C005941,47,34,144.23,4,18.5,45.7,6.3,0,One year,Fiber,East,None,Mobile,0
C005942,41,15,74.94,1,12.5,43.3,6.6,0,Month-to-month,DSL,West,Basic,Mobile,0
C005943,24,47,86.55,5,19.1,23.1,6.6,0,Two year,Fiber,East,Basic,Desktop,0
C005944,53,19,48.59,1,24.0,48.5,7.0,0,Month-to-month,DSL,North,Basic,Mobile,0
C005945,36,10,30.13,2,17.2,35.4,4.3,0,Two year,Fiber,East,Premium,Mobile,0
C005946,63,19,64.8,6,18.5,48.1,7.8,0,One year,Fiber,South,Basic,Desktop,0
C005947,24,68,72.96,1,22.1,44.0,6.4,0,One year,Fiber,South,Premium,Desktop,0
C005948,40,68,80.23,1,21.0,34.8,7.1,2,One year,DSL,North,Basic,Mobile,0
C005949,33,37,36.51,0,23.3,28.1,6.1,0,Month-to-month,Fiber,West,Basic,Tablet,0
C005950,29,29,88.52,1,18.2,59.4,7.8,1,One year,Fiber,East,None,Mobile,0
C005951,36,60,51.24,2,18.2,9.6,9.5,0,Month-to-month,DSL,North,Basic,Desktop,0
C005952,65,14,87.22,0,17.7,28.9,7.5,1,Month-to-month,Fiber,West,Basic,Desktop,0
C005953,44,48,95.37,1,22.1,14.1,4.2,0,Month-to-month,Fiber,East,None,Tablet,0
C005954,32,49,62.11,3,13.0,32.4,7.1,0,Month-to-month,Fiber,North,Basic,Mobile,0
C005955,18,52,47.9,3,19.7,35.3,7.5,0,Month-to-month,DSL,East,Basic,Mobile,0
C005956,20,16,110.59,2,32.1,23.3,7.0,0,Two year,Fiber,East,None,Mobile,0
C005957,35,52,93.82,1,18.5,24.2,5.7,2,One year,Fiber,South,None,Mobile,0
C005958,34,45,75.8,2,7.6,15.2,7.0,1,One year,Fiber,North,None,Mobile,0
C005959,39,64,108.71,0,14.0,36.4,8.6,0,One year,None,East,None,Mobile,0
C005960,18,13,74.08,1,20.3,25.4,6.6,0,Month-to-month,Fiber,West,Basic,Mobile,0
C005961,41,45,56.49,3,11.3,36.1,,0,One year,None,South,None,Mobile,0
C005962,55,60,46.96,1,9.2,24.7,5.9,0,One year,Fiber,North,None,Mobile,0
C005963,63,21,69.31,1,6.3,34.0,5.2,0,One year,Fiber,South,Basic,Mobile,0
C005964,18,54,91.29,2,14.5,39.9,,0,One year,Fiber,West,Basic,Mobile,0
C005965,32,8,106.74,3,27.3,36.7,3.4,0,Month-to-month,None,West,Basic,Desktop,1
C005966,31,52,72.59,2,12.3,33.5,7.1,0,Month-to-month,Fiber,South,Basic,Mobile,0
C005967,44,44,102.33,2,22.1,29.8,6.5,0,One year,Fiber,East,Basic,Mobile,1
C005968,26,14,66.64,1,14.0,36.7,8.3,0,Month-to-month,None,East,Premium,Desktop,0
C005969,64,5,52.46,0,13.3,23.8,4.0,0,Month-to-month,None,East,Basic,Mobile,0
C005970,43,54,39.34,1,19.6,28.7,8.5,0,One year,None,South,None,Desktop,0
C005971,40,18,59.34,1,5.3,35.2,7.4,0,Month-to-month,Fiber,South,Premium,Desktop,0
C005972,63,36,40.28,3,27.7,49.4,10.0,3,Month-to-month,Fiber,North,Basic,Tablet,0
C005973,42,5,122.24,0,19.8,23.7,6.8,1,Month-to-month,Fiber,West,Basic,Desktop,0
C005974,47,70,82.98,0,23.4,20.4,7.7,0,Month-to-month,DSL,North,Basic,Mobile,0
C005975,32,40,69.61,1,14.2,34.4,8.2,1,One year,DSL,West,Premium,Mobile,0
C005976,24,68,115.05,2,19.5,45.5,3.4,0,One year,DSL,South,None,Mobile,0
C005977,34,12,39.44,4,22.5,40.7,9.1,1,Month-to-month,DSL,North,Premium,Mobile,0
C005978,70,15,68.57,1,15.4,31.3,6.9,0,Month-to-month,Fiber,West,None,Desktop,0
C005979,50,44,121.99,3,9.9,45.7,4.8,0,Month-to-month,None,North,Premium,Mobile,0
C005980,46,44,68.4,0,9.4,9.3,7.0,0,Month-to-month,Fiber,South,Premium,Mobile,0
C005981,29,57,133.17,1,13.0,43.1,9.2,0,Month-to-month,Fiber,North,None,Mobile,0
C005982,54,67,91.64,2,17.6,27.2,6.5,0,Two year,Fiber,South,Basic,Desktop,0
C005983,24,60,104.65,1,14.9,38.6,7.3,0,One year,DSL,East,Basic,Desktop,0
C005984,22,11,105.37,1,12.6,43.1,3.5,0,Month-to-month,Fiber,North,Basic,Desktop,1
C005985,35,23,72.04,1,20.7,33.3,5.6,2,Month-to-month,Fiber,North,Premium,Desktop,0
C005986,67,66,59.79,4,12.8,31.8,8.4,0,Month-to-month,DSL,North,Basic,Desktop,0
C005987,67,40,69.11,2,11.8,26.3,9.0,1,One year,DSL,South,Basic,Mobile,0
C005988,36,63,47.33,3,22.6,51.3,7.5,1,Month-to-month,DSL,North,None,Mobile,0
C005989,33,41,70.35,1,19.9,35.1,8.2,0,Two year,Fiber,West,Basic,Mobile,0
C005990,21,4,71.89,2,7.4,33.7,6.4,0,One year,Fiber,North,None,Desktop,0
C005991,43,35,114.23,0,6.7,49.1,7.1,0,Month-to-month,Fiber,North,None,Mobile,0
C005992,44,60,86.83,2,8.2,25.0,5.2,0,Month-to-month,DSL,South,,Desktop,0
C005993,52,48,131.07,1,15.8,28.0,6.2,0,Month-to-month,DSL,South,None,Mobile,0
C005994,54,10,20.0,0,24.2,42.2,7.0,1,Month-to-month,DSL,South,None,Mobile,1
C005995,39,16,41.57,3,26.1,52.3,4.3,0,Two year,DSL,East,None,Desktop,0
C005996,49,62,63.12,1,21.3,31.5,,1,One year,Fiber,South,None,Desktop,0
C005997,33,71,109.31,0,29.4,35.6,5.8,0,Month-to-month,DSL,North,None,Mobile,0
C005998,49,55,69.26,2,17.4,11.9,7.5,1,Month-to-month,Fiber,North,Basic,Mobile,0
C005999,35,8,35.3,1,23.8,46.4,4.8,1,One year,Fiber,North,Basic,Mobile,0
C006000,48,45,65.87,1,12.0,18.0,1.7,0,Two year,Fiber,West,None,Mobile,0
C006001,47,60,42.06,2,5.1,,,0,Month-to-month,None,East,Premium,Desktop,0
C006002,43,47,37.16,0,13.8,33.3,7.2,1,One year,Fiber,East,Basic,Mobile,0
C006003,52,43,121.97,2,15.1,23.2,,1,Two year,Fiber,South,None,Mobile,0
C006004,22,34,63.21,1,34.1,7.7,5.3,0,One year,Fiber,South,Premium,Mobile,0
C006005,28,18,76.33,2,16.0,16.2,10.0,1,One year,DSL,South,Basic,Desktop,0
C006006,38,21,69.68,2,8.9,32.2,8.0,1,Two year,Fiber,South,None,Mobile,0
C006007,23,54,65.71,0,22.8,49.0,2.5,0,Month-to-month,DSL,East,Basic,Mobile,0
C006008,37,6,50.98,0,10.7,48.0,6.2,0,Month-to-month,Fiber,North,Basic,Mobile,0
C006009,37,7,64.23,3,17.0,35.6,6.8,1,Month-to-month,Fiber,West,Premium,Mobile,0
C006010,59,29,80.43,1,22.1,32.9,8.0,0,Month-to-month,Fiber,East,Basic,Mobile,0
C006011,44,56,107.47,1,9.5,40.6,7.1,0,Two year,None,West,None,Mobile,0
C006012,55,48,95.69,0,26.6,46.9,4.0,0,One year,None,South,Basic,Tablet,0
C006013,46,43,41.52,2,23.9,32.4,6.0,0,One year,Fiber,South,Premium,Mobile,0
C006014,35,39,96.71,2,18.5,32.8,5.5,0,Month-to-month,DSL,North,Basic,Mobile,0
C006015,44,8,83.89,1,28.3,33.4,8.4,0,One year,Fiber,North,Basic,Mobile,0
C006016,51,24,56.38,1,13.3,43.1,6.1,0,One year,Fiber,West,None,Mobile,0
C006017,58,6,76.55,1,21.6,14.6,6.1,1,Month-to-month,Fiber,North,Premium,Mobile,0
C006018,40,55,86.31,1,18.0,31.2,6.6,0,Month-to-month,DSL,East,Basic,Mobile,0
C006019,21,55,73.18,0,11.5,35.8,5.5,0,One year,Fiber,South,None,Mobile,0
C006020,20,19,84.01,1,11.7,8.3,9.8,1,Two year,Fiber,North,None,Tablet,0
C006021,38,22,50.43,1,30.2,42.0,9.1,0,One year,Fiber,North,None,Mobile,0
C006022,18,23,121.82,3,23.4,43.9,9.2,0,Month-to-month,None,North,Basic,Tablet,0
C006023,65,65,23.77,0,22.2,7.6,4.9,0,Two year,None,East,Premium,Desktop,0
C006024,50,36,86.45,2,11.6,26.0,7.7,0,Two year,Fiber,West,None,Mobile,0
C006025,34,55,81.17,0,21.0,26.4,8.5,0,One year,None,East,None,Mobile,0
C006026,28,33,88.07,2,13.4,20.3,5.3,0,One year,Fiber,North,None,Tablet,0
C006027,55,51,54.29,1,27.9,22.0,5.0,0,Month-to-month,DSL,West,Basic,Mobile,1
C006028,28,39,101.23,0,24.5,24.7,5.3,0,One year,DSL,East,None,Desktop,0
C006029,29,21,69.3,2,22.4,38.3,,0,Two year,DSL,East,Premium,Tablet,0
C006030,32,64,42.34,1,21.7,46.0,9.0,1,One year,DSL,West,Basic,Mobile,0
C006031,43,52,44.63,4,15.4,37.6,8.8,0,Two year,Fiber,South,Basic,Desktop,0
C006032,50,56,75.12,4,19.4,20.0,6.5,1,Month-to-month,DSL,West,None,Mobile,0
C006033,58,69,32.09,0,26.8,40.5,7.0,0,Month-to-month,None,North,Basic,Mobile,0
C006034,56,18,117.01,0,19.3,38.2,5.9,0,Two year,DSL,North,Premium,Desktop,0
C006035,42,7,98.22,1,10.1,3.0,10.0,0,Two year,None,West,Basic,Desktop,0
C006036,55,42,117.67,1,24.8,45.9,6.3,0,Month-to-month,Fiber,West,None,Tablet,0
C006037,33,24,115.04,0,11.2,32.6,6.1,0,Two year,DSL,North,Premium,Tablet,0
C006038,18,32,63.2,1,15.8,33.0,6.9,0,Month-to-month,DSL,East,None,Mobile,0
C006039,33,17,50.27,0,12.7,10.1,4.7,0,Month-to-month,DSL,North,Basic,Mobile,0
C006040,32,29,20.0,0,0.0,50.4,7.6,1,Month-to-month,DSL,South,Basic,Mobile,0
C006041,34,29,61.84,2,17.2,35.0,9.7,0,Two year,Fiber,North,None,Desktop,0
C006042,30,26,116.14,0,31.2,40.3,6.8,0,Two year,DSL,West,None,Mobile,0
C006043,36,54,51.3,2,18.2,,8.5,1,Month-to-month,Fiber,West,Basic,Mobile,0
C006044,50,43,66.75,1,36.7,37.1,3.6,0,Two year,Fiber,East,None,Mobile,0
C006045,64,35,58.14,0,14.9,37.4,5.4,0,Month-to-month,Fiber,East,Basic,Desktop,0
C006046,20,9,81.37,1,17.6,29.1,7.3,0,Two year,Fiber,South,Basic,Mobile,0
C006047,25,42,104.15,1,15.3,15.5,3.8,0,Two year,DSL,North,Basic,Mobile,0
C006048,32,13,33.52,0,16.4,30.3,7.7,0,One year,Fiber,East,Basic,Mobile,0
C006049,52,23,38.31,2,18.6,19.5,6.5,1,Month-to-month,Fiber,North,None,Mobile,0
C006050,39,30,109.17,4,26.6,22.6,7.6,0,Month-to-month,DSL,North,Premium,Mobile,0
C006051,33,11,90.33,3,10.1,44.9,6.7,1,Month-to-month,Fiber,West,None,Desktop,0
C006052,51,29,65.52,3,16.1,32.0,6.8,0,Month-to-month,Fiber,East,Basic,Mobile,0
C006053,54,20,114.68,1,20.3,30.0,2.4,0,Month-to-month,DSL,East,Premium,Desktop,0
C006054,42,62,37.87,3,25.0,16.9,5.1,0,One year,Fiber,North,None,Tablet,0
C006055,31,62,95.28,1,0.9,30.5,8.0,0,Month-to-month,None,East,Basic,Desktop,0
C006056,46,1,70.29,2,6.2,29.2,4.6,1,One year,Fiber,East,None,Mobile,0
C006057,39,44,87.16,3,16.3,19.2,5.3,0,Month-to-month,Fiber,South,None,Mobile,0
C006058,39,47,20.0,1,23.8,44.0,6.3,0,Month-to-month,Fiber,West,None,Mobile,0
C006059,35,28,65.48,2,12.6,43.4,6.5,0,One year,None,North,None,Desktop,0
C006060,54,34,90.42,1,20.7,21.7,8.4,0,One year,DSL,East,Premium,Mobile,0
C006061,45,57,70.42,0,29.8,35.7,7.5,0,Month-to-month,Fiber,North,None,Mobile,0
C006062,55,28,103.38,1,16.1,8.8,5.9,0,Month-to-month,Fiber,North,Premium,Mobile,0
C006063,59,5,102.55,6,14.4,34.8,4.0,0,One year,Fiber,West,Basic,Desktop,0
C006064,48,27,48.04,3,19.3,40.4,10.0,0,One year,Fiber,West,Basic,Mobile,0
C006065,35,19,92.6,1,17.3,17.5,7.2,0,Month-to-month,Fiber,East,Premium,Desktop,0
C006066,56,28,47.18,2,17.8,31.2,8.7,0,Month-to-month,None,South,Premium,Mobile,0
C006067,48,17,73.35,0,14.7,32.5,2.8,0,Month-to-month,None,North,None,Mobile,0
C006068,76,11,88.4,1,14.2,65.7,6.4,0,Month-to-month,DSL,South,None,Tablet,0
C006069,46,71,51.12,2,9.0,62.0,6.4,1,One year,Fiber,East,Premium,Mobile,0
C006070,51,10,91.67,0,20.3,,6.3,0,Two year,DSL,East,Basic,Desktop,0
C006071,46,51,59.37,0,8.7,23.0,8.5,0,Month-to-month,Fiber,North,Premium,Desktop,0
C006072,41,52,57.48,1,10.3,33.9,6.6,0,One year,Fiber,East,None,Desktop,0
C006073,39,45,89.67,4,7.6,44.5,6.3,0,Month-to-month,Fiber,North,Premium,Mobile,1
C006074,46,66,51.1,0,13.7,10.9,7.1,0,One year,DSL,South,Basic,Mobile,0
C006075,49,1,49.83,3,16.2,5.9,7.1,1,Two year,None,West,Premium,Desktop,0
C006076,57,22,98.03,0,8.3,17.2,4.9,0,Two year,Fiber,East,None,Tablet,0
C006077,46,14,74.71,3,14.1,40.1,8.9,1,Month-to-month,None,East,Premium,Tablet,0
C006078,36,42,35.65,1,17.1,40.8,6.1,0,Month-to-month,Fiber,West,None,Mobile,0
C006079,38,46,93.39,3,5.0,36.3,6.9,0,Month-to-month,DSL,North,Basic,Mobile,0
C006080,25,65,61.83,2,10.7,44.3,9.8,0,Month-to-month,Fiber,West,Premium,Desktop,0
C006081,64,28,36.92,1,28.6,28.8,10.0,0,Month-to-month,Fiber,South,Premium,Mobile,0
C006082,35,17,20.0,3,11.0,27.7,7.9,2,Month-to-month,None,South,Basic,Tablet,0
C006083,55,67,94.59,4,21.0,35.6,4.0,0,One year,Fiber,West,None,Desktop,0
C006084,46,49,50.5,3,12.4,51.5,6.6,0,One year,DSL,East,Basic,Mobile,0
C006085,46,56,40.9,1,17.4,35.9,10.0,0,Month-to-month,Fiber,East,None,Desktop,0
C006086,40,33,87.99,2,10.4,29.9,6.7,0,One year,Fiber,West,None,Mobile,0
C006087,32,33,92.14,2,2.7,35.8,8.6,0,Month-to-month,Fiber,North,Premium,Desktop,0
C006088,29,29,52.32,2,12.9,48.1,8.6,1,One year,None,North,Basic,Desktop,0
C006089,64,54,94.82,2,19.1,26.7,5.8,0,Month-to-month,DSL,South,Premium,Mobile,0
C006090,43,16,123.37,1,20.7,25.6,10.0,1,Month-to-month,DSL,South,None,Desktop,0
C006091,57,71,105.67,2,17.0,25.3,7.9,0,Month-to-month,Fiber,West,None,Mobile,0
C006092,60,13,101.78,1,10.6,40.8,7.1,0,Month-to-month,Fiber,North,Premium,Mobile,0
C006093,37,34,79.85,2,22.4,21.6,6.8,0,Month-to-month,None,North,Basic,Mobile,1
C006094,48,23,60.91,0,10.9,38.7,5.0,0,Month-to-month,Fiber,North,None,Mobile,0
C006095,43,47,70.6,4,11.4,13.3,5.7,1,Two year,Fiber,South,Premium,Mobile,0
C006096,27,50,83.02,1,9.1,27.9,5.3,0,Month-to-month,Fiber,North,None,Mobile,0
C006097,40,67,40.56,4,13.0,30.3,10.0,0,Month-to-month,DSL,South,Premium,Mobile,0
C006098,50,57,52.77,0,13.9,52.5,9.0,0,One year,Fiber,South,None,Tablet,0
C006099,36,18,36.31,2,18.1,42.6,5.3,0,Month-to-month,Fiber,West,Basic,Tablet,0
C006100,38,15,77.88,2,6.5,26.7,10.0,1,Month-to-month,Fiber,East,Premium,Mobile,0
C006101,40,64,74.08,3,12.8,24.8,9.6,0,One year,DSL,West,Basic,Desktop,0
C006102,69,36,55.68,0,10.4,22.9,5.9,0,Two year,DSL,West,Basic,Desktop,0
C006103,18,8,92.51,1,19.0,17.5,8.1,1,Month-to-month,DSL,East,None,Desktop,0
C006104,49,60,45.88,1,18.1,50.4,5.9,0,One year,Fiber,South,None,Desktop,0
C006105,39,47,54.75,0,8.8,21.9,8.9,1,One year,Fiber,North,Basic,Desktop,0
C006106,34,2,91.51,3,19.4,51.7,8.0,0,Month-to-month,None,West,None,Desktop,0
C006107,38,57,95.22,2,15.6,32.2,6.3,0,Month-to-month,Fiber,East,Premium,Mobile,0
C006108,51,44,52.11,3,21.6,30.0,4.9,0,Two year,Fiber,South,Basic,Desktop,0
C006109,51,45,77.8,1,11.5,32.2,7.0,0,One year,Fiber,East,None,Tablet,0
C006110,44,63,52.53,2,20.1,45.5,8.0,0,Month-to-month,DSL,West,Premium,Mobile,0
C006111,56,36,67.07,3,22.1,20.7,9.4,0,Two year,DSL,East,Basic,Tablet,0
C006112,58,34,75.6,2,16.5,37.1,8.2,0,Month-to-month,Fiber,East,Premium,Desktop,0
C006113,53,45,86.01,0,30.7,30.5,8.8,0,One year,DSL,South,Basic,Mobile,0
C006114,35,15,79.94,0,19.4,35.8,5.7,0,Month-to-month,Fiber,West,None,Mobile,1
C006115,48,11,78.83,1,28.3,28.5,3.5,0,Month-to-month,DSL,North,Basic,Tablet,0
C006116,48,61,45.04,3,33.7,26.7,4.1,0,Month-to-month,None,West,None,Mobile,0
C006117,31,16,81.71,1,4.3,37.3,6.6,0,Month-to-month,Fiber,North,Basic,Desktop,0
C006118,22,37,85.78,1,24.1,14.4,5.7,0,Month-to-month,Fiber,North,None,Desktop,0
C006119,18,20,89.22,0,19.6,47.7,6.9,1,Month-to-month,Fiber,East,Basic,Mobile,0
C006120,43,17,54.01,2,17.7,32.3,8.4,0,One year,None,South,None,Mobile,0
C006121,46,44,94.89,0,11.4,24.4,8.2,0,Two year,Fiber,North,Basic,Desktop,0
C006122,27,58,39.07,2,9.8,35.4,2.9,0,One year,Fiber,South,Premium,Desktop,0
C006123,56,32,61.23,0,8.6,22.7,10.0,0,Two year,DSL,East,None,Mobile,0
C006124,44,10,65.11,2,31.6,31.9,7.8,0,Month-to-month,DSL,East,Premium,Mobile,0
C006125,60,18,40.44,0,19.4,32.0,7.6,1,Month-to-month,Fiber,North,None,Tablet,0
C006126,47,12,64.73,3,6.5,46.1,6.8,0,Month-to-month,Fiber,South,None,Mobile,0
C006127,28,64,77.54,4,8.6,34.3,6.6,2,Month-to-month,None,West,None,Tablet,0
C006128,48,24,26.36,0,1.8,17.6,9.1,0,Month-to-month,Fiber,West,Basic,Desktop,0
C006129,51,27,62.13,2,24.3,38.0,5.3,0,Month-to-month,Fiber,South,Premium,Mobile,0
C006130,35,6,28.29,0,16.3,39.7,7.7,0,Two year,DSL,South,None,Desktop,0
C006131,23,33,123.04,0,19.6,11.7,9.8,2,Month-to-month,None,North,None,Desktop,0
C006132,43,66,77.31,2,16.0,16.7,7.4,0,Month-to-month,None,South,Basic,Mobile,0
C006133,29,30,75.15,1,22.6,55.1,8.0,1,Two year,Fiber,East,Basic,Desktop,0
C006134,57,47,77.8,1,13.2,27.0,4.6,0,One year,None,East,Basic,Mobile,0
C006135,37,14,87.11,0,18.1,27.3,8.6,1,Month-to-month,Fiber,East,Basic,Mobile,0
C006136,64,11,96.45,1,17.9,30.6,7.8,1,Month-to-month,DSL,North,Premium,Tablet,0
C006137,18,53,32.91,3,7.9,23.3,6.9,0,Month-to-month,None,North,Basic,Mobile,0
C006138,44,5,104.75,2,10.9,9.7,8.4,0,One year,DSL,East,Premium,Desktop,0
C006139,61,33,103.15,2,13.9,17.5,5.0,1,Two year,DSL,North,Basic,Mobile,0
C006140,30,23,70.34,2,18.2,23.3,10.0,0,Month-to-month,None,North,Basic,Mobile,0
C006141,40,2,69.03,3,25.7,25.0,10.0,0,One year,DSL,South,Basic,Mobile,0
C006142,37,39,20.0,2,16.8,21.8,6.0,0,Month-to-month,Fiber,East,None,Desktop,0
C006143,33,70,40.9,1,15.4,13.1,9.2,0,One year,None,East,None,Desktop,0
C006144,45,5,84.97,2,18.2,24.4,6.8,0,Two year,None,West,Premium,Desktop,0
C006145,25,59,102.02,0,14.9,44.4,4.9,1,Month-to-month,None,South,None,Tablet,0
C006146,41,39,90.22,0,15.8,22.9,9.4,0,One year,None,East,Basic,Mobile,0
C006147,49,53,70.11,0,26.6,28.8,6.6,0,Two year,Fiber,North,Basic,Desktop,0
C006148,39,7,120.15,1,14.4,48.3,8.2,0,One year,None,South,Premium,Mobile,0
C006149,29,63,97.13,0,17.8,22.8,10.0,1,One year,DSL,West,Basic,Desktop,0
C006150,55,1,62.15,0,11.5,67.7,8.1,1,Month-to-month,DSL,East,None,Desktop,0
C006151,51,66,126.55,2,24.8,41.7,7.5,0,Month-to-month,DSL,South,Premium,Mobile,0
C006152,28,48,44.6,0,9.6,31.9,5.4,1,Month-to-month,Fiber,North,Basic,Mobile,0
C006153,25,25,35.2,2,15.5,28.0,5.4,0,Month-to-month,DSL,North,Basic,Tablet,0
C006154,30,1,61.47,2,22.9,47.1,6.9,0,Month-to-month,DSL,North,Premium,Mobile,0
C006155,49,44,53.03,1,9.9,22.7,6.4,0,Two year,Fiber,East,Premium,Mobile,0
C006156,46,7,62.88,1,22.1,25.8,,0,Month-to-month,Fiber,North,None,Desktop,0
C006157,52,44,91.95,1,1.7,50.3,5.1,0,Two year,DSL,South,Basic,Desktop,0
C006158,38,56,71.15,1,8.4,26.5,5.7,0,Two year,DSL,West,None,Mobile,0
C006159,30,20,71.79,2,15.3,25.4,6.8,0,Month-to-month,DSL,South,Basic,Tablet,0
C006160,54,18,73.47,5,32.9,23.1,7.3,0,Month-to-month,DSL,East,Premium,Desktop,0
C006161,35,16,20.0,0,17.0,7.8,7.2,2,One year,Fiber,East,Basic,Mobile,0
C006162,44,17,34.12,1,17.2,43.2,6.7,1,Two year,Fiber,East,None,Tablet,0
C006163,22,9,62.37,1,24.0,30.5,5.7,0,Month-to-month,Fiber,North,None,Desktop,0
C006164,35,18,50.93,1,8.4,43.8,8.1,0,Month-to-month,Fiber,North,None,Mobile,0
C006165,55,48,66.21,2,0.0,29.0,9.2,0,One year,Fiber,South,Premium,Desktop,0
C006166,33,22,107.1,3,28.1,25.9,7.7,1,Month-to-month,DSL,South,Basic,Mobile,0
C006167,53,57,70.14,1,20.2,23.0,6.1,0,Month-to-month,DSL,East,None,Mobile,0
C006168,18,59,38.95,1,12.9,39.2,3.7,2,Month-to-month,DSL,North,Premium,Mobile,0
C006169,35,55,52.17,4,16.4,21.3,10.0,0,One year,None,East,Basic,Desktop,0
C006170,40,39,114.76,1,23.4,35.6,6.8,0,Month-to-month,Fiber,North,Basic,Mobile,0
C006171,65,23,110.31,1,15.1,31.5,9.5,0,One year,None,West,Basic,Mobile,0
C006172,27,67,86.9,3,17.0,18.5,,0,One year,Fiber,North,Premium,Desktop,0
C006173,51,15,32.94,0,30.2,25.6,8.5,0,Two year,DSL,North,None,Mobile,0
C006174,56,34,79.67,1,7.3,31.1,8.8,2,Month-to-month,None,West,Basic,Mobile,0
C006175,33,33,81.59,2,19.6,27.3,8.7,1,Month-to-month,DSL,South,,Tablet,0
C006176,37,54,72.64,2,7.4,53.7,6.7,0,Two year,None,South,None,Desktop,0
C006177,44,40,57.75,0,26.9,33.8,5.0,0,Month-to-month,Fiber,East,None,Mobile,0
C006178,23,58,62.93,0,18.1,28.6,8.5,0,Two year,Fiber,South,None,Tablet,0
C006179,36,67,56.01,3,11.2,26.6,4.3,0,Month-to-month,Fiber,South,None,Mobile,0
C006180,59,29,43.37,1,5.5,28.2,6.4,1,Month-to-month,DSL,South,,Mobile,0
C006181,49,63,106.15,1,13.5,23.7,5.9,0,One year,DSL,North,Premium,Desktop,0
C006182,40,13,94.06,0,17.3,21.1,8.1,0,Month-to-month,Fiber,East,Basic,Desktop,0
C006183,43,66,64.88,0,24.1,38.2,7.5,1,Month-to-month,Fiber,North,None,Tablet,0
C006184,50,13,80.8,1,8.3,49.5,5.9,1,Month-to-month,DSL,West,None,Mobile,0
C006185,52,62,81.74,4,10.2,25.6,6.3,0,Two year,Fiber,North,None,Mobile,0
C006186,35,29,130.57,3,12.5,36.2,10.0,0,Month-to-month,Fiber,North,None,Desktop,1
C006187,62,70,93.81,1,10.6,23.0,5.7,0,Month-to-month,Fiber,North,None,Mobile,0
C006188,59,10,92.87,1,12.4,32.2,6.8,0,Month-to-month,Fiber,East,Basic,Desktop,0
C006189,51,34,72.95,2,9.4,15.3,8.1,0,Two year,DSL,West,None,Mobile,0
C006190,31,65,61.14,3,18.9,20.8,7.2,0,One year,DSL,East,None,Mobile,0
C006191,29,4,106.57,0,12.6,20.3,8.2,1,Month-to-month,Fiber,East,None,Mobile,0
C006192,38,20,88.31,4,16.1,29.3,9.1,2,Two year,None,East,None,Mobile,0
C006193,43,7,51.26,1,18.1,17.0,9.7,0,Month-to-month,Fiber,South,Basic,Mobile,0
C006194,19,24,83.35,0,6.3,4.1,7.2,0,Month-to-month,Fiber,West,Premium,Desktop,0
C006195,48,29,92.93,2,20.2,14.6,7.8,0,Month-to-month,None,East,Basic,Desktop,0
C006196,59,45,20.0,1,17.5,28.9,7.5,0,One year,Fiber,West,Basic,Mobile,0
C006197,49,19,48.94,3,17.5,21.5,5.5,0,Two year,Fiber,East,None,Mobile,0
C006198,33,12,81.07,1,15.1,24.1,7.5,0,One year,DSL,West,None,Desktop,0
C006199,32,13,23.89,3,14.1,34.2,4.1,0,One year,Fiber,East,,Desktop,1
C006200,46,68,27.85,3,16.4,21.1,7.8,1,One year,Fiber,North,Basic,Tablet,0
C006201,40,69,65.24,3,16.7,30.0,3.3,0,Month-to-month,None,South,Basic,Desktop,0
C006202,48,16,84.29,1,7.7,56.6,,1,Two year,Fiber,East,Basic,Tablet,0
C006203,50,15,85.44,0,27.0,26.4,8.6,0,One year,Fiber,East,None,Desktop,0
C006204,56,4,111.56,1,11.1,28.5,7.9,0,Month-to-month,DSL,North,Basic,Mobile,0
C006205,27,70,74.06,1,16.5,35.6,7.1,0,One year,Fiber,West,Premium,Mobile,0
C006206,45,51,62.68,2,24.2,21.2,6.3,0,Month-to-month,None,West,Basic,Desktop,0
C006207,37,55,39.32,0,13.6,23.9,5.5,0,One year,None,East,Basic,Tablet,0
C006208,41,21,62.38,1,17.7,29.9,6.1,0,Month-to-month,Fiber,West,Premium,Desktop,0
C006209,53,47,89.69,3,0.7,33.3,8.3,0,Month-to-month,Fiber,North,Premium,Mobile,0
C006210,55,5,90.82,1,2.1,19.8,6.6,0,One year,DSL,South,Basic,Mobile,0
C006211,60,49,78.62,0,15.8,37.7,3.3,1,Month-to-month,None,West,Basic,Mobile,0
C006212,48,42,85.68,2,17.3,49.6,4.9,1,Month-to-month,DSL,South,Basic,Mobile,0
C006213,41,24,103.91,1,23.7,8.0,5.6,1,One year,Fiber,North,Basic,Tablet,0
C006214,39,52,73.88,3,21.6,35.7,6.6,1,One year,Fiber,West,None,Tablet,0
C006215,19,47,106.18,2,4.9,29.9,6.6,0,Month-to-month,Fiber,South,Premium,Mobile,0
C006216,59,32,53.83,1,24.9,27.4,5.2,0,Month-to-month,Fiber,West,None,Mobile,0
C006217,38,14,70.17,2,7.7,34.9,8.2,1,Month-to-month,Fiber,North,None,Mobile,0
C006218,49,2,59.98,1,22.0,47.6,3.5,0,One year,Fiber,West,None,Mobile,0
C006219,51,68,91.82,3,12.8,34.1,5.8,0,One year,Fiber,West,Basic,Desktop,0
C006220,26,21,46.64,3,35.0,42.5,8.5,1,Month-to-month,None,South,Basic,Mobile,0
C006221,30,22,63.96,0,11.9,30.5,8.1,0,Two year,Fiber,South,Premium,Tablet,0
C006222,62,50,25.51,2,15.5,35.4,6.6,0,Month-to-month,Fiber,West,Premium,Mobile,0
C006223,46,19,86.86,2,17.1,24.5,8.8,1,One year,DSL,East,Premium,Mobile,0
C006224,34,28,103.17,2,14.3,31.5,7.6,0,Month-to-month,Fiber,West,None,Desktop,0
C006225,40,52,94.77,0,9.0,27.7,7.2,2,Month-to-month,None,East,None,Mobile,0
C006226,56,43,92.32,2,31.4,32.3,8.2,0,Month-to-month,Fiber,South,None,Desktop,0
C006227,54,48,92.99,2,11.7,11.1,7.8,0,Month-to-month,DSL,North,Premium,Mobile,0
C006228,23,1,89.49,3,11.5,17.6,9.5,0,Month-to-month,Fiber,North,None,Desktop,0
C006229,63,33,87.36,0,15.2,45.3,6.6,0,One year,Fiber,South,Premium,Mobile,0
C006230,55,35,88.97,0,17.4,47.7,6.7,0,Month-to-month,DSL,South,Basic,Tablet,0
C006231,40,46,55.61,1,11.2,10.2,7.5,0,Two year,Fiber,South,None,Mobile,0
C006232,27,11,67.0,0,22.7,24.2,7.1,0,One year,Fiber,West,None,Mobile,0
C006233,56,12,73.76,2,17.1,22.0,10.0,0,Month-to-month,DSL,East,Premium,Mobile,0
C006234,48,55,63.61,0,16.1,34.0,8.0,0,Month-to-month,Fiber,South,Basic,Mobile,0
C006235,23,49,32.84,4,19.9,30.0,5.8,1,Two year,Fiber,North,Basic,Mobile,0
C006236,39,59,41.12,0,10.1,39.2,4.4,1,Month-to-month,None,East,Basic,Desktop,0
C006237,83,20,77.75,0,11.9,14.8,9.9,1,Two year,DSL,North,Basic,Desktop,0
C006238,42,72,94.64,3,15.8,35.2,6.4,2,Month-to-month,None,South,Basic,Tablet,0
C006239,32,20,72.23,2,22.5,27.0,7.7,0,Two year,DSL,North,,Mobile,0
C006240,29,47,141.12,1,14.3,22.2,7.1,1,One year,Fiber,West,Premium,Mobile,0
C006241,65,12,49.01,0,13.8,36.3,8.6,0,Month-to-month,None,South,Premium,Mobile,0
C006242,53,67,83.12,0,1.2,28.0,6.1,0,Month-to-month,None,South,None,Mobile,1
C006243,60,24,104.28,4,11.1,29.8,7.3,0,Month-to-month,Fiber,North,Premium,Tablet,1
C006244,45,58,98.64,0,4.4,47.0,6.1,0,One year,DSL,South,None,Tablet,0
C006245,58,24,88.38,0,6.2,31.9,10.0,1,Month-to-month,DSL,North,Basic,Desktop,0
C006246,31,57,98.76,0,18.6,54.3,5.7,0,One year,DSL,West,Basic,Mobile,0
C006247,44,33,73.38,1,39.2,3.0,8.1,0,Two year,Fiber,East,Basic,Tablet,0
C006248,46,5,113.57,2,17.4,30.9,10.0,1,One year,Fiber,North,Basic,Desktop,1
C006249,60,14,104.08,3,18.3,17.7,9.1,1,Month-to-month,None,North,None,Mobile,1
C006250,46,50,50.69,1,10.7,19.9,7.1,2,Two year,DSL,West,Premium,Mobile,0
C006251,34,14,80.04,1,8.7,23.1,7.4,0,Month-to-month,Fiber,North,Premium,Mobile,1
C006252,43,20,33.32,1,30.4,42.1,5.6,0,One year,Fiber,East,Basic,Tablet,0
C006253,20,40,110.04,1,10.4,26.1,10.0,2,Month-to-month,None,West,Basic,Mobile,0
C006254,18,19,77.61,1,2.0,17.3,6.7,1,Month-to-month,DSL,East,Basic,Mobile,1
C006255,53,10,105.72,2,17.7,38.9,7.0,0,Two year,Fiber,North,Premium,Mobile,0
C006256,37,45,69.27,0,13.0,16.8,5.5,0,Month-to-month,Fiber,West,Basic,Desktop,0
C006257,39,50,25.59,4,20.2,51.1,6.5,1,One year,Fiber,West,Premium,Mobile,0
C006258,53,53,137.93,2,27.0,15.5,7.2,0,Month-to-month,Fiber,East,Basic,Mobile,0
C006259,60,68,75.28,0,18.6,27.6,9.1,1,One year,None,South,Basic,Mobile,0
C006260,49,9,46.99,4,17.6,54.1,7.6,0,One year,DSL,West,Basic,Mobile,0
C006261,67,31,100.64,3,20.6,27.1,9.1,0,Month-to-month,None,West,Premium,Tablet,0
C006262,49,17,122.9,1,34.9,36.1,3.0,1,Month-to-month,DSL,North,None,Tablet,0
C006263,46,65,66.94,0,31.9,29.7,9.6,0,Month-to-month,Fiber,South,None,Mobile,0
C006264,45,39,69.52,0,13.8,31.0,4.7,2,Month-to-month,DSL,West,None,Desktop,0
C006265,25,8,77.95,0,22.6,21.2,8.5,1,Month-to-month,Fiber,East,None,Mobile,0
C006266,54,50,44.23,1,28.5,36.4,1.5,0,Month-to-month,Fiber,East,Premium,Tablet,0
C006267,18,4,54.73,2,20.9,46.9,7.2,0,One year,Fiber,South,Premium,Mobile,1
C006268,34,20,116.55,5,15.5,7.7,8.8,1,One year,Fiber,North,Basic,Tablet,0
C006269,42,52,68.69,2,12.5,19.9,5.6,0,One year,Fiber,North,None,Mobile,0
C006270,32,37,51.06,3,16.7,24.4,7.2,0,One year,Fiber,East,None,Mobile,0
C006271,36,55,60.7,1,8.0,20.4,8.8,0,Month-to-month,None,West,Basic,Mobile,0
C006272,66,42,98.82,3,22.3,38.7,8.4,0,Month-to-month,Fiber,West,None,Mobile,0
C006273,56,61,22.6,2,25.7,23.7,4.3,2,One year,None,South,Basic,Mobile,0
C006274,33,41,78.37,2,13.2,32.0,8.9,0,Month-to-month,Fiber,East,None,Mobile,0
C006275,36,5,133.56,0,12.8,48.9,10.0,1,Month-to-month,None,East,Basic,Mobile,0
C006276,25,6,122.78,1,8.6,9.5,9.3,1,Month-to-month,DSL,South,None,Tablet,0
C006277,51,56,86.33,1,19.3,34.8,4.9,0,One year,None,West,Premium,Mobile,0
C006278,39,3,104.91,1,15.9,29.5,5.1,0,One year,Fiber,South,None,Mobile,0
C006279,18,28,104.67,1,5.9,29.6,7.2,0,Month-to-month,DSL,North,Basic,Desktop,1
C006280,43,2,68.85,5,36.4,20.1,8.2,1,Month-to-month,Fiber,East,Premium,Desktop,0
C006281,48,22,95.12,0,3.6,26.4,8.7,0,Month-to-month,None,North,Premium,Tablet,0
C006282,55,43,116.71,3,5.9,30.9,5.7,0,One year,Fiber,North,None,Desktop,0
C006283,41,13,40.41,1,22.6,28.8,7.0,0,One year,Fiber,South,None,Tablet,0
C006284,37,34,86.42,2,20.6,39.4,5.6,0,Month-to-month,None,East,Basic,Desktop,0
C006285,68,72,81.04,4,11.0,17.9,5.3,0,One year,DSL,South,None,Tablet,0
C006286,42,6,74.58,2,10.5,14.2,7.8,0,One year,Fiber,East,None,Desktop,0
C006287,51,5,72.37,0,19.2,6.9,7.0,0,Month-to-month,Fiber,West,None,Desktop,0
C006288,35,20,77.79,2,18.6,32.7,7.9,0,Month-to-month,Fiber,South,Basic,Mobile,0
C006289,51,60,79.89,1,11.1,40.1,6.1,0,Month-to-month,Fiber,South,Basic,Mobile,0
C006290,23,30,99.97,0,23.0,16.9,8.3,0,One year,DSL,West,Basic,Desktop,0
C006291,36,47,83.91,1,20.0,15.8,5.1,0,Two year,DSL,West,None,Mobile,0
C006292,26,3,67.55,3,25.4,53.7,6.3,1,Month-to-month,Fiber,West,Premium,Tablet,1
C006293,34,53,51.0,1,15.7,46.3,5.1,1,Two year,Fiber,South,Basic,Tablet,0
C006294,58,5,60.19,3,21.7,47.0,7.6,0,Month-to-month,DSL,North,None,Mobile,0
C006295,34,52,78.53,3,14.4,35.2,10.0,0,Two year,Fiber,East,None,Desktop,0
C006296,51,11,54.35,0,19.8,39.5,7.8,0,Two year,Fiber,North,None,Mobile,0
C006297,62,62,95.65,3,18.5,27.6,6.9,0,One year,DSL,South,Basic,Desktop,0
C006298,42,22,82.75,1,21.9,13.9,6.7,0,Month-to-month,Fiber,South,Basic,Mobile,0
C006299,55,14,100.59,1,19.6,14.5,6.1,0,Month-to-month,DSL,West,Basic,Desktop,0
C006300,49,25,56.03,1,2.8,31.0,9.1,0,Month-to-month,None,West,Basic,Tablet,0
C006301,44,1,51.22,1,11.6,42.1,7.8,1,Month-to-month,DSL,South,None,Mobile,0
C006302,52,12,100.4,0,16.6,29.0,4.1,1,One year,None,South,None,Mobile,1
C006303,66,44,75.25,1,19.3,38.3,9.1,1,One year,Fiber,East,Premium,Mobile,0
C006304,34,22,66.94,1,21.8,29.9,5.5,0,Month-to-month,Fiber,South,Premium,Desktop,0
C006305,30,26,89.47,3,19.8,34.7,5.9,2,Month-to-month,Fiber,West,None,Desktop,0
C006306,29,59,88.54,1,11.1,40.3,7.8,0,Month-to-month,Fiber,North,None,Mobile,0
C006307,55,9,40.61,2,22.4,47.0,6.0,0,Two year,Fiber,West,None,Desktop,1
C006308,57,29,106.62,1,10.3,34.4,10.0,0,One year,DSL,South,Basic,Desktop,0
C006309,35,14,61.74,1,24.8,54.3,6.7,0,Two year,None,East,None,Desktop,0
C006310,18,35,114.5,1,25.3,28.2,8.2,0,Month-to-month,Fiber,South,None,Desktop,0
C006311,33,24,38.66,1,15.9,46.9,4.3,0,Month-to-month,None,South,Basic,Tablet,1
C006312,49,4,79.93,2,11.5,38.0,6.0,0,One year,None,South,Basic,Tablet,0
C006313,41,6,67.36,1,11.1,9.0,,0,Two year,DSL,West,None,Mobile,0
C006314,44,62,22.62,2,8.3,48.0,8.9,0,Month-to-month,None,West,Basic,Mobile,0
C006315,35,5,88.46,1,9.5,20.0,5.2,0,Month-to-month,Fiber,West,Basic,Mobile,0
C006316,55,57,23.9,2,14.7,28.0,9.3,0,One year,Fiber,West,Premium,Tablet,0
C006317,46,66,64.71,4,12.1,41.5,7.3,0,One year,DSL,South,Premium,Desktop,0
C006318,50,34,99.61,4,4.7,22.1,7.7,0,Two year,DSL,North,None,Tablet,0
C006319,44,23,58.75,0,12.6,30.1,5.8,0,One year,DSL,East,Basic,Mobile,0
C006320,49,56,49.41,1,16.7,38.9,5.4,0,Two year,DSL,West,None,Mobile,0
C006321,48,71,92.01,1,13.6,21.1,3.2,1,Month-to-month,Fiber,South,Basic,Tablet,0
C006322,30,9,65.76,2,9.7,28.2,7.6,1,One year,Fiber,East,Premium,Desktop,0
C006323,47,70,61.87,2,0.0,26.8,8.2,1,One year,Fiber,South,Premium,Desktop,0
C006324,52,68,103.87,1,24.0,42.6,6.4,0,Month-to-month,DSL,East,None,Tablet,0
C006325,57,11,42.82,1,15.7,49.8,4.2,0,Two year,Fiber,East,Premium,Mobile,0
C006326,47,4,60.51,0,18.2,17.8,6.1,0,Month-to-month,Fiber,North,Basic,Mobile,0
C006327,29,52,93.66,1,17.3,31.9,7.8,1,One year,DSL,South,Basic,Tablet,0
C006328,31,6,41.2,1,19.5,24.7,7.4,0,Month-to-month,Fiber,West,None,Desktop,0
C006329,36,44,116.38,1,17.7,31.4,8.3,0,Month-to-month,DSL,South,Basic,Mobile,0
C006330,44,5,66.58,0,16.7,52.2,4.2,0,Month-to-month,Fiber,West,None,Mobile,1
C006331,40,50,93.86,1,21.3,35.6,6.4,0,Month-to-month,DSL,East,Premium,Desktop,1
C006332,27,17,93.81,4,22.8,24.2,6.9,0,Month-to-month,Fiber,West,Basic,Desktop,0
C006333,27,7,68.19,0,25.7,14.6,8.2,0,One year,Fiber,South,Basic,Mobile,0
C006334,18,5,60.02,2,10.2,43.0,6.0,1,Month-to-month,Fiber,North,None,Mobile,0
C006335,18,14,70.93,5,17.7,25.5,8.1,2,One year,Fiber,East,Premium,Mobile,0
C006336,40,39,89.82,0,4.8,21.7,5.4,0,Two year,None,North,None,Desktop,1
C006337,72,6,47.34,1,12.6,34.6,7.5,0,Month-to-month,Fiber,West,None,Tablet,0
C006338,65,58,41.92,2,14.6,37.9,6.6,1,Month-to-month,DSL,North,Basic,Mobile,1
C006339,29,44,109.11,0,21.2,26.6,6.5,0,Month-to-month,None,South,None,Mobile,0
C006340,44,22,53.63,3,15.2,19.6,10.0,1,One year,DSL,South,None,Mobile,1
C006341,23,72,80.85,0,20.7,47.4,6.5,1,One year,Fiber,South,Premium,Tablet,0
C006342,25,48,66.94,1,13.6,39.2,6.3,0,Month-to-month,Fiber,South,Basic,Desktop,0
C006343,26,49,68.05,1,12.0,42.8,4.5,0,One year,Fiber,East,Premium,Desktop,0
C006344,39,13,107.76,2,10.4,26.7,8.9,0,Month-to-month,Fiber,North,Basic,Desktop,1
C006345,40,52,69.87,1,20.8,21.0,6.1,1,One year,Fiber,South,Premium,Mobile,0
C006346,45,41,63.08,1,13.4,24.6,7.0,0,Two year,Fiber,North,None,Tablet,0
C006347,51,71,65.26,1,0.0,12.7,5.6,0,Two year,Fiber,West,Basic,Desktop,0
C006348,38,35,59.41,2,20.5,27.0,,1,Month-to-month,None,West,None,Desktop,1
C006349,42,49,55.25,2,9.5,22.9,8.8,0,Month-to-month,Fiber,West,Premium,Mobile,0
C006350,28,25,59.51,0,17.4,30.1,9.5,0,Month-to-month,Fiber,West,Basic,Tablet,0
C006351,25,3,113.58,2,8.1,31.6,6.9,0,Month-to-month,Fiber,East,Premium,Mobile,0
C006352,23,10,89.79,4,16.1,32.1,6.0,0,One year,DSL,North,None,Mobile,0
C006353,50,63,63.37,3,0.0,24.0,5.9,0,One year,DSL,South,Basic,Desktop,0
C006354,38,54,96.54,1,15.8,16.7,7.1,0,Month-to-month,DSL,East,None,Desktop,0
C006355,18,27,32.32,0,9.9,13.7,7.6,0,Month-to-month,Fiber,East,Premium,Desktop,0
C006356,41,51,106.39,0,7.1,33.3,8.1,0,Two year,DSL,North,None,Mobile,0
C006357,26,1,104.38,0,21.3,32.6,5.6,0,Month-to-month,Fiber,East,None,Desktop,0
C006358,64,3,127.91,1,15.2,14.3,7.3,0,One year,None,East,Basic,Desktop,0
C006359,34,37,97.29,3,14.3,48.1,5.3,1,Month-to-month,DSL,North,None,Mobile,1
C006360,51,45,82.93,1,10.9,41.0,6.9,0,Month-to-month,DSL,South,None,Mobile,0
C006361,56,68,104.28,1,22.3,18.7,9.6,0,Month-to-month,Fiber,South,Premium,Tablet,0
C006362,30,55,56.35,5,13.0,34.2,6.7,1,Month-to-month,None,West,Basic,Mobile,0
C006363,43,19,62.11,2,26.4,29.4,5.5,1,Month-to-month,Fiber,South,Premium,Mobile,0
C006364,49,59,70.39,1,24.6,34.2,7.7,0,One year,DSL,West,Basic,Mobile,0
C006365,44,36,106.22,1,26.0,33.1,8.7,0,Two year,Fiber,South,None,Mobile,0
C006366,47,60,50.6,2,22.8,39.1,5.7,0,Month-to-month,DSL,South,None,Mobile,0
C006367,25,13,47.95,2,11.8,48.8,4.7,0,One year,Fiber,South,Basic,Tablet,0
C006368,49,2,77.91,4,16.4,34.6,5.6,1,Month-to-month,Fiber,South,Basic,Desktop,0
C006369,36,5,89.94,0,14.6,37.4,6.3,2,Month-to-month,Fiber,West,Basic,Desktop,1
C006370,47,72,54.42,3,21.9,48.6,9.8,1,Month-to-month,None,West,Basic,Desktop,0
C006371,54,6,88.76,0,15.9,24.5,4.6,1,Month-to-month,DSL,North,Basic,Desktop,0
C006372,51,68,106.21,3,14.3,19.8,4.1,0,Month-to-month,None,South,None,Mobile,0
C006373,47,53,102.01,1,27.6,39.1,7.6,0,Month-to-month,Fiber,West,Basic,Desktop,0
C006374,50,11,80.83,1,13.7,16.3,5.8,0,Month-to-month,Fiber,North,None,Desktop,0
C006375,51,63,69.74,4,11.6,21.3,5.3,1,Month-to-month,None,East,None,Desktop,0
C006376,61,11,115.39,2,13.2,49.1,8.3,1,One year,DSL,South,Basic,Mobile,0
C006377,42,11,72.39,2,23.5,10.4,7.3,0,Two year,Fiber,East,Premium,Desktop,0
C006378,44,42,95.51,1,17.3,34.6,8.9,0,Month-to-month,None,West,Basic,Mobile,0
C006379,54,21,120.96,1,19.2,13.7,8.4,0,Month-to-month,Fiber,West,Basic,Mobile,0
C006380,36,21,92.88,4,17.7,35.9,4.9,0,Month-to-month,DSL,West,Basic,Mobile,0
C006381,25,15,47.07,2,0.6,53.0,4.1,0,Two year,Fiber,South,Basic,Desktop,0
C006382,48,44,41.02,1,8.5,18.8,9.1,0,One year,None,North,None,Mobile,0
C006383,39,2,64.56,2,14.0,5.8,6.9,0,Month-to-month,Fiber,North,Basic,Mobile,0
C006384,26,18,89.74,1,18.2,35.3,10.0,0,Month-to-month,Fiber,East,None,Mobile,0
C006385,49,40,83.12,0,9.1,23.5,8.8,0,Month-to-month,Fiber,West,Basic,Tablet,0
C006386,61,36,127.18,4,8.9,28.8,9.6,0,Month-to-month,None,East,Premium,Desktop,1
C006387,21,51,82.88,2,13.8,35.4,5.4,0,Month-to-month,DSL,North,Basic,Mobile,0
C006388,55,16,63.81,0,25.3,37.8,6.9,0,Month-to-month,Fiber,West,Premium,Mobile,0
C006389,18,47,43.67,0,0.9,37.9,8.6,1,One year,Fiber,North,None,Desktop,0
C006390,37,55,101.51,3,0.0,30.7,6.9,0,One year,Fiber,North,Basic,Mobile,1
C006391,66,28,71.85,1,28.1,36.2,7.2,1,Month-to-month,DSL,South,Premium,Mobile,0
C006392,38,19,34.35,3,5.3,28.7,7.5,1,Month-to-month,DSL,East,Premium,Mobile,0
C006393,43,40,72.56,1,13.2,27.1,5.8,1,One year,None,North,None,Desktop,0
C006394,52,42,47.11,1,5.5,30.8,5.5,1,Two year,DSL,West,Premium,Mobile,0
C006395,20,7,61.36,1,13.9,37.9,6.8,1,Two year,Fiber,South,Premium,Mobile,0
C006396,43,41,72.15,2,15.0,23.2,6.4,0,Month-to-month,Fiber,North,None,Mobile,0
C006397,43,12,49.37,2,27.3,33.6,5.5,0,Month-to-month,None,East,None,Tablet,0
C006398,66,41,59.81,3,21.0,25.5,6.9,0,Two year,None,North,None,Mobile,0
C006399,26,68,53.4,2,7.0,22.2,4.7,0,One year,DSL,West,Basic,Mobile,0
C006400,37,39,54.07,0,2.6,43.6,8.5,0,Month-to-month,DSL,South,None,Tablet,0
C006401,30,55,46.8,3,19.5,35.5,8.2,0,One year,DSL,North,Premium,Mobile,0
C006402,29,23,59.93,2,12.4,35.6,8.3,1,Month-to-month,Fiber,East,None,Desktop,0
C006403,57,67,49.63,0,10.9,19.7,5.6,1,One year,Fiber,West,None,Desktop,0
C006404,42,59,86.66,4,24.3,28.0,5.4,1,Two year,DSL,South,Basic,Desktop,0
C006405,35,67,77.02,1,3.7,38.2,9.5,0,Month-to-month,Fiber,South,None,Desktop,0
C006406,35,54,101.87,2,13.4,35.5,6.7,0,Month-to-month,Fiber,East,Basic,Mobile,0
C006407,35,47,119.17,2,20.4,61.8,8.1,0,Month-to-month,DSL,West,Premium,Desktop,0
C006408,36,38,88.93,1,7.7,33.6,5.0,0,Month-to-month,Fiber,North,Basic,Desktop,1
C006409,26,67,83.24,2,25.1,23.0,6.6,0,Month-to-month,DSL,West,None,Mobile,0
C006410,39,62,90.51,1,8.9,25.8,9.2,0,One year,Fiber,West,Basic,Tablet,0
C006411,37,31,83.66,4,15.5,20.7,7.3,0,Month-to-month,Fiber,East,None,Desktop,0
C006412,32,7,73.25,1,11.1,23.2,6.7,0,Two year,Fiber,East,None,Desktop,0
C006413,44,1,71.27,1,0.0,32.2,8.1,0,Two year,DSL,West,None,Mobile,0
C006414,45,17,46.46,0,13.1,25.4,7.7,3,Month-to-month,DSL,South,None,Mobile,0
C006415,35,5,92.97,5,21.5,47.0,10.0,0,Month-to-month,None,North,None,Tablet,0
C006416,40,16,71.22,0,8.8,41.6,7.2,1,One year,DSL,North,None,Mobile,0
C006417,70,8,108.24,2,11.6,41.4,8.3,1,Two year,DSL,West,Premium,Mobile,0
C006418,70,71,94.88,1,12.4,28.0,6.9,1,Month-to-month,DSL,North,Premium,Tablet,0
C006419,28,7,56.35,0,19.8,42.0,5.3,0,One year,Fiber,West,Basic,Mobile,0
C006420,30,46,103.17,2,13.5,43.3,7.9,0,Two year,None,South,None,Desktop,0
C006421,28,26,20.0,0,16.2,50.2,4.5,1,One year,Fiber,East,Basic,Desktop,0
C006422,56,13,120.26,2,16.3,24.5,,1,One year,Fiber,North,Basic,Desktop,0
C006423,37,51,38.54,2,12.3,31.1,4.7,0,Two year,Fiber,East,None,Desktop,0
C006424,45,70,84.38,1,27.8,22.0,5.5,0,Month-to-month,DSL,West,Premium,Mobile,0
C006425,68,57,82.69,1,8.8,62.7,5.4,0,Two year,Fiber,East,None,Desktop,0
C006426,42,71,100.09,1,20.9,28.6,8.2,2,One year,DSL,West,Basic,Desktop,0
C006427,51,43,63.78,1,24.9,46.3,5.1,0,Month-to-month,DSL,West,Premium,Desktop,0
C006428,49,49,20.0,3,15.0,32.9,8.0,0,Two year,Fiber,North,Basic,Desktop,0
C006429,34,11,63.82,2,16.4,41.6,5.9,0,One year,None,South,None,Mobile,0
C006430,56,62,66.52,0,19.7,30.8,6.9,0,One year,Fiber,North,Premium,Mobile,0
C006431,31,54,20.77,2,13.4,42.1,6.1,0,Month-to-month,DSL,South,Basic,Mobile,0
C006432,59,19,73.13,2,2.7,34.3,10.0,2,One year,Fiber,East,None,Desktop,0
C006433,34,26,45.1,2,14.3,51.5,4.1,0,Month-to-month,Fiber,South,Basic,Mobile,0
C006434,36,44,88.23,3,27.5,34.7,8.0,0,One year,DSL,West,Basic,Mobile,0
C006435,28,1,65.85,3,20.0,22.3,7.1,1,One year,Fiber,North,None,Tablet,1
C006436,30,59,121.03,0,16.5,37.2,5.7,0,One year,Fiber,West,Basic,Mobile,0
C006437,36,21,65.6,2,21.3,31.1,7.8,0,Two year,DSL,South,Basic,Mobile,0
C006438,18,6,82.76,2,15.0,19.2,5.4,1,Month-to-month,Fiber,South,Basic,Tablet,0
C006439,39,24,66.67,3,16.2,35.6,5.2,0,One year,DSL,East,Basic,Mobile,1
C006440,35,61,31.42,0,13.0,23.6,5.0,1,Month-to-month,DSL,East,Basic,Desktop,0
C006441,52,20,66.88,1,19.3,28.2,7.2,1,One year,Fiber,North,Basic,Desktop,0
C006442,47,39,90.84,2,12.2,31.5,6.0,0,Month-to-month,Fiber,East,None,Mobile,0
C006443,33,59,87.05,3,13.8,6.7,5.5,1,Month-to-month,Fiber,East,Premium,Desktop,1
C006444,36,3,64.67,0,22.2,25.8,7.7,0,Month-to-month,Fiber,East,Basic,Mobile,0
C006445,39,55,35.58,2,14.6,42.1,9.0,0,Month-to-month,Fiber,West,None,Desktop,0
C006446,61,21,88.11,1,20.0,28.7,4.5,0,Month-to-month,DSL,North,Premium,Mobile,0
C006447,31,51,82.49,0,20.5,8.2,7.7,0,One year,DSL,North,Premium,Mobile,0
C006448,33,14,93.09,1,15.5,30.0,8.0,0,Month-to-month,None,West,Basic,Desktop,0
C006449,27,11,65.15,1,13.6,36.8,9.4,0,Month-to-month,Fiber,South,Premium,Desktop,0
C006450,23,57,29.89,2,6.8,27.4,6.6,0,Month-to-month,None,South,Premium,Desktop,0
C006451,46,59,85.34,0,8.3,27.8,9.9,0,One year,Fiber,West,Basic,Tablet,0
C006452,45,71,71.77,0,20.3,25.6,8.2,0,Month-to-month,Fiber,South,None,Tablet,0
C006453,59,49,106.79,0,20.1,38.4,3.7,0,Month-to-month,Fiber,West,None,Mobile,0
C006454,56,34,72.72,1,9.1,21.1,7.6,0,Month-to-month,Fiber,East,None,Mobile,0
C006455,73,15,70.86,3,18.8,37.6,7.1,1,Month-to-month,None,East,Basic,Mobile,0
C006456,41,22,82.43,4,17.5,27.8,8.9,0,Two year,Fiber,South,Basic,Tablet,0
C006457,39,47,57.08,0,22.5,46.0,9.2,0,Month-to-month,Fiber,North,Basic,Mobile,0
C006458,25,25,55.87,3,31.2,25.2,5.4,0,Month-to-month,Fiber,East,Basic,Desktop,0
C006459,51,35,69.55,0,20.0,17.7,8.7,0,Month-to-month,Fiber,East,Basic,Mobile,0
C006460,44,13,48.99,2,11.2,38.4,6.9,0,Two year,DSL,West,Basic,Mobile,0
C006461,50,32,66.27,2,21.2,36.9,5.8,0,Two year,DSL,West,Premium,Desktop,0
C006462,27,18,120.49,2,8.7,35.9,9.7,1,One year,DSL,North,Basic,Desktop,0
C006463,47,9,98.07,1,31.5,41.2,6.2,0,One year,Fiber,East,None,Tablet,1
C006464,45,10,79.7,1,7.4,19.0,7.2,0,Two year,Fiber,North,Basic,Mobile,0
C006465,44,38,110.79,5,19.1,21.5,7.0,0,Month-to-month,Fiber,North,Basic,Desktop,1
C006466,33,27,51.38,3,16.0,46.8,8.0,0,Month-to-month,Fiber,North,Basic,Tablet,0
C006467,57,8,134.26,0,13.1,36.2,9.5,0,Month-to-month,DSL,North,None,Mobile,0
C006468,69,38,60.49,0,12.7,25.5,10.0,1,Month-to-month,Fiber,South,Premium,Desktop,0
C006469,28,12,122.1,0,25.5,9.8,8.7,0,Month-to-month,Fiber,South,Basic,Mobile,0
C006470,51,2,121.99,0,20.0,16.1,4.1,0,Month-to-month,Fiber,North,Basic,Mobile,0
C006471,18,10,28.17,2,14.9,19.5,9.7,0,Month-to-month,Fiber,West,Basic,Mobile,0
C006472,51,33,108.68,0,28.1,24.3,8.2,1,Month-to-month,Fiber,South,Basic,Desktop,0
C006473,18,69,64.9,1,15.2,34.7,9.1,0,Two year,None,North,Basic,Tablet,0
C006474,35,18,57.8,0,21.1,14.6,6.6,0,One year,Fiber,West,None,Mobile,0
C006475,25,21,85.12,2,6.6,24.7,7.1,0,One year,None,South,Basic,Desktop,0
C006476,39,18,46.8,0,7.0,15.8,8.8,0,One year,DSL,North,Basic,Desktop,0
C006477,53,26,84.55,2,21.0,25.9,10.0,0,Month-to-month,DSL,West,Basic,Mobile,0
C006478,18,52,48.48,1,18.2,59.6,7.4,0,One year,Fiber,West,Premium,Mobile,0
C006479,37,24,76.43,3,31.0,45.3,4.9,1,One year,Fiber,East,None,Mobile,0
C006480,35,48,105.38,0,11.1,37.9,8.2,0,Month-to-month,DSL,East,Basic,Mobile,0
C006481,63,65,81.66,0,20.7,24.7,6.8,0,Month-to-month,DSL,North,Basic,Mobile,0
C006482,48,69,63.01,0,14.3,18.1,5.2,0,Month-to-month,DSL,West,Basic,Desktop,0
C006483,27,41,85.54,1,21.9,30.0,6.9,0,One year,Fiber,East,Basic,Tablet,0
C006484,36,52,36.84,3,21.4,,8.0,1,One year,Fiber,North,Premium,Desktop,0
C006485,62,67,51.03,3,15.8,38.8,9.0,1,One year,Fiber,North,None,Mobile,0
C006486,51,57,61.24,2,10.8,28.6,6.2,0,Two year,DSL,East,None,Mobile,0
C006487,30,22,91.67,1,13.6,30.7,6.3,0,Month-to-month,DSL,West,Premium,Mobile,0
C006488,39,10,82.14,7,8.2,11.0,6.9,0,Month-to-month,Fiber,North,Premium,Mobile,0
C006489,39,9,85.38,1,18.6,31.6,10.0,0,Month-to-month,DSL,North,Premium,Desktop,0
C006490,35,64,71.32,2,0.0,28.1,9.5,0,Month-to-month,None,South,Basic,Mobile,0
C006491,20,41,52.3,2,11.9,19.5,8.1,1,Month-to-month,DSL,North,Basic,Mobile,0
C006492,33,22,109.2,2,22.3,33.7,,1,Month-to-month,Fiber,West,Premium,Desktop,1
C006493,60,25,54.56,2,22.2,26.2,6.5,1,Month-to-month,Fiber,South,Basic,Desktop,0
C006494,37,21,82.48,0,4.7,34.5,8.5,1,Month-to-month,Fiber,North,None,Mobile,0
C006495,41,58,69.2,1,20.1,38.4,5.3,0,Month-to-month,Fiber,North,Premium,Mobile,0
C006496,44,45,86.07,1,8.0,18.0,8.0,0,One year,Fiber,West,Premium,Mobile,0
C006497,71,64,56.86,2,13.4,32.3,3.4,0,Month-to-month,DSL,East,Basic,Tablet,0
C006498,42,22,98.32,0,21.4,32.1,4.1,0,Month-to-month,DSL,East,None,Mobile,0
C006499,56,35,106.46,0,9.2,45.9,3.6,0,Month-to-month,Fiber,East,Basic,Tablet,0
C006500,34,9,96.78,1,26.0,41.1,10.0,0,Month-to-month,DSL,East,Premium,Mobile,0
C006501,39,70,75.94,0,17.8,26.8,6.8,0,One year,DSL,North,Basic,Mobile,0
C006502,42,37,61.12,3,19.2,25.9,4.7,1,Month-to-month,DSL,North,Basic,Mobile,0
C006503,32,40,142.55,2,23.5,32.8,10.0,1,Month-to-month,Fiber,South,None,Desktop,0
C006504,39,30,47.21,4,22.2,17.5,5.7,1,Month-to-month,Fiber,North,None,Mobile,0
C006505,54,20,94.03,1,21.6,19.3,8.0,0,Month-to-month,DSL,North,None,Desktop,0
C006506,32,69,80.32,1,11.4,25.4,5.7,0,One year,None,West,Basic,Desktop,0
C006507,42,36,70.44,1,8.2,3.0,8.5,0,Month-to-month,Fiber,East,None,Desktop,0
C006508,51,49,76.63,3,14.0,19.1,7.1,1,One year,DSL,North,Basic,Desktop,0
C006509,31,3,59.24,2,19.3,,5.8,0,Two year,Fiber,North,Premium,Mobile,0
C006510,56,20,82.68,6,7.0,64.1,4.7,0,Two year,Fiber,West,Premium,Mobile,0
C006511,43,58,79.92,2,20.1,23.3,5.8,1,One year,None,West,Basic,Mobile,0
C006512,40,7,138.94,0,18.6,38.9,5.3,0,Month-to-month,Fiber,East,Basic,Mobile,0
C006513,18,8,98.77,3,14.7,28.6,3.9,0,One year,Fiber,East,Basic,Tablet,1
C006514,37,59,84.9,1,16.4,36.3,8.4,1,Month-to-month,DSL,South,Premium,Tablet,0
C006515,47,23,86.39,1,16.5,18.0,9.1,1,One year,Fiber,West,None,Desktop,0
C006516,65,20,117.99,3,19.1,12.5,5.9,1,Month-to-month,None,West,Premium,Mobile,0
C006517,49,41,47.74,3,21.2,47.5,3.4,1,Two year,Fiber,North,None,Mobile,0
C006518,57,15,67.43,2,36.1,15.0,7.8,1,Month-to-month,Fiber,West,Premium,Desktop,0
C006519,26,4,24.32,1,17.2,48.8,7.4,0,One year,None,North,None,Tablet,0
C006520,40,1,85.97,3,11.5,26.5,5.3,1,Month-to-month,Fiber,North,Basic,Mobile,0
C006521,58,6,93.2,1,2.7,,7.0,0,Month-to-month,None,North,Premium,Tablet,1
C006522,30,12,47.11,3,6.1,24.8,2.1,0,One year,Fiber,North,Basic,Desktop,1
C006523,55,51,107.88,0,10.7,50.2,7.1,0,One year,Fiber,West,None,Mobile,0
C006524,52,22,54.03,1,20.8,22.6,6.8,0,Month-to-month,Fiber,East,Premium,Mobile,0
C006525,46,6,63.44,0,13.2,26.4,9.5,0,Month-to-month,DSL,East,Basic,Desktop,0
C006526,38,2,74.99,1,18.8,42.7,7.6,0,Two year,DSL,East,Premium,Desktop,0
C006527,29,35,111.85,0,10.9,36.7,7.3,1,Month-to-month,Fiber,North,None,Mobile,0
C006528,65,61,50.55,3,19.2,55.9,10.0,1,One year,DSL,East,None,Desktop,0
C006529,50,25,79.28,4,22.1,45.0,5.7,1,Month-to-month,DSL,West,Basic,Desktop,1
C006530,46,5,91.37,2,13.2,22.6,4.4,0,Month-to-month,DSL,North,Basic,Tablet,0
C006531,37,17,86.21,0,19.0,46.6,8.7,0,One year,Fiber,East,Basic,Mobile,0
C006532,42,36,87.14,4,12.9,7.9,9.0,0,Month-to-month,DSL,South,Premium,Desktop,0
C006533,44,14,91.04,2,7.4,40.2,9.0,0,One year,None,North,Basic,Desktop,0
C006534,47,71,58.13,1,19.9,23.1,6.7,0,Month-to-month,Fiber,South,None,Desktop,0
C006535,52,55,114.19,2,18.9,38.1,5.8,0,Month-to-month,Fiber,South,None,Tablet,0
C006536,32,25,69.22,1,20.2,54.6,4.9,0,Month-to-month,Fiber,West,Basic,Mobile,0
C006537,23,69,65.9,0,22.7,11.0,5.5,1,Month-to-month,Fiber,East,Basic,Mobile,0
C006538,43,24,105.69,2,14.3,42.1,4.4,1,Two year,Fiber,North,None,Mobile,1
C006539,19,11,56.24,2,14.8,41.1,6.3,0,Month-to-month,None,East,None,Desktop,0
C006540,38,68,80.01,2,14.0,38.9,10.0,0,One year,DSL,West,None,Desktop,0
C006541,35,70,53.93,1,18.4,19.2,6.1,1,One year,DSL,North,None,Tablet,0
C006542,48,23,134.98,3,15.0,29.9,7.3,0,Month-to-month,Fiber,South,None,Desktop,0
C006543,68,43,129.72,3,16.9,19.4,8.1,0,One year,DSL,North,Basic,Desktop,0
C006544,18,13,69.24,0,11.0,36.2,6.5,0,One year,None,South,Basic,Mobile,0
C006545,72,47,85.0,5,8.8,15.3,6.4,2,Month-to-month,Fiber,North,None,Desktop,1
C006546,39,50,72.13,4,9.6,25.8,9.4,0,One year,Fiber,South,None,Mobile,0
C006547,47,52,63.29,2,18.9,38.6,7.4,0,Two year,DSL,East,Basic,Mobile,0
C006548,24,41,74.99,1,15.7,22.2,9.1,0,Month-to-month,Fiber,South,Basic,Desktop,0
C006549,55,51,70.98,0,12.5,26.2,10.0,1,Month-to-month,Fiber,North,Basic,Desktop,0
C006550,43,40,33.98,0,20.6,20.1,5.5,0,Two year,Fiber,South,Basic,Desktop,0
C006551,41,60,78.58,2,26.2,34.1,6.8,0,Month-to-month,DSL,South,None,Tablet,0
C006552,18,13,70.94,1,12.5,29.3,6.8,0,Month-to-month,DSL,West,Basic,Mobile,0
C006553,43,35,79.81,3,8.4,22.2,6.2,0,Month-to-month,DSL,West,Basic,Mobile,0
C006554,53,30,70.06,3,22.6,23.4,6.3,0,One year,Fiber,North,Basic,Desktop,0
C006555,39,39,62.99,4,16.1,32.9,9.6,0,Two year,DSL,West,Basic,Desktop,0
C006556,57,11,93.87,1,14.7,18.3,7.3,1,Month-to-month,DSL,East,Basic,Desktop,0
C006557,57,24,85.33,5,23.1,30.5,10.0,0,One year,Fiber,North,Premium,Tablet,0
C006558,34,69,106.9,3,14.2,31.4,6.4,0,Month-to-month,DSL,North,Basic,Tablet,0
C006559,63,8,84.37,0,18.8,32.9,9.8,0,One year,Fiber,West,None,Mobile,0
C006560,43,46,67.06,1,17.1,24.6,10.0,1,Month-to-month,Fiber,East,Basic,Mobile,0
C006561,43,48,87.42,1,38.7,38.3,7.0,0,Two year,DSL,East,None,Mobile,0
C006562,43,35,22.48,2,15.1,42.5,7.9,0,Month-to-month,Fiber,South,None,Desktop,0
C006563,43,3,124.59,1,22.6,38.8,8.7,0,One year,None,South,Basic,Mobile,0
C006564,18,3,78.86,1,14.2,33.5,6.1,0,Month-to-month,Fiber,North,Basic,Mobile,0
C006565,40,20,126.61,1,19.2,,10.0,1,One year,Fiber,North,Basic,Desktop,0
C006566,24,8,50.27,2,14.6,51.1,5.6,1,One year,None,West,Basic,Tablet,0
C006567,63,7,44.06,1,21.6,31.7,6.2,0,Month-to-month,Fiber,West,Basic,Mobile,0
C006568,63,12,81.15,2,15.3,34.7,6.2,0,Month-to-month,Fiber,South,Premium,Mobile,0
C006569,53,14,81.06,4,19.5,22.5,7.5,0,Month-to-month,DSL,North,None,Desktop,0
C006570,39,61,80.46,0,10.7,28.4,7.7,1,Month-to-month,DSL,East,Basic,Tablet,0
C006571,29,46,76.65,2,10.4,45.2,6.0,0,Month-to-month,Fiber,West,Premium,Mobile,0
C006572,33,3,56.3,0,2.8,40.4,6.9,1,Two year,Fiber,South,None,Desktop,0
C006573,67,46,34.87,2,18.6,27.3,5.1,0,Month-to-month,Fiber,East,Basic,Mobile,0
C006574,33,10,79.08,1,11.5,49.3,9.2,0,Month-to-month,Fiber,East,Basic,Desktop,0
C006575,18,31,39.94,2,31.4,18.9,8.4,0,Month-to-month,None,West,Premium,Desktop,0
C006576,55,3,37.57,1,12.7,10.8,6.5,1,Month-to-month,Fiber,East,Basic,Mobile,0
C006577,62,7,62.48,3,24.7,7.9,6.8,1,Two year,Fiber,South,None,Mobile,0
C006578,64,10,82.77,1,24.0,40.5,5.9,0,One year,DSL,North,None,Mobile,0
C006579,55,32,121.69,0,14.3,22.6,5.4,1,Month-to-month,None,South,Basic,Mobile,0
C006580,58,34,96.48,3,10.8,29.3,5.2,0,One year,DSL,East,None,Mobile,0
C006581,43,26,107.83,1,15.1,44.1,5.4,0,Month-to-month,Fiber,West,Basic,Mobile,0
C006582,18,45,88.34,2,23.9,34.9,8.8,0,Month-to-month,DSL,South,Premium,Mobile,0
C006583,42,52,81.17,4,32.0,16.8,9.0,0,Month-to-month,Fiber,West,None,Mobile,0
C006584,50,53,134.64,0,7.4,50.5,4.6,1,Month-to-month,DSL,West,None,Desktop,1
C006585,40,42,38.93,2,16.1,27.5,8.4,0,One year,Fiber,South,Premium,Desktop,0
C006586,40,40,61.67,0,11.8,30.2,4.9,0,Month-to-month,Fiber,West,Basic,Mobile,0
C006587,29,36,63.62,0,13.5,22.4,8.5,0,Month-to-month,Fiber,South,Premium,Desktop,0
C006588,29,18,94.34,1,27.9,17.6,7.3,0,Month-to-month,None,East,None,Tablet,0
C006589,66,36,47.53,1,10.6,33.8,6.2,1,One year,DSL,North,None,Mobile,0
C006590,66,1,91.09,2,4.7,13.7,7.9,1,Month-to-month,DSL,West,Basic,Desktop,0
C006591,42,70,86.49,2,17.4,30.0,9.5,0,Month-to-month,Fiber,East,Premium,Mobile,0
C006592,46,27,92.33,1,18.7,50.0,3.7,1,Month-to-month,Fiber,East,Premium,Tablet,0
C006593,29,55,91.88,1,13.1,40.0,9.1,0,Month-to-month,Fiber,East,None,Mobile,0
C006594,50,69,110.46,1,11.2,33.4,5.7,0,One year,DSL,North,Basic,Tablet,0
C006595,65,36,70.77,2,17.1,17.8,9.7,1,Month-to-month,DSL,East,None,Desktop,0
C006596,22,63,85.25,0,6.6,30.3,8.7,0,One year,None,North,Premium,Mobile,0
C006597,48,35,53.59,1,19.0,21.4,5.1,1,Month-to-month,DSL,North,Basic,Tablet,0
C006598,49,10,47.88,4,13.6,48.3,6.1,0,Month-to-month,DSL,North,Basic,Desktop,0
C006599,49,2,116.12,4,25.7,25.3,8.0,1,Month-to-month,DSL,North,Premium,Desktop,0
C006600,63,10,51.7,0,18.2,21.6,8.8,0,Month-to-month,Fiber,West,Basic,Desktop,0
C006601,68,68,88.03,1,14.9,28.4,8.0,0,One year,Fiber,East,Basic,Desktop,0
C006602,39,35,85.28,2,14.4,21.6,7.8,0,Month-to-month,Fiber,South,None,Desktop,0
C006603,51,23,101.37,1,2.5,33.8,6.0,1,Month-to-month,Fiber,North,Basic,Desktop,1
C006604,43,33,30.54,2,15.1,52.9,7.2,0,Month-to-month,Fiber,East,Basic,Mobile,0
C006605,34,19,94.28,4,14.6,31.1,7.0,0,One year,None,East,Basic,Mobile,0
C006606,46,63,70.55,1,16.4,19.9,4.4,1,Month-to-month,Fiber,East,None,Desktop,0
C006607,51,72,57.0,2,14.7,29.1,7.7,0,Month-to-month,DSL,South,Premium,Tablet,0
C006608,45,7,65.73,2,26.0,15.7,6.4,0,Two year,Fiber,North,None,Desktop,0
C006609,31,52,97.92,0,14.1,65.5,9.6,0,One year,DSL,South,None,Desktop,0
C006610,36,25,90.28,1,10.1,52.6,9.2,0,Month-to-month,None,North,None,Desktop,0
C006611,36,4,68.8,0,4.3,46.0,7.4,0,Month-to-month,Fiber,East,Basic,Desktop,0
C006612,31,67,43.52,1,12.9,40.0,9.1,0,Month-to-month,Fiber,West,Basic,Mobile,0
C006613,46,5,45.29,1,8.7,29.0,8.2,0,Month-to-month,None,West,Basic,Mobile,0
C006614,47,15,90.83,1,6.9,29.3,7.1,1,Month-to-month,Fiber,North,None,Mobile,1
C006615,55,2,40.06,0,13.8,28.4,4.6,2,One year,DSL,East,Basic,Desktop,0
C006616,31,34,69.05,3,24.0,59.5,6.8,0,Month-to-month,Fiber,South,None,Desktop,0
C006617,34,44,139.03,1,22.5,28.7,6.5,1,One year,Fiber,East,None,Desktop,0
C006618,62,24,83.49,2,7.0,24.2,,0,Month-to-month,Fiber,West,Premium,Mobile,1
C006619,40,6,90.56,2,16.3,29.7,6.7,0,One year,Fiber,West,Premium,Desktop,0
C006620,42,9,45.47,3,19.0,37.2,9.1,0,One year,DSL,West,Basic,Desktop,0
C006621,40,68,41.32,1,20.1,3.0,9.3,1,Two year,Fiber,South,Premium,Desktop,0
C006622,57,59,91.9,0,27.2,35.7,6.2,0,One year,None,East,Basic,Tablet,0
C006623,57,68,64.94,1,7.8,3.0,4.7,0,Two year,None,East,Basic,Tablet,0
C006624,56,39,101.34,0,9.8,48.7,5.4,0,Month-to-month,Fiber,West,None,Desktop,1
C006625,42,40,75.58,0,11.4,10.3,9.3,0,Month-to-month,DSL,East,Basic,Desktop,0
C006626,31,57,160.91,1,18.6,21.4,8.8,1,Two year,DSL,North,Basic,Tablet,0
C006627,67,45,60.19,2,0.0,8.0,5.0,0,Two year,DSL,North,Basic,Mobile,0
C006628,53,32,81.73,0,14.4,52.6,4.5,2,One year,Fiber,South,None,Mobile,0
C006629,36,22,52.15,0,3.5,30.9,6.0,0,One year,Fiber,North,None,Mobile,0
C006630,61,35,100.3,1,16.0,57.7,10.0,2,Two year,Fiber,South,Premium,Desktop,0
C006631,35,5,85.51,2,30.5,54.9,7.9,1,Month-to-month,Fiber,South,None,Desktop,1
C006632,60,14,50.47,3,22.3,46.0,6.7,0,Month-to-month,Fiber,South,Basic,Mobile,0
C006633,61,54,66.57,4,7.4,14.2,6.9,1,Two year,DSL,South,Basic,Mobile,0
C006634,30,63,108.8,1,13.1,33.0,3.7,0,Month-to-month,None,West,Basic,Mobile,0
C006635,50,8,105.79,1,9.8,47.4,6.6,1,Two year,DSL,North,None,Desktop,0
C006636,52,7,39.14,2,25.1,35.7,9.3,1,Month-to-month,None,South,Basic,Desktop,0
C006637,76,7,62.85,1,0.6,26.6,6.4,0,One year,DSL,West,None,Tablet,1
C006638,32,57,120.03,2,12.9,35.2,6.7,1,Month-to-month,Fiber,West,None,Mobile,0
C006639,61,23,70.32,1,11.1,36.4,7.7,0,One year,Fiber,North,Basic,Mobile,0
C006640,42,24,79.09,0,7.8,13.3,,0,Two year,DSL,East,None,Desktop,0
C006641,26,1,100.17,2,27.6,24.2,7.7,0,One year,Fiber,South,Basic,Mobile,0
C006642,40,71,41.2,1,5.0,38.8,5.6,1,One year,DSL,West,Basic,Desktop,0
C006643,42,32,51.01,2,7.6,41.5,6.2,0,Month-to-month,DSL,East,None,Desktop,0
C006644,28,58,66.41,0,27.2,33.9,6.4,0,Month-to-month,DSL,South,None,Mobile,0
C006645,46,51,104.62,3,15.3,26.1,6.4,0,Two year,Fiber,North,None,Desktop,0
C006646,54,11,99.99,2,14.8,28.7,7.3,0,Two year,DSL,East,None,Tablet,0
C006647,45,58,92.49,1,11.6,21.9,,0,Month-to-month,None,North,None,Mobile,0
C006648,35,40,71.02,2,16.0,29.8,6.8,0,Two year,None,West,None,Desktop,0
C006649,40,44,102.74,2,13.0,41.2,7.3,1,One year,DSL,East,None,Desktop,0
C006650,42,15,70.68,3,10.9,60.1,5.5,1,Month-to-month,Fiber,East,Premium,Mobile,0
C006651,45,61,88.95,2,6.2,16.5,3.2,0,Month-to-month,Fiber,South,None,Mobile,1
C006652,56,68,97.3,5,16.3,46.2,7.1,1,One year,DSL,North,Basic,Mobile,0
C006653,46,30,116.92,2,11.8,35.6,5.9,0,Two year,DSL,East,Basic,Mobile,0
C006654,24,7,73.09,2,12.7,11.8,7.9,0,Month-to-month,Fiber,North,None,Mobile,0
C006655,35,62,65.43,3,20.6,29.8,6.1,2,Month-to-month,DSL,South,Premium,Mobile,0
C006656,44,64,106.88,1,12.5,28.8,3.7,1,Month-to-month,DSL,South,Premium,Desktop,0
C006657,57,37,108.8,1,15.2,31.0,6.9,0,Two year,DSL,East,None,Tablet,0
C006658,59,42,60.92,5,27.7,43.6,9.0,1,Two year,Fiber,West,None,Mobile,0
C006659,65,17,46.87,0,18.7,54.7,7.7,0,Month-to-month,DSL,East,Basic,Desktop,0
C006660,44,5,104.98,1,12.2,46.5,4.5,0,One year,DSL,South,Basic,Tablet,0
C006661,52,68,33.46,0,8.3,33.6,6.0,1,Month-to-month,DSL,North,Premium,Desktop,0
C006662,23,35,32.18,1,15.1,34.9,6.2,0,One year,DSL,South,Premium,Mobile,0
C006663,48,20,67.79,0,21.5,55.9,6.8,1,One year,Fiber,West,Basic,Mobile,0
C006664,28,50,74.56,1,11.9,18.3,6.0,0,Month-to-month,Fiber,West,Basic,Desktop,0
C006665,41,2,45.5,0,15.7,45.9,3.9,0,Month-to-month,Fiber,West,None,Desktop,1
C006666,81,6,77.55,3,11.7,17.2,6.9,0,Month-to-month,Fiber,North,Basic,Mobile,0
C006667,46,18,78.66,2,13.1,12.7,9.7,0,Two year,Fiber,East,None,Mobile,0
C006668,31,33,59.99,0,7.1,38.6,5.9,0,Month-to-month,Fiber,North,Basic,Mobile,0
C006669,47,27,122.84,1,17.5,11.1,4.9,0,Month-to-month,DSL,South,None,Desktop,0
C006670,35,14,82.74,0,16.6,26.3,9.7,1,Month-to-month,None,West,Premium,Desktop,0
C006671,30,26,100.21,0,25.9,47.5,10.0,1,Two year,DSL,North,,Mobile,0
C006672,69,25,35.59,2,16.3,20.0,6.4,0,Month-to-month,Fiber,North,Premium,Desktop,0
C006673,56,38,35.38,1,10.6,52.6,7.5,0,Two year,Fiber,West,Premium,Mobile,0
C006674,46,41,83.5,2,25.7,3.9,7.5,0,One year,None,North,None,Desktop,0
C006675,37,64,118.37,3,18.1,43.5,8.7,0,Month-to-month,DSL,South,Premium,Desktop,0
C006676,38,59,46.75,1,16.9,14.4,5.1,1,Month-to-month,Fiber,North,Basic,Mobile,0
C006677,62,22,75.58,2,15.4,28.7,7.0,1,Month-to-month,Fiber,East,Basic,Desktop,0
C006678,46,65,41.12,0,16.6,33.6,5.1,0,Two year,DSL,South,Basic,Desktop,0
C006679,18,38,54.03,4,9.5,27.6,7.7,0,Month-to-month,Fiber,West,Basic,Desktop,0
C006680,73,14,76.83,2,14.9,27.9,9.8,0,Month-to-month,Fiber,East,Basic,Tablet,0
C006681,44,25,59.68,2,14.0,13.6,7.7,1,One year,Fiber,North,None,Tablet,0
C006682,46,54,39.36,2,18.0,48.0,,1,Month-to-month,Fiber,East,Basic,Tablet,0
C006683,56,60,38.8,2,23.3,16.2,8.9,0,Month-to-month,Fiber,North,Basic,Mobile,0
C006684,48,27,24.85,0,22.3,16.2,6.0,0,Month-to-month,Fiber,South,,Tablet,0
C006685,52,12,83.91,1,19.1,29.8,8.0,0,One year,Fiber,North,Premium,Tablet,0
C006686,36,14,86.94,2,3.4,22.6,5.7,1,One year,Fiber,East,Premium,Desktop,0
C006687,26,8,86.81,3,12.5,41.1,4.7,0,Two year,Fiber,West,Basic,Desktop,0
C006688,46,51,49.27,4,2.7,24.6,5.7,2,Month-to-month,Fiber,North,,Desktop,0
C006689,61,37,97.15,2,23.1,31.0,2.2,0,Two year,None,East,Basic,Desktop,0
C006690,34,33,89.67,2,14.7,32.4,5.1,2,Month-to-month,DSL,East,Premium,Desktop,0
C006691,33,49,72.18,1,14.5,42.7,10.0,0,Month-to-month,None,West,Premium,Desktop,0
C006692,58,60,68.08,0,10.7,24.7,2.0,1,One year,None,North,Premium,Desktop,0
C006693,36,58,55.77,0,24.4,10.9,4.3,0,Month-to-month,Fiber,East,Basic,Desktop,0
C006694,37,10,76.8,2,16.2,21.3,10.0,0,Month-to-month,Fiber,East,Basic,Desktop,0
C006695,37,43,112.43,0,14.7,44.6,5.4,0,Month-to-month,DSL,East,Basic,Mobile,0
C006696,41,64,100.45,2,16.4,35.2,6.4,0,Two year,Fiber,West,Premium,Mobile,0
C006697,22,56,65.59,6,16.9,26.6,7.1,0,One year,Fiber,East,Basic,Tablet,0
C006698,35,24,85.47,1,14.6,31.7,4.1,0,Two year,Fiber,West,None,Mobile,0
C006699,45,29,44.46,1,24.3,27.8,9.0,1,One year,DSL,North,Basic,Mobile,0
C006700,45,65,90.25,3,24.3,40.5,,1,One year,Fiber,West,None,Mobile,0
C006701,57,3,51.23,3,16.2,35.0,6.0,0,Month-to-month,Fiber,North,Basic,Mobile,1
C006702,66,38,89.26,1,10.1,27.7,8.8,0,Month-to-month,DSL,South,Basic,Mobile,0
C006703,62,9,146.23,1,17.8,42.0,4.7,0,Month-to-month,Fiber,North,Basic,Tablet,1
C006704,54,65,57.75,2,11.3,45.1,7.2,0,Month-to-month,DSL,West,Premium,Desktop,0
C006705,40,3,145.07,1,25.5,20.0,5.3,1,Month-to-month,Fiber,North,Basic,Mobile,0
C006706,34,2,84.27,2,26.5,20.2,4.8,0,Month-to-month,Fiber,South,None,Mobile,0
C006707,42,24,53.26,2,20.5,59.8,10.0,0,Two year,None,North,Basic,Mobile,0
C006708,50,15,52.11,2,7.4,38.5,7.3,0,Month-to-month,Fiber,West,Premium,Mobile,0
C006709,53,36,131.12,5,12.2,51.0,8.8,0,Month-to-month,DSL,West,Basic,Mobile,0
C006710,50,22,84.32,3,14.1,41.7,,0,One year,DSL,South,None,Mobile,0
C006711,40,26,57.85,0,9.6,36.5,5.2,1,Month-to-month,None,South,None,Desktop,0
C006712,52,41,66.91,2,13.4,5.4,1.5,0,One year,DSL,North,Basic,Mobile,0
C006713,58,41,82.77,3,17.1,16.3,6.5,0,One year,Fiber,North,Basic,Mobile,0
C006714,53,68,71.78,2,19.2,38.8,4.1,1,Month-to-month,Fiber,North,Basic,Desktop,0
C006715,42,35,80.65,1,24.5,20.1,7.3,0,Month-to-month,DSL,West,None,Mobile,0
C006716,31,41,116.34,1,15.4,29.2,4.8,0,Two year,DSL,North,Basic,Desktop,0
C006717,31,49,43.8,0,13.4,41.9,7.9,2,Two year,Fiber,South,Basic,Desktop,0
C006718,33,13,88.12,2,6.5,32.6,10.0,0,Month-to-month,Fiber,East,Basic,Tablet,0
C006719,45,49,70.18,1,17.9,35.8,10.0,1,Month-to-month,DSL,West,Basic,Mobile,0
C006720,49,63,59.52,3,12.3,47.7,7.7,0,Month-to-month,Fiber,South,Premium,Mobile,0
C006721,24,23,98.8,1,14.1,48.8,7.1,1,Two year,DSL,North,Premium,Desktop,0
C006722,35,13,35.46,0,11.6,30.3,5.8,0,Month-to-month,Fiber,South,Basic,Desktop,0
C006723,45,25,20.0,2,11.8,46.3,5.7,0,Two year,DSL,North,None,Mobile,0
C006724,30,20,77.61,3,20.5,19.5,5.4,0,Month-to-month,Fiber,North,Basic,Mobile,1
C006725,48,43,68.55,4,15.1,33.7,9.8,0,Month-to-month,Fiber,West,Premium,Desktop,0
C006726,38,63,38.18,2,26.5,37.8,6.4,0,Month-to-month,DSL,South,Basic,Mobile,0
C006727,33,43,29.24,2,7.7,29.7,,0,Month-to-month,Fiber,South,Basic,Desktop,0
C006728,43,10,120.27,3,24.3,28.3,5.4,0,Two year,Fiber,East,Premium,Desktop,0
C006729,47,23,83.58,1,12.1,17.6,6.8,0,Month-to-month,Fiber,East,Premium,Tablet,0
C006730,31,50,72.49,0,15.1,30.6,4.8,0,Month-to-month,Fiber,West,Premium,Mobile,0
C006731,39,24,126.88,0,19.0,11.7,8.1,0,One year,DSL,South,None,Desktop,0
C006732,48,43,97.55,5,22.7,,6.7,1,Month-to-month,Fiber,West,Premium,Mobile,1
C006733,32,50,116.23,1,23.0,31.7,7.0,0,Month-to-month,Fiber,West,Premium,Tablet,0
C006734,20,24,42.5,2,22.9,39.9,6.5,1,Month-to-month,Fiber,South,None,Mobile,0
C006735,22,47,41.57,2,14.1,16.9,8.1,0,Month-to-month,None,North,Premium,Desktop,0
C006736,37,29,87.43,2,28.2,35.1,8.3,1,One year,Fiber,South,None,Tablet,0
C006737,25,10,82.36,2,19.8,37.8,8.6,0,Month-to-month,DSL,South,None,Mobile,0
C006738,37,27,103.24,2,0.0,30.7,5.4,0,Month-to-month,None,North,None,Desktop,0
C006739,64,32,31.23,1,15.9,36.4,7.7,2,Month-to-month,None,East,None,Mobile,0
C006740,24,1,89.59,0,13.0,34.2,6.2,1,Month-to-month,DSL,East,Basic,Mobile,0
C006741,38,65,96.73,3,13.5,3.0,9.5,2,One year,Fiber,West,Basic,Desktop,0
C006742,70,39,95.4,2,20.2,19.9,7.5,0,Month-to-month,DSL,East,Basic,Tablet,0
C006743,47,3,61.83,4,17.9,56.7,7.6,0,Month-to-month,None,North,None,Tablet,0
C006744,37,63,84.97,2,11.0,38.9,6.6,0,Month-to-month,None,North,None,Desktop,0
C006745,40,62,52.61,1,26.2,23.8,5.6,0,Month-to-month,DSL,North,Basic,Desktop,0
C006746,48,1,64.68,1,6.7,35.4,7.2,0,Month-to-month,DSL,East,,Mobile,0
C006747,64,12,45.93,2,6.3,39.5,9.3,0,Month-to-month,DSL,West,Basic,Mobile,0
C006748,35,27,53.03,3,8.1,49.5,5.7,0,One year,None,East,Premium,Tablet,0
C006749,32,37,65.98,1,18.8,26.3,9.5,1,Two year,Fiber,South,,Desktop,0
C006750,24,53,59.73,2,18.3,23.8,8.1,0,Month-to-month,Fiber,South,Basic,Mobile,0
C006751,43,31,53.03,0,10.0,25.0,3.4,0,Month-to-month,Fiber,South,None,Tablet,0
C006752,24,45,39.51,2,11.6,24.1,5.5,0,Month-to-month,Fiber,North,Basic,Mobile,0
C006753,36,1,121.03,3,15.7,,10.0,0,Two year,Fiber,West,Basic,Mobile,0
C006754,30,48,59.49,2,8.2,33.2,6.9,0,Month-to-month,Fiber,South,Premium,Desktop,0
C006755,56,66,80.25,1,21.3,25.9,5.5,1,Month-to-month,DSL,South,None,Mobile,0
C006756,35,38,28.03,0,26.7,30.3,5.5,0,Two year,Fiber,East,None,Mobile,0
C006757,47,33,105.94,0,14.5,53.5,6.9,1,One year,Fiber,East,Basic,Mobile,0
C006758,21,22,76.18,2,18.1,19.5,8.8,0,One year,Fiber,East,Basic,Mobile,0
C006759,44,69,60.9,1,16.5,35.0,6.5,0,Month-to-month,Fiber,North,None,Desktop,0
C006760,26,3,61.12,0,25.3,17.4,5.7,0,One year,Fiber,South,Basic,Mobile,0
C006761,36,21,93.74,3,29.3,,3.0,0,Month-to-month,None,East,Basic,Desktop,0
C006762,71,10,20.0,0,13.2,44.4,5.5,0,Month-to-month,Fiber,South,None,Desktop,0
C006763,54,63,51.4,1,15.9,20.6,5.8,0,Two year,None,East,None,Mobile,0
C006764,40,35,69.02,2,21.7,22.6,7.7,0,One year,DSL,South,Basic,Mobile,0
C006765,84,67,68.73,2,18.1,39.0,7.8,0,One year,Fiber,East,None,Mobile,0
C006766,30,48,134.63,1,9.3,27.7,9.7,0,One year,Fiber,West,None,Mobile,0
C006767,57,41,63.56,0,3.1,48.0,5.0,0,Month-to-month,Fiber,East,Basic,Mobile,0
C006768,22,38,96.76,1,11.5,16.6,7.3,1,One year,Fiber,East,Premium,Desktop,0
C006769,39,15,117.29,2,18.0,43.9,7.4,0,One year,Fiber,South,Premium,Mobile,0
C006770,24,41,88.77,0,13.0,57.9,5.3,1,One year,Fiber,West,Basic,Mobile,0
C006771,45,50,55.15,1,8.3,35.7,8.7,0,Month-to-month,Fiber,North,Premium,Mobile,0
C006772,43,70,39.89,0,11.7,,10.0,0,Month-to-month,Fiber,East,None,Desktop,0
C006773,38,40,90.64,1,28.5,21.7,7.1,0,Month-to-month,DSL,East,Premium,Mobile,1
C006774,56,68,113.13,0,7.8,29.1,6.2,0,One year,Fiber,North,Basic,Mobile,0
C006775,35,69,85.65,1,13.5,39.1,9.8,1,Month-to-month,Fiber,North,None,Desktop,0
C006776,46,38,102.84,1,12.1,13.1,7.9,0,Month-to-month,Fiber,East,None,Desktop,0
C006777,53,32,136.8,4,29.4,27.3,4.9,1,One year,DSL,West,Basic,Mobile,0
C006778,23,11,92.93,0,5.4,32.6,6.8,0,Month-to-month,Fiber,North,Basic,Desktop,0
C006779,32,20,44.48,1,10.2,49.6,6.4,2,Month-to-month,DSL,West,Basic,Desktop,0
C006780,43,64,73.28,3,16.2,53.3,5.6,0,One year,Fiber,North,None,Desktop,0
C006781,50,10,106.26,2,16.9,29.4,5.7,0,Month-to-month,DSL,North,None,Desktop,0
C006782,60,29,65.78,1,23.6,17.7,5.9,0,Two year,DSL,West,Premium,Desktop,0
C006783,39,51,109.64,1,22.9,32.7,8.6,0,One year,DSL,East,Basic,Mobile,0
C006784,38,18,70.33,2,10.8,33.1,6.6,0,One year,Fiber,South,Basic,Mobile,0
C006785,31,71,80.36,3,17.9,45.2,7.3,0,Month-to-month,Fiber,South,,Mobile,1
C006786,46,47,63.23,3,14.5,25.7,8.8,0,One year,None,West,Premium,Mobile,0
C006787,38,3,75.99,0,12.5,19.1,6.6,0,One year,DSL,South,Premium,Tablet,0
C006788,38,18,77.31,2,22.8,30.9,4.9,0,Month-to-month,DSL,South,None,Tablet,0
C006789,41,54,31.79,2,17.5,26.9,8.8,0,Month-to-month,Fiber,North,Premium,Desktop,0
C006790,49,63,60.96,5,26.9,26.6,6.4,0,Month-to-month,Fiber,East,None,Desktop,0
C006791,35,67,41.17,2,19.1,20.6,10.0,2,One year,DSL,South,Basic,Mobile,0
C006792,32,62,61.82,2,22.2,15.9,8.9,0,Two year,DSL,West,Basic,Mobile,0
C006793,48,6,52.12,1,0.0,38.3,8.1,0,Two year,Fiber,West,Premium,Mobile,0
C006794,18,53,97.3,1,16.4,34.2,7.5,0,Two year,DSL,East,None,Desktop,0
C006795,34,8,97.58,1,18.8,21.4,9.1,0,Month-to-month,Fiber,East,None,Desktop,0
C006796,27,6,86.01,1,19.4,40.8,7.5,0,Month-to-month,DSL,North,Premium,Mobile,0
C006797,58,50,40.31,1,26.6,8.9,3.2,1,Month-to-month,DSL,West,None,Desktop,0
C006798,36,35,69.55,3,20.1,26.1,6.9,0,Month-to-month,None,West,Basic,Desktop,1
C006799,35,47,38.32,5,7.3,33.6,8.1,0,Month-to-month,Fiber,South,None,Mobile,0
C006800,41,62,68.32,3,19.5,44.3,5.3,0,One year,DSL,West,None,Tablet,0
C006801,34,5,88.19,2,21.6,24.3,10.0,0,One year,Fiber,East,Basic,Mobile,0
C006802,37,38,96.8,0,11.5,44.5,6.8,1,Month-to-month,Fiber,North,Basic,Desktop,0
C006803,43,61,83.82,1,12.9,23.2,8.1,0,Two year,Fiber,North,None,Mobile,0
C006804,37,32,103.46,1,21.3,40.9,9.2,0,Month-to-month,Fiber,South,Basic,Mobile,0
C006805,36,38,78.49,1,15.8,51.2,8.2,0,One year,Fiber,South,Premium,Desktop,0
C006806,29,36,66.16,0,23.4,19.0,6.9,1,Month-to-month,DSL,South,None,Mobile,1
C006807,27,66,93.84,1,17.1,32.8,7.8,1,One year,DSL,East,,Mobile,0
C006808,43,4,94.66,1,0.5,37.5,6.8,1,Month-to-month,DSL,East,None,Tablet,0
C006809,46,64,58.9,0,16.2,16.1,6.9,0,One year,Fiber,East,Basic,Desktop,0
C006810,23,59,81.47,0,13.0,36.2,5.0,1,Month-to-month,DSL,West,None,Mobile,0
C006811,52,59,64.64,2,20.1,24.2,6.6,0,Month-to-month,DSL,South,Premium,Mobile,0
C006812,52,30,21.79,3,18.8,20.9,4.9,1,One year,None,West,None,Desktop,0
C006813,55,38,83.0,3,9.2,25.9,7.1,1,Month-to-month,Fiber,West,Basic,Desktop,0
C006814,46,27,39.64,1,17.2,25.0,,2,Month-to-month,Fiber,West,None,Tablet,0
C006815,50,19,80.21,2,19.6,40.6,8.0,1,Month-to-month,Fiber,East,Premium,Mobile,1
C006816,70,64,33.62,1,18.9,31.0,4.4,1,Month-to-month,Fiber,East,Basic,Mobile,0
C006817,38,37,54.01,1,22.7,58.7,5.4,0,One year,Fiber,West,None,Mobile,0
C006818,28,53,61.16,1,8.7,24.6,5.4,1,Month-to-month,DSL,South,Basic,Desktop,0
C006819,22,8,102.04,4,14.7,36.7,7.1,0,Month-to-month,DSL,North,Basic,Mobile,1
C006820,65,57,58.66,2,0.2,29.2,6.7,0,Month-to-month,Fiber,East,None,Mobile,0
C006821,65,48,45.13,1,24.1,,9.1,1,Month-to-month,DSL,West,None,Desktop,0
C006822,30,72,81.11,3,16.7,50.1,7.2,0,Month-to-month,DSL,West,Basic,Desktop,0
C006823,33,10,66.58,2,15.2,32.4,7.1,1,Month-to-month,Fiber,North,None,Mobile,0
C006824,38,39,91.76,2,15.1,21.6,5.2,0,Month-to-month,Fiber,East,Basic,Desktop,0
C006825,58,37,46.7,0,19.4,35.8,6.6,1,One year,DSL,East,Basic,Mobile,0
C006826,25,39,77.27,2,23.3,43.4,4.7,0,Month-to-month,Fiber,North,Basic,Desktop,0
C006827,18,4,133.74,2,14.0,20.8,8.0,0,Month-to-month,Fiber,East,Premium,Mobile,1
C006828,70,35,66.02,4,18.9,31.6,8.6,1,Month-to-month,Fiber,South,None,Mobile,0
C006829,46,22,76.67,1,18.8,43.5,4.4,0,One year,DSL,West,None,Tablet,0
C006830,48,45,30.47,0,0.6,33.0,7.2,0,Two year,Fiber,West,None,Mobile,0
C006831,39,17,50.68,0,11.0,37.7,6.9,0,Month-to-month,None,South,None,Tablet,0
C006832,48,32,83.49,2,19.0,27.8,9.3,0,Month-to-month,None,North,None,Desktop,0
C006833,22,45,63.75,2,24.6,12.1,,0,Two year,Fiber,North,Basic,Mobile,0
C006834,31,5,87.36,1,25.5,28.0,5.7,1,Two year,None,West,Premium,Desktop,0
C006835,43,57,82.62,1,7.4,24.3,7.6,0,Month-to-month,Fiber,West,Basic,Desktop,0
C006836,18,52,39.05,3,23.0,29.7,6.2,0,One year,DSL,North,Premium,Mobile,0
C006837,38,5,97.38,1,23.2,24.4,6.3,0,Month-to-month,Fiber,South,Basic,Desktop,0
C006838,37,5,40.93,0,18.9,33.0,6.3,0,Month-to-month,Fiber,South,None,Mobile,0
C006839,38,62,52.88,2,1.9,26.8,8.0,0,One year,Fiber,East,,Mobile,0
C006840,35,21,77.74,1,12.2,,9.1,1,Month-to-month,Fiber,North,Premium,Desktop,0
C006841,29,62,111.18,2,16.8,38.4,7.0,0,Two year,DSL,North,None,Mobile,0
C006842,18,36,46.9,1,14.3,19.9,6.6,0,Month-to-month,Fiber,South,None,Tablet,1
C006843,44,25,75.69,3,0.8,46.1,8.3,0,Month-to-month,Fiber,North,None,Mobile,0
C006844,38,20,75.9,0,14.2,22.3,7.5,0,One year,DSL,North,None,Mobile,0
C006845,24,48,88.43,1,9.5,17.5,7.4,0,Two year,DSL,West,None,Desktop,0
C006846,43,8,101.6,2,20.1,43.7,9.1,0,Month-to-month,DSL,West,Basic,Desktop,0
C006847,38,29,61.9,1,19.4,23.9,5.2,0,Two year,Fiber,North,Basic,Desktop,0
C006848,36,25,97.3,0,19.7,32.2,6.6,1,One year,Fiber,West,Basic,Mobile,0
C006849,18,12,105.26,1,13.4,15.5,5.3,1,One year,Fiber,South,Basic,Desktop,0
C006850,51,26,116.6,2,16.1,26.6,6.1,0,Month-to-month,None,North,Basic,Desktop,0
C006851,26,39,84.55,1,15.4,29.6,4.8,0,Month-to-month,Fiber,North,None,Mobile,0
C006852,43,49,75.94,1,22.4,26.3,6.4,0,One year,Fiber,South,None,Desktop,0
C006853,31,7,60.14,2,12.3,24.8,7.8,0,Month-to-month,Fiber,East,Basic,Mobile,0
C006854,37,63,35.53,2,10.7,31.5,2.4,0,Two year,Fiber,South,Premium,Desktop,0
C006855,57,64,65.05,0,22.7,42.9,6.5,1,Month-to-month,Fiber,South,None,Mobile,0
C006856,49,50,74.81,3,21.7,19.7,6.9,0,Month-to-month,None,South,None,Desktop,0
C006857,57,67,69.26,2,19.3,3.0,6.6,0,Month-to-month,Fiber,South,None,Mobile,0
C006858,46,31,86.94,0,27.1,45.9,4.1,1,Month-to-month,Fiber,North,Basic,Mobile,0
C006859,47,60,35.65,0,30.6,23.1,8.8,0,Month-to-month,Fiber,West,None,Desktop,0
C006860,19,53,67.45,0,24.6,24.1,8.8,1,Two year,Fiber,South,Premium,Mobile,0
C006861,38,41,121.87,3,10.8,24.5,9.2,1,Month-to-month,Fiber,North,Basic,Tablet,0
C006862,39,13,96.89,1,21.8,15.1,6.1,0,Month-to-month,Fiber,West,None,Mobile,1
C006863,58,41,87.4,0,16.8,26.3,7.4,0,One year,DSL,North,Basic,Mobile,0
C006864,35,65,81.77,1,12.1,27.6,5.8,0,Two year,Fiber,South,Premium,Mobile,0
C006865,45,71,62.86,0,10.8,36.2,5.2,1,Two year,Fiber,East,Basic,Tablet,0
C006866,45,33,28.15,2,17.9,24.4,5.1,0,Month-to-month,DSL,South,Basic,Desktop,0
C006867,57,18,83.43,1,21.7,3.0,7.5,1,Month-to-month,Fiber,North,Premium,Desktop,0
C006868,40,54,20.0,0,25.7,15.0,8.6,1,Month-to-month,Fiber,North,None,Mobile,0
C006869,53,6,63.86,2,20.7,44.4,9.4,0,Two year,Fiber,East,Basic,Tablet,0
C006870,20,11,71.91,1,20.0,20.9,7.0,0,Two year,DSL,East,Premium,Desktop,0
C006871,21,41,60.82,1,14.6,37.5,5.9,0,One year,Fiber,West,None,Tablet,0
C006872,18,72,126.28,0,17.5,22.4,6.9,0,One year,Fiber,South,Premium,Mobile,0
C006873,52,24,117.61,4,5.5,40.8,8.8,1,Month-to-month,Fiber,West,None,Tablet,1
C006874,51,32,97.82,3,20.0,32.2,10.0,0,Two year,Fiber,South,None,Mobile,0
C006875,54,24,48.87,0,19.0,13.6,,0,Month-to-month,Fiber,West,Basic,Mobile,0
C006876,33,32,120.04,0,29.4,16.9,9.0,0,One year,Fiber,North,Basic,Mobile,0
C006877,35,1,87.47,0,15.7,13.1,9.6,0,Month-to-month,Fiber,West,None,Desktop,0
C006878,40,43,48.45,3,24.3,41.9,7.2,0,Month-to-month,None,East,Basic,Mobile,0
C006879,61,43,72.82,2,12.7,15.9,7.6,2,One year,Fiber,North,None,Mobile,0
C006880,64,23,95.96,3,27.9,26.6,9.0,0,Month-to-month,Fiber,North,Premium,Mobile,0
C006881,52,20,57.03,2,26.1,30.0,8.0,0,Two year,Fiber,North,Basic,Tablet,0
C006882,46,55,75.51,1,23.9,33.7,8.7,1,Month-to-month,Fiber,West,Basic,Desktop,0
C006883,59,14,79.91,2,16.4,25.5,6.0,0,Month-to-month,Fiber,South,Basic,Desktop,1
C006884,39,4,44.48,3,14.4,12.1,9.6,0,One year,DSL,East,Basic,Desktop,0
C006885,37,3,65.25,1,13.4,16.5,6.2,0,One year,None,East,Premium,Mobile,0
C006886,40,64,46.36,4,9.2,18.4,9.1,0,Month-to-month,DSL,East,None,Desktop,0
C006887,29,27,93.72,1,19.3,3.0,,0,One year,Fiber,North,None,Mobile,0
C006888,40,8,49.3,0,14.3,36.2,6.1,0,Month-to-month,Fiber,East,None,Mobile,0
C006889,27,64,79.3,2,18.7,37.1,3.5,0,Two year,Fiber,West,Premium,Mobile,0
C006890,55,11,37.25,2,17.2,18.1,6.7,0,One year,DSL,North,None,Mobile,1
C006891,49,25,43.66,1,8.5,46.7,4.9,0,Two year,Fiber,East,None,Mobile,0
C006892,61,2,42.45,2,23.4,29.7,5.4,2,One year,DSL,West,Basic,Desktop,0
C006893,21,49,64.76,0,16.7,41.2,8.0,0,One year,Fiber,North,Premium,Mobile,0
C006894,67,51,76.51,2,22.0,40.3,4.4,1,Month-to-month,Fiber,South,None,Mobile,0
C006895,22,55,81.12,0,7.8,29.4,9.3,0,Month-to-month,Fiber,West,Basic,Desktop,0
C006896,26,19,27.69,2,10.7,6.6,10.0,0,Month-to-month,DSL,North,,Mobile,0
C006897,34,24,67.78,4,13.3,33.4,6.2,0,Month-to-month,None,North,Basic,Mobile,0
C006898,59,68,53.24,2,17.7,37.3,9.3,0,Month-to-month,DSL,South,None,Tablet,0
C006899,45,60,85.35,0,15.3,23.2,4.6,0,Two year,Fiber,North,Premium,Desktop,0
C006900,39,3,65.31,2,25.6,32.9,7.8,0,Two year,Fiber,South,Basic,Tablet,0
C006901,32,50,69.98,1,23.2,30.7,7.7,2,Month-to-month,None,South,Premium,Tablet,0
C006902,24,59,53.38,1,10.9,19.6,10.0,2,Month-to-month,Fiber,East,None,Mobile,0
C006903,57,41,115.12,1,36.6,29.8,6.4,0,Month-to-month,DSL,East,None,Tablet,0
C006904,52,47,39.91,1,15.4,24.9,7.9,1,Two year,Fiber,North,Basic,Desktop,0
C006905,60,1,62.01,3,25.0,35.5,6.8,1,Month-to-month,DSL,East,None,Mobile,0
C006906,47,3,74.69,2,14.0,23.9,6.4,0,Two year,Fiber,South,None,Tablet,0
C006907,18,3,65.72,0,20.4,22.5,6.9,0,Month-to-month,DSL,South,None,Tablet,1
C006908,26,12,52.9,1,22.6,11.3,6.8,1,One year,DSL,East,Premium,Desktop,0
C006909,48,72,26.71,2,5.5,57.5,6.0,0,Two year,None,North,Premium,Mobile,0
C006910,37,46,54.71,2,28.2,25.6,7.6,0,One year,Fiber,West,Basic,Mobile,0
C006911,35,57,48.02,0,10.5,17.4,5.5,0,Month-to-month,DSL,East,None,Desktop,0
C006912,28,22,113.98,1,13.6,38.2,6.4,0,Two year,Fiber,North,Premium,Desktop,0
C006913,54,68,128.62,1,11.8,33.2,10.0,0,Two year,Fiber,East,None,Mobile,0
C006914,48,15,70.73,1,12.0,37.6,6.9,0,Month-to-month,DSL,West,Basic,Desktop,0
C006915,49,65,36.88,1,12.4,38.8,8.7,2,Month-to-month,Fiber,South,Premium,Mobile,0
C006916,34,3,90.45,2,7.6,44.2,7.0,0,One year,DSL,East,Basic,Desktop,1
C006917,44,2,47.47,2,21.3,18.2,8.5,0,One year,DSL,East,Premium,Desktop,0
C006918,25,6,58.27,1,16.8,32.8,6.8,0,Month-to-month,Fiber,North,Basic,Mobile,0
C006919,40,58,56.28,1,15.0,12.1,2.4,0,One year,Fiber,South,Premium,Desktop,0
C006920,18,19,59.49,4,23.1,27.3,7.0,0,Month-to-month,Fiber,North,Basic,Desktop,0
C006921,22,33,63.13,1,28.4,39.0,5.3,0,Month-to-month,Fiber,West,None,Desktop,0
C006922,38,34,39.16,1,5.1,20.3,6.6,0,Month-to-month,DSL,North,Basic,Mobile,0
C006923,73,57,54.45,2,27.4,57.8,8.3,0,Month-to-month,DSL,West,None,Mobile,0
C006924,19,26,97.5,1,15.8,31.2,10.0,1,Month-to-month,None,East,None,Mobile,1
C006925,26,1,71.16,3,6.5,9.3,4.6,1,Two year,Fiber,East,None,Mobile,0
C006926,45,28,75.13,3,18.9,39.5,6.7,0,Month-to-month,DSL,South,Premium,Mobile,0
C006927,65,21,20.0,4,15.2,57.6,7.1,2,One year,Fiber,South,Premium,Mobile,0
C006928,45,53,95.69,2,22.0,4.2,7.2,0,Two year,DSL,North,None,Mobile,0
C006929,51,55,54.86,0,17.0,39.6,7.2,0,Two year,None,North,None,Mobile,0
C006930,38,7,100.1,1,18.5,19.1,8.1,0,One year,Fiber,North,None,Tablet,0
C006931,35,58,75.86,2,13.0,30.4,6.3,0,One year,DSL,East,Basic,Desktop,0
C006932,43,6,57.95,0,8.8,15.3,6.7,0,Month-to-month,Fiber,East,Basic,Desktop,0
C006933,33,45,30.06,1,21.2,41.2,7.8,1,Month-to-month,Fiber,East,Basic,Mobile,0
C006934,51,29,126.37,2,12.3,27.2,5.8,0,Month-to-month,Fiber,North,Basic,Tablet,0
C006935,21,22,92.08,4,18.8,44.9,6.0,1,Month-to-month,Fiber,East,None,Tablet,1
C006936,54,35,93.58,2,26.4,18.6,7.0,0,Month-to-month,DSL,West,Basic,Mobile,0
C006937,43,23,117.47,2,14.9,28.5,6.0,0,Two year,Fiber,West,Basic,Desktop,0
C006938,39,58,77.6,1,20.9,3.2,5.3,0,Two year,None,West,Premium,Mobile,0
C006939,21,70,105.81,2,15.8,62.2,5.1,0,One year,Fiber,South,None,Mobile,0
C006940,29,59,60.04,3,13.4,54.0,7.0,0,One year,Fiber,North,Basic,Mobile,0
C006941,58,32,90.44,4,5.1,57.2,9.6,0,Month-to-month,DSL,North,Basic,Mobile,0
C006942,39,37,56.25,0,15.7,49.4,7.8,0,Month-to-month,Fiber,East,Basic,Mobile,0
C006943,46,33,59.4,1,14.9,23.9,5.4,0,Two year,Fiber,East,Basic,Mobile,0
C006944,31,58,74.43,1,9.9,30.5,9.9,0,Month-to-month,DSL,West,Basic,Mobile,0
C006945,42,40,40.32,3,1.8,34.5,6.2,1,One year,None,South,Basic,Desktop,0
C006946,24,34,80.24,1,4.3,35.5,10.0,0,Month-to-month,None,West,Premium,Desktop,0
C006947,43,30,64.2,1,28.5,17.9,7.0,0,One year,Fiber,South,Basic,Mobile,0
C006948,47,28,22.31,3,16.3,17.3,7.6,1,One year,Fiber,East,None,Mobile,0
C006949,46,40,60.56,0,5.9,15.0,6.4,1,Month-to-month,Fiber,West,Basic,Desktop,0
C006950,30,50,63.37,0,11.8,25.9,6.6,0,One year,DSL,North,None,Desktop,0
C006951,38,32,93.32,1,16.1,27.2,9.6,0,One year,Fiber,North,Premium,Tablet,0
C006952,49,59,79.13,2,19.1,25.6,6.8,1,Month-to-month,None,South,Basic,Tablet,0
C006953,39,60,108.19,1,14.4,34.0,8.8,1,Month-to-month,Fiber,East,Basic,Mobile,0
C006954,38,31,85.0,1,30.1,14.4,7.2,0,Month-to-month,None,East,Basic,Mobile,0
C006955,67,66,58.15,2,30.5,20.7,6.9,0,Month-to-month,None,West,None,Mobile,0
C006956,30,13,70.54,0,18.7,21.9,8.2,0,One year,DSL,South,None,Tablet,0
C006957,56,68,63.3,4,13.4,40.8,6.9,0,Month-to-month,Fiber,North,Basic,Mobile,0
C006958,27,22,84.2,2,18.7,33.4,,0,Month-to-month,Fiber,East,None,Desktop,0
C006959,51,41,73.5,0,6.7,35.1,5.7,0,Month-to-month,None,East,Basic,Mobile,0
C006960,51,21,56.29,2,23.0,19.8,8.1,1,One year,DSL,East,None,Desktop,0
C006961,35,32,72.22,1,17.2,31.5,3.1,1,Month-to-month,DSL,South,Premium,Mobile,0
C006962,26,25,83.53,2,7.6,21.7,7.8,1,Two year,DSL,East,Premium,Desktop,0
C006963,18,51,46.84,1,11.9,22.1,4.5,1,One year,Fiber,South,None,Desktop,0
C006964,34,6,79.93,3,20.0,35.4,7.4,0,Month-to-month,Fiber,South,Basic,Desktop,0
C006965,49,61,32.53,4,4.3,23.2,9.5,0,One year,Fiber,South,Premium,Desktop,0
C006966,28,66,99.64,2,9.7,29.7,5.5,0,Month-to-month,None,West,Basic,Desktop,0
C006967,43,41,85.18,1,12.7,27.8,8.0,0,Month-to-month,Fiber,South,None,Desktop,0
C006968,23,40,112.73,0,22.8,16.9,9.1,0,One year,None,North,None,Mobile,0
C006969,39,51,44.09,1,28.0,24.1,6.1,0,Month-to-month,DSL,East,Basic,Mobile,0
C006970,27,15,100.34,3,18.7,24.3,5.9,1,Two year,DSL,North,None,Desktop,0
C006971,41,54,95.39,1,0.0,26.4,7.8,0,One year,None,East,None,Tablet,0
C006972,35,16,67.44,1,8.2,9.4,9.3,0,Month-to-month,Fiber,North,Basic,Desktop,0
C006973,27,49,62.58,1,40.5,22.2,10.0,1,Month-to-month,DSL,North,Premium,Desktop,0
C006974,33,23,44.87,1,17.1,41.9,5.8,0,Two year,DSL,South,Basic,Mobile,0
C006975,30,54,38.35,1,0.0,36.2,8.3,0,Month-to-month,DSL,East,Basic,Desktop,0
C006976,25,57,53.22,2,32.6,26.2,6.2,0,Month-to-month,Fiber,South,Basic,Mobile,1
C006977,56,16,40.61,0,6.6,16.8,5.1,0,Month-to-month,None,East,Basic,Mobile,0
C006978,37,45,111.89,0,20.0,32.2,6.7,0,Two year,Fiber,South,Premium,Mobile,0
C006979,18,36,34.45,4,8.0,42.6,6.7,0,Month-to-month,DSL,East,Basic,Desktop,0
C006980,34,22,75.72,3,31.4,49.2,7.3,1,One year,Fiber,South,Basic,Desktop,0
C006981,54,43,82.89,2,6.1,24.7,7.9,0,Two year,DSL,East,Basic,Mobile,0
C006982,32,72,80.94,0,11.9,18.3,7.5,2,Month-to-month,DSL,North,None,Mobile,0
C006983,61,1,83.13,2,23.3,36.8,9.3,0,One year,DSL,North,Basic,Desktop,0
C006984,31,69,95.66,1,12.1,,10.0,0,Month-to-month,Fiber,North,Basic,Desktop,0
C006985,49,62,60.85,1,19.4,31.1,7.1,0,Month-to-month,DSL,South,Basic,Desktop,0
C006986,55,39,74.19,1,21.8,23.4,6.2,1,Month-to-month,None,South,Basic,Mobile,0
C006987,48,44,64.66,2,17.2,15.3,6.7,1,Month-to-month,DSL,South,Basic,Tablet,0
C006988,24,27,104.56,0,8.2,39.1,6.7,0,Month-to-month,Fiber,West,Basic,Tablet,0
C006989,30,10,124.5,1,10.5,41.8,6.0,0,Two year,None,North,None,Mobile,1
C006990,57,42,42.15,0,13.3,26.7,4.4,0,Month-to-month,DSL,North,Premium,Desktop,0
C006991,32,59,21.22,3,20.1,51.5,4.7,1,Month-to-month,Fiber,East,Basic,Tablet,0
C006992,55,17,86.23,0,21.7,33.8,8.3,1,Two year,DSL,South,Basic,Desktop,0
C006993,36,52,98.76,1,17.4,28.9,8.4,0,Two year,DSL,North,None,Desktop,0
C006994,44,54,120.92,1,20.9,16.8,7.7,0,Month-to-month,Fiber,West,Basic,Mobile,0
C006995,24,55,90.45,3,4.9,10.6,6.7,0,Month-to-month,DSL,South,Basic,Mobile,0
C006996,34,25,106.89,1,18.1,24.9,6.2,0,One year,Fiber,East,Basic,Mobile,0
C006997,31,29,113.5,0,15.5,35.4,4.6,0,Month-to-month,Fiber,East,Premium,Mobile,0
C006998,45,30,108.62,3,19.5,59.0,5.9,0,One year,DSL,East,None,Desktop,0
C006999,43,62,94.03,1,21.3,31.8,5.8,1,Month-to-month,None,West,Premium,Mobile,0
C007000,48,65,39.94,1,8.6,38.1,4.6,0,Two year,DSL,West,Basic,Mobile,0
C007001,36,30,71.79,1,15.2,21.1,7.5,0,One year,Fiber,West,None,Mobile,0
C007002,30,70,79.5,1,25.3,33.5,5.8,0,Two year,DSL,South,Basic,Mobile,0
C007003,44,42,69.5,3,18.1,,7.2,0,Two year,DSL,West,Premium,Desktop,0
C007004,29,28,71.05,3,15.3,19.7,4.4,0,One year,Fiber,East,Premium,Desktop,0
C007005,56,1,111.18,0,7.5,47.1,8.2,0,Month-to-month,Fiber,North,Premium,Desktop,0
C007006,41,44,53.08,1,19.8,29.4,7.9,1,One year,None,South,Basic,Mobile,0
C007007,38,47,91.98,3,6.3,44.3,6.2,0,Two year,DSL,South,Basic,Mobile,0
C007008,48,70,79.91,0,14.8,31.1,9.6,0,Month-to-month,None,South,Basic,Tablet,0
C007009,41,52,50.56,2,12.6,27.0,7.0,1,Month-to-month,Fiber,South,None,Desktop,0
C007010,20,3,45.08,0,18.8,21.6,7.3,1,One year,Fiber,East,Basic,Mobile,0
C007011,28,41,29.47,1,11.8,26.8,4.3,0,One year,Fiber,West,None,Desktop,0
C007012,56,54,84.14,1,13.7,48.6,5.7,0,Month-to-month,Fiber,West,Basic,Mobile,0
C007013,43,36,70.42,0,9.6,20.2,5.9,0,Month-to-month,DSL,North,Basic,Desktop,0
C007014,20,31,51.36,2,14.3,39.0,8.5,1,One year,None,South,Premium,Tablet,0
C007015,47,59,25.1,1,17.5,27.3,8.8,0,Month-to-month,DSL,West,Premium,Mobile,0
C007016,35,45,82.82,1,13.6,38.1,6.1,1,Two year,Fiber,West,None,Mobile,0
C007017,31,50,67.66,1,13.8,33.5,7.4,0,One year,Fiber,West,None,Mobile,0
C007018,27,34,54.16,2,17.2,15.0,8.6,0,One year,Fiber,North,Premium,Mobile,0
C007019,55,21,47.9,2,23.0,33.0,6.5,0,Month-to-month,DSL,East,Basic,Desktop,0
C007020,18,38,66.04,2,21.2,57.0,4.5,0,One year,Fiber,East,Basic,Tablet,0
C007021,31,70,83.75,1,6.9,34.7,8.4,0,Two year,None,North,None,Desktop,0
C007022,44,44,63.75,3,21.4,42.1,7.9,1,Month-to-month,Fiber,West,Premium,Mobile,0
C007023,63,51,42.29,0,25.6,34.6,7.6,0,One year,DSL,East,None,Desktop,0
C007024,49,9,70.55,0,20.9,40.5,8.8,0,Month-to-month,Fiber,West,None,Desktop,0
C007025,31,72,98.14,1,0.0,22.4,9.0,0,Month-to-month,DSL,South,Premium,Desktop,0
C007026,62,18,73.01,1,17.9,29.5,8.2,0,Two year,DSL,North,Basic,Tablet,0
C007027,24,70,73.71,1,25.7,41.6,5.0,0,Month-to-month,Fiber,South,None,Tablet,0
C007028,45,33,63.86,1,12.9,26.8,4.4,0,Month-to-month,DSL,South,Basic,Mobile,0
C007029,48,67,49.76,2,36.3,43.9,7.7,1,One year,DSL,South,None,Mobile,0
C007030,31,65,48.93,3,0.7,19.0,7.2,0,Month-to-month,Fiber,North,None,Mobile,0
C007031,51,55,30.45,0,17.0,31.7,7.4,0,One year,None,North,Premium,Desktop,0
C007032,35,66,101.53,2,21.1,27.9,10.0,0,Month-to-month,DSL,South,None,Mobile,0
C007033,51,44,83.56,1,17.2,62.7,8.8,0,Two year,None,North,Basic,Desktop,0
C007034,18,62,74.06,3,17.1,26.3,6.8,0,Two year,Fiber,East,None,Desktop,0
C007035,46,13,79.39,1,8.7,36.0,5.8,0,One year,Fiber,East,Basic,Mobile,0
C007036,37,6,80.49,2,12.0,7.1,8.3,0,Month-to-month,Fiber,East,Premium,Desktop,0
C007037,57,40,53.64,1,20.0,17.0,7.9,0,One year,Fiber,South,None,Mobile,0
C007038,41,59,63.87,0,1.2,34.7,6.7,0,One year,DSL,South,Premium,Mobile,0
C007039,58,56,60.14,1,22.3,,2.2,1,Month-to-month,Fiber,West,Basic,Mobile,0
C007040,49,39,134.79,1,15.2,28.1,5.4,0,Month-to-month,None,West,Basic,Desktop,0
C007041,40,38,97.51,0,19.9,27.1,,1,Two year,DSL,West,Basic,Mobile,0
C007042,52,44,76.2,0,21.9,28.8,4.8,0,One year,Fiber,East,Basic,Desktop,0
C007043,52,63,106.15,3,42.1,10.5,8.1,1,Month-to-month,Fiber,North,,Mobile,0
C007044,48,61,102.99,3,25.8,30.0,7.9,0,Month-to-month,DSL,South,None,Mobile,1
C007045,18,8,37.49,3,7.6,28.4,5.3,0,One year,DSL,West,Premium,Mobile,0
C007046,29,43,66.43,3,31.1,43.8,8.7,0,One year,None,East,None,Tablet,0
C007047,60,28,71.59,1,0.0,41.0,7.0,0,Two year,Fiber,West,Premium,Desktop,1
C007048,26,58,87.29,4,12.9,3.0,6.8,0,Month-to-month,None,South,Basic,Desktop,0
C007049,53,37,66.4,1,17.2,22.2,5.0,0,One year,None,South,None,Desktop,0
C007050,51,72,69.54,2,13.7,52.6,9.4,1,Month-to-month,None,North,None,Desktop,0
C007051,33,32,60.47,1,18.0,41.9,5.0,0,Month-to-month,DSL,South,Basic,Mobile,0
C007052,18,49,98.22,2,14.8,36.9,4.9,0,Two year,Fiber,East,None,Desktop,0
C007053,35,8,35.92,0,25.0,25.0,7.4,0,Month-to-month,Fiber,East,None,Desktop,0
C007054,69,68,61.32,3,12.6,39.9,5.3,2,Month-to-month,Fiber,North,Premium,Tablet,0
C007055,31,12,25.91,2,15.2,12.8,10.0,0,Month-to-month,Fiber,South,Premium,Mobile,1
C007056,32,28,46.26,0,28.4,24.2,5.3,0,One year,None,South,None,Mobile,0
C007057,29,61,79.93,2,22.8,35.1,8.5,1,Month-to-month,DSL,West,Basic,Desktop,1
C007058,58,70,80.4,2,14.8,38.3,10.0,2,Month-to-month,Fiber,West,Basic,Mobile,0
C007059,39,35,64.17,0,19.3,33.6,8.4,0,One year,Fiber,East,Basic,Mobile,0
C007060,34,35,100.1,1,29.1,35.7,5.7,1,One year,Fiber,West,Basic,Desktop,0
C007061,60,4,105.85,0,6.3,33.0,7.7,1,Two year,DSL,North,Basic,Mobile,0
C007062,50,71,70.27,2,8.4,27.2,9.5,1,Month-to-month,DSL,East,Premium,Tablet,0
C007063,30,2,78.26,1,12.0,47.1,4.4,1,Two year,Fiber,East,Premium,Mobile,0
C007064,26,2,60.69,5,17.5,53.2,9.1,0,Month-to-month,Fiber,West,None,Mobile,0
C007065,57,35,87.67,0,22.8,30.4,8.0,0,Month-to-month,Fiber,North,None,Mobile,0
C007066,42,1,42.15,3,10.6,16.9,10.0,0,One year,None,East,Premium,Desktop,0
C007067,22,12,116.9,2,9.4,28.2,7.9,2,Month-to-month,Fiber,East,Basic,Tablet,1
C007068,19,46,100.5,2,6.8,32.0,7.4,1,Two year,DSL,South,Basic,Desktop,1
C007069,27,51,42.03,3,9.4,4.5,8.3,0,Month-to-month,Fiber,West,Basic,Mobile,0
C007070,26,22,52.27,2,11.4,47.1,4.9,0,Month-to-month,Fiber,South,Basic,Mobile,0
C007071,18,58,82.53,3,0.9,23.3,5.6,1,One year,Fiber,South,Basic,Mobile,0
C007072,28,44,63.54,2,12.1,21.1,7.2,2,Month-to-month,DSL,North,Premium,Desktop,0
C007073,30,17,85.61,1,8.7,,6.2,1,One year,Fiber,North,Premium,Desktop,0
C007074,36,52,63.02,2,14.9,25.3,6.0,0,Month-to-month,Fiber,East,Basic,Desktop,0
C007075,64,43,110.12,2,27.9,31.7,10.0,1,Month-to-month,Fiber,South,None,Tablet,0
C007076,39,59,72.21,3,4.8,40.5,10.0,0,Month-to-month,Fiber,East,None,Mobile,0
C007077,40,12,132.51,3,23.1,46.3,2.5,0,Month-to-month,DSL,South,Basic,Desktop,0
C007078,49,17,87.07,1,27.7,40.5,7.2,0,Two year,Fiber,North,Basic,Desktop,0
C007079,39,22,38.26,2,22.8,19.7,5.0,1,Month-to-month,DSL,North,Premium,Mobile,0
C007080,47,25,124.16,1,18.4,29.7,9.2,0,One year,DSL,West,None,Mobile,0
C007081,46,64,99.47,1,25.2,32.3,7.5,1,Two year,Fiber,South,Basic,Mobile,0
C007082,44,53,81.5,0,20.4,34.7,9.7,0,Month-to-month,DSL,North,None,Mobile,0
C007083,78,40,88.17,3,23.8,36.9,5.5,1,Two year,Fiber,North,Basic,Desktop,0
C007084,54,39,42.27,4,16.8,31.9,5.4,0,Month-to-month,Fiber,North,Premium,Desktop,0
C007085,28,64,26.89,1,8.6,30.0,6.7,1,One year,DSL,West,Basic,Mobile,0
C007086,47,33,70.96,2,24.1,41.9,6.0,0,One year,DSL,North,Basic,Desktop,0
C007087,32,17,106.47,2,34.3,29.4,6.9,1,Two year,DSL,East,Basic,Mobile,0
C007088,48,10,81.89,1,13.6,42.5,9.2,0,Month-to-month,Fiber,North,Premium,Desktop,0
C007089,24,24,114.73,2,16.2,40.8,7.9,0,Two year,Fiber,North,None,Mobile,1
C007090,28,48,105.03,1,16.8,48.4,6.6,1,Two year,DSL,North,None,Desktop,0
C007091,46,34,72.52,1,5.7,33.6,7.2,1,Month-to-month,DSL,East,None,Tablet,0
C007092,55,31,101.59,1,10.1,48.3,4.3,0,One year,Fiber,North,Premium,Tablet,0
C007093,49,35,110.06,3,18.1,27.4,3.6,1,Month-to-month,Fiber,South,Premium,Mobile,1
C007094,53,71,70.0,1,15.3,35.1,9.3,2,One year,None,North,Basic,Mobile,0
C007095,47,72,66.66,1,16.1,40.2,5.7,0,Two year,DSL,East,None,Mobile,0
C007096,44,12,75.51,1,16.2,18.9,9.7,0,One year,Fiber,East,None,Desktop,0
C007097,35,9,20.0,3,15.2,26.3,6.5,1,One year,Fiber,West,Basic,Mobile,0
C007098,53,18,79.01,3,10.6,23.0,7.3,0,Two year,Fiber,South,Basic,Tablet,0
C007099,55,62,90.01,0,19.0,30.3,8.6,0,One year,DSL,East,Premium,Desktop,0
C007100,41,34,75.61,1,18.3,24.6,8.8,1,Month-to-month,DSL,East,Basic,Mobile,0
C007101,40,63,80.62,2,9.8,32.3,6.2,0,One year,DSL,North,None,Desktop,0
C007102,63,47,70.91,1,18.9,30.1,7.2,2,Two year,DSL,North,None,Tablet,0
C007103,42,40,22.07,2,11.6,27.6,,1,One year,Fiber,West,None,Desktop,0
C007104,43,21,113.56,1,20.6,32.8,7.8,2,Month-to-month,Fiber,North,Premium,Mobile,0
C007105,48,25,62.8,1,15.7,22.8,7.4,1,Two year,Fiber,East,Basic,Mobile,0
C007106,41,11,56.56,1,18.8,20.7,5.8,0,Two year,DSL,North,None,Desktop,0
C007107,31,38,105.95,3,17.2,16.7,7.4,0,Month-to-month,Fiber,West,Basic,Desktop,0
C007108,47,21,96.47,1,15.6,9.5,4.5,1,Month-to-month,Fiber,North,Premium,Mobile,0
C007109,41,22,78.83,3,18.3,22.8,7.1,1,Month-to-month,Fiber,South,None,Mobile,0
C007110,66,3,91.23,2,21.9,37.5,7.3,0,Two year,Fiber,West,Basic,Tablet,0
C007111,52,58,43.13,2,16.8,28.6,5.3,0,One year,DSL,South,Basic,Mobile,0
C007112,34,68,69.98,3,16.7,31.1,6.6,0,Month-to-month,Fiber,West,Premium,Mobile,1
C007113,51,36,104.37,1,13.5,26.1,6.2,0,Month-to-month,Fiber,East,None,Mobile,0
C007114,46,39,55.07,2,3.3,54.2,6.2,0,One year,DSL,South,Basic,Desktop,0
C007115,59,67,47.04,2,16.2,33.0,8.5,1,Two year,DSL,North,Basic,Mobile,0
C007116,35,37,73.97,3,7.1,,7.9,1,Month-to-month,Fiber,North,None,Mobile,0
C007117,44,45,74.55,1,12.0,18.3,8.8,0,Two year,None,East,Basic,Tablet,0
C007118,41,31,88.19,3,9.9,51.6,10.0,0,One year,Fiber,North,Basic,Tablet,0
C007119,43,38,37.55,2,11.0,14.2,9.1,1,One year,Fiber,East,None,Mobile,0
C007120,30,38,20.0,0,11.4,21.5,4.3,0,Month-to-month,None,West,Premium,Desktop,0
C007121,49,52,95.03,4,19.4,21.5,5.9,0,Month-to-month,DSL,South,Premium,Desktop,0
C007122,47,44,44.93,2,18.3,30.6,9.5,0,One year,DSL,East,None,Mobile,0
C007123,59,37,56.75,2,16.8,35.3,6.4,0,Month-to-month,Fiber,East,Basic,Mobile,0
C007124,42,6,20.0,0,24.5,31.8,6.3,1,One year,None,West,Basic,Desktop,0
C007125,37,66,97.57,1,37.4,26.6,7.7,0,Month-to-month,Fiber,East,Basic,Mobile,0
C007126,52,64,80.76,3,19.6,14.2,6.6,2,One year,None,East,None,Desktop,0
C007127,32,14,79.75,3,22.4,53.3,10.0,0,One year,None,West,Basic,Mobile,0
C007128,56,22,79.59,1,18.0,34.2,6.8,0,Month-to-month,Fiber,North,None,Mobile,0
C007129,56,71,20.5,1,20.5,37.8,10.0,1,One year,Fiber,North,Basic,Mobile,0
C007130,58,24,47.37,3,4.6,22.9,6.1,0,One year,Fiber,South,Basic,Mobile,0
C007131,47,59,60.71,3,0.0,27.4,5.9,0,Month-to-month,Fiber,West,Basic,Mobile,0
C007132,36,57,53.28,2,1.2,,5.6,0,Month-to-month,Fiber,West,Basic,Desktop,0
C007133,43,62,65.21,1,11.6,4.5,5.7,0,Month-to-month,DSL,South,Basic,Mobile,0
C007134,47,2,78.15,1,25.6,40.2,8.4,0,Month-to-month,DSL,South,None,Desktop,0
C007135,35,35,97.16,1,17.8,28.0,4.7,0,Month-to-month,DSL,South,None,Tablet,0
C007136,59,41,34.99,0,13.3,36.0,5.3,0,One year,Fiber,North,None,Mobile,0
C007137,50,61,71.78,5,20.0,51.0,8.0,0,One year,Fiber,East,None,Mobile,0
C007138,30,17,89.79,2,18.5,25.3,3.2,0,Month-to-month,DSL,East,Basic,Desktop,0
C007139,66,23,48.9,1,6.5,3.0,4.4,0,Month-to-month,Fiber,South,Basic,Mobile,0
C007140,43,13,67.18,2,19.3,17.9,7.0,1,Month-to-month,Fiber,East,Basic,Mobile,0
C007141,28,55,83.66,4,21.8,31.2,7.8,0,Month-to-month,Fiber,West,Basic,Mobile,0
C007142,31,72,72.28,3,30.7,50.8,6.5,0,Month-to-month,None,West,Basic,Desktop,0
C007143,61,11,88.85,1,15.4,26.3,7.9,0,Two year,Fiber,West,Basic,Mobile,0
C007144,66,17,74.37,3,27.9,49.6,5.6,0,Month-to-month,Fiber,South,Basic,Mobile,0
C007145,55,23,64.2,1,13.2,3.1,9.8,0,Month-to-month,None,West,Premium,Desktop,0
C007146,59,65,42.68,2,32.3,25.0,8.7,0,Month-to-month,None,South,None,Mobile,0
C007147,58,33,78.18,1,11.8,43.5,,1,One year,Fiber,North,Premium,Desktop,0
C007148,49,21,74.5,2,20.5,42.3,6.8,0,Month-to-month,Fiber,East,Premium,Mobile,0
C007149,46,24,47.18,0,18.0,7.5,3.6,1,Month-to-month,DSL,North,None,Mobile,0
C007150,49,44,86.55,2,26.4,20.9,8.8,0,Month-to-month,DSL,West,None,Tablet,0
C007151,52,28,103.7,2,25.5,29.3,4.8,1,Month-to-month,Fiber,West,None,Desktop,1
C007152,32,11,55.5,0,8.7,23.0,6.1,0,Month-to-month,DSL,South,Premium,Desktop,0
C007153,52,60,53.81,2,13.6,45.0,6.6,0,Two year,None,West,Basic,Mobile,0
C007154,61,31,52.9,4,30.9,31.2,4.6,0,One year,Fiber,North,Basic,Mobile,0
C007155,39,19,30.03,1,16.7,13.7,5.6,0,Month-to-month,DSL,West,None,Desktop,0
C007156,38,53,122.11,0,21.7,36.5,7.8,0,Month-to-month,DSL,South,Premium,Desktop,0
C007157,48,54,60.78,1,8.5,37.2,6.2,0,One year,Fiber,North,Basic,Mobile,0
C007158,34,12,50.54,4,14.3,17.2,8.7,1,Month-to-month,None,South,Basic,Mobile,1
C007159,25,6,43.83,0,11.0,20.3,8.4,0,Two year,Fiber,South,None,Desktop,0
C007160,57,4,62.3,1,22.5,22.5,5.6,0,Month-to-month,Fiber,East,Basic,Mobile,1
C007161,36,56,54.62,0,21.2,47.4,6.3,1,Month-to-month,DSL,North,Basic,Desktop,0
C007162,42,46,107.95,1,24.6,29.9,6.3,0,Month-to-month,Fiber,North,Premium,Mobile,0
C007163,34,58,40.78,0,8.4,4.5,6.4,2,Month-to-month,DSL,South,None,Tablet,0
C007164,59,46,33.54,5,19.8,16.6,9.8,0,Month-to-month,Fiber,West,Premium,Desktop,0
C007165,53,29,85.79,1,16.1,39.6,,2,One year,DSL,North,Premium,Desktop,0
C007166,39,43,69.32,0,0.0,26.1,4.1,0,Month-to-month,DSL,West,None,Mobile,0
C007167,27,53,66.43,1,19.2,16.3,5.9,0,Two year,None,West,Basic,Tablet,0
C007168,37,29,85.99,3,25.0,26.5,6.3,0,Month-to-month,Fiber,West,Basic,Desktop,0
C007169,49,66,75.42,1,27.0,42.8,7.9,0,Month-to-month,None,South,None,Mobile,0
C007170,44,65,70.83,2,15.8,57.1,10.0,0,One year,DSL,East,Basic,Desktop,0
C007171,43,58,36.86,2,21.8,30.3,8.5,0,One year,Fiber,South,Basic,Desktop,0
C007172,45,72,30.3,3,19.8,36.9,6.9,1,Month-to-month,Fiber,North,None,Tablet,0
C007173,52,29,54.49,2,10.7,29.8,5.6,3,Two year,DSL,East,Premium,Mobile,0
C007174,41,9,44.89,0,9.7,33.6,9.7,2,Two year,Fiber,South,None,Mobile,0
C007175,48,35,78.73,2,15.7,19.9,6.6,0,Month-to-month,None,West,Premium,Desktop,0
C007176,29,54,27.03,4,14.3,48.3,4.5,0,Month-to-month,Fiber,South,Premium,Tablet,0
C007177,75,57,60.82,2,16.6,25.5,7.7,0,Month-to-month,DSL,North,Premium,Tablet,0
C007178,38,28,67.67,1,13.1,17.8,4.9,0,Month-to-month,DSL,West,None,Desktop,0
C007179,45,22,71.01,2,17.5,21.8,8.3,0,One year,DSL,East,Basic,Mobile,0
C007180,49,33,81.97,1,8.5,39.0,,1,Month-to-month,Fiber,South,Basic,Mobile,0
C007181,37,58,63.84,0,26.7,22.6,6.5,0,Two year,Fiber,South,Basic,Mobile,0
C007182,42,5,55.31,0,3.3,49.2,2.2,0,Month-to-month,Fiber,South,Basic,Tablet,0
C007183,42,24,103.11,1,15.4,38.7,9.0,1,One year,DSL,North,Basic,Tablet,0
C007184,30,17,64.0,3,14.6,41.3,5.0,0,One year,Fiber,West,Basic,Desktop,0
C007185,48,59,107.48,2,15.1,26.0,5.8,0,Month-to-month,DSL,North,Basic,Desktop,0
C007186,21,34,63.87,1,10.1,23.5,7.4,0,Two year,DSL,South,None,Desktop,0
C007187,65,7,71.59,0,5.4,31.4,6.8,0,Month-to-month,Fiber,West,Basic,Tablet,0
C007188,52,19,68.53,1,17.7,16.8,10.0,1,Month-to-month,DSL,North,None,Mobile,0
C007189,50,4,77.78,1,14.6,36.7,4.0,0,Month-to-month,Fiber,West,Basic,Desktop,1
C007190,19,35,61.5,0,18.7,42.0,,0,Two year,Fiber,East,None,Mobile,0
C007191,32,72,74.4,1,4.5,22.7,8.5,1,One year,None,East,None,Desktop,0
C007192,60,41,110.27,1,28.0,39.3,6.3,0,Month-to-month,DSL,North,None,Tablet,0
C007193,85,63,98.22,3,15.4,34.1,7.1,3,Month-to-month,Fiber,West,Premium,Mobile,0
C007194,58,54,98.39,1,0.0,44.4,10.0,0,Month-to-month,DSL,West,Basic,Mobile,0
C007195,55,64,38.45,3,17.3,50.7,7.2,0,Two year,DSL,South,Premium,Desktop,0
C007196,49,23,42.5,5,12.7,40.4,9.6,1,One year,Fiber,West,Basic,Mobile,0
C007197,31,69,77.44,2,8.1,30.3,8.3,0,Month-to-month,DSL,North,Basic,Mobile,0
C007198,55,18,91.27,2,24.6,45.5,8.4,0,One year,Fiber,East,None,Mobile,0
C007199,28,32,59.02,2,22.5,31.6,6.7,1,One year,Fiber,West,Basic,Mobile,0
C007200,26,50,54.56,2,18.4,27.8,4.2,1,Month-to-month,None,North,Basic,Tablet,0
C007201,25,21,106.85,3,16.5,23.7,9.1,2,Month-to-month,DSL,West,None,Mobile,0
C007202,55,20,89.15,2,19.5,32.2,8.1,0,Month-to-month,DSL,West,None,Mobile,0
C007203,41,10,98.45,2,5.0,43.1,8.1,1,Month-to-month,Fiber,South,Premium,Tablet,1
C007204,43,1,60.96,1,17.3,18.6,6.8,0,Two year,Fiber,West,Basic,Desktop,0
C007205,42,37,59.0,3,24.7,16.1,5.9,0,Month-to-month,Fiber,North,Basic,Mobile,1
C007206,27,72,95.72,1,23.3,16.4,9.5,0,Month-to-month,DSL,East,None,Tablet,0
C007207,33,16,65.43,0,8.6,43.3,7.7,0,Two year,Fiber,South,Basic,Desktop,0
C007208,34,32,56.73,2,17.3,35.8,3.8,1,Month-to-month,Fiber,North,Premium,Desktop,0
C007209,24,68,49.17,1,8.1,48.7,7.0,0,Month-to-month,DSL,South,None,Desktop,0
C007210,35,56,59.22,3,17.1,24.8,6.6,2,One year,DSL,West,Premium,Mobile,0
C007211,28,1,93.88,3,10.7,16.3,2.4,0,Month-to-month,None,West,Basic,Tablet,0
C007212,50,37,34.26,3,9.9,49.7,5.8,0,Month-to-month,Fiber,West,Basic,Desktop,0
C007213,51,11,87.73,4,18.5,22.2,10.0,0,Month-to-month,DSL,North,,Mobile,0
C007214,25,18,54.29,2,10.9,39.1,2.9,0,Two year,DSL,South,Basic,Mobile,0
C007215,38,18,66.74,1,10.4,15.0,5.0,1,Month-to-month,Fiber,West,Basic,Mobile,0
C007216,66,45,68.34,2,18.5,33.2,2.7,0,Month-to-month,DSL,East,Premium,Mobile,0
C007217,29,15,66.48,3,5.6,29.0,4.3,0,One year,DSL,West,Basic,Desktop,0
C007218,48,19,64.82,1,13.7,13.9,3.8,0,Month-to-month,Fiber,West,None,Mobile,1
C007219,43,17,60.89,0,5.2,53.7,5.0,0,One year,Fiber,West,None,Mobile,0
C007220,56,26,57.71,1,6.5,20.3,10.0,0,Month-to-month,DSL,South,Basic,Desktop,0
C007221,46,48,104.99,1,24.2,19.8,8.7,0,Two year,None,West,None,Mobile,0
C007222,36,29,72.63,2,13.1,23.1,6.6,0,One year,Fiber,South,None,Desktop,0
C007223,43,24,68.85,3,11.0,4.9,10.0,0,One year,DSL,South,Premium,Desktop,0
C007224,43,38,55.88,1,22.0,27.1,6.2,0,One year,None,West,Basic,Desktop,0
C007225,41,45,61.8,1,27.3,23.2,5.4,1,Month-to-month,DSL,East,Premium,Mobile,0
C007226,25,2,55.97,0,17.8,42.9,6.3,0,Month-to-month,DSL,North,None,Mobile,0
C007227,58,65,91.13,1,23.1,34.8,4.2,1,Month-to-month,DSL,North,None,Mobile,0
C007228,56,66,53.16,2,12.1,15.8,3.7,1,One year,Fiber,South,None,Mobile,0
C007229,28,44,20.0,2,16.4,23.2,8.3,0,Month-to-month,Fiber,South,None,Mobile,0
C007230,38,42,73.46,1,16.1,56.9,7.7,1,Month-to-month,Fiber,West,None,Mobile,0
C007231,39,51,65.02,3,18.3,20.1,4.8,0,One year,Fiber,East,Basic,Mobile,0
C007232,27,32,57.36,1,22.8,40.9,7.9,0,Month-to-month,Fiber,West,Basic,Mobile,1
C007233,18,27,94.79,1,5.7,22.8,8.0,0,Two year,DSL,South,Premium,Desktop,0
C007234,33,26,20.0,0,9.8,19.0,6.0,1,One year,Fiber,North,None,Desktop,0
C007235,37,12,111.41,0,12.6,24.5,5.4,0,Month-to-month,None,West,Premium,Mobile,1
C007236,23,61,98.37,2,9.2,48.6,8.5,0,Month-to-month,Fiber,East,Premium,Mobile,0
C007237,44,24,56.3,0,17.6,13.4,7.9,0,Month-to-month,Fiber,South,Basic,Tablet,0
C007238,57,21,60.73,0,17.5,38.9,10.0,0,Month-to-month,None,South,Basic,Mobile,0
C007239,53,70,84.61,1,16.4,45.6,7.9,0,Month-to-month,None,North,None,Mobile,0
C007240,40,37,85.28,1,13.2,24.4,3.9,0,One year,Fiber,South,Basic,Desktop,0
C007241,18,45,56.15,4,25.4,43.0,4.3,0,Month-to-month,DSL,East,Premium,Desktop,0
C007242,51,18,31.58,0,17.5,41.1,6.7,0,Month-to-month,DSL,East,None,Mobile,0
C007243,44,20,124.84,1,14.9,21.3,8.6,1,Month-to-month,Fiber,North,Premium,Mobile,1
C007244,48,53,95.9,1,16.5,19.6,7.7,1,Month-to-month,Fiber,West,Basic,Mobile,0
C007245,67,33,75.92,3,21.2,29.2,6.0,0,Month-to-month,Fiber,South,Basic,Desktop,0
C007246,31,11,76.39,2,17.5,32.3,4.1,0,Month-to-month,Fiber,South,Basic,Tablet,0
C007247,18,61,87.53,0,10.0,26.6,9.7,1,One year,DSL,East,None,Mobile,0
C007248,28,29,90.53,2,28.3,37.8,9.7,0,Month-to-month,DSL,North,Premium,Tablet,0
C007249,48,49,20.0,1,19.2,21.7,4.6,0,Month-to-month,DSL,North,Basic,Desktop,0
C007250,42,25,63.23,2,7.9,20.1,8.3,0,Month-to-month,Fiber,South,None,Tablet,0
C007251,26,41,60.63,1,3.3,31.0,7.6,0,Two year,Fiber,East,Premium,Desktop,0
C007252,24,56,67.96,2,20.8,33.7,8.3,0,One year,DSL,West,Premium,Desktop,0
C007253,37,64,91.27,1,25.0,46.7,9.8,0,Month-to-month,Fiber,South,Basic,Desktop,0
C007254,26,15,27.25,0,19.2,36.5,9.7,0,Month-to-month,DSL,North,Basic,Mobile,0
C007255,49,49,38.27,2,20.3,39.5,8.0,0,Month-to-month,Fiber,East,Premium,Desktop,0
C007256,37,66,54.96,4,20.5,26.9,6.7,0,One year,Fiber,North,Premium,Desktop,0
C007257,34,47,75.86,1,16.0,,6.6,1,Two year,Fiber,West,Basic,Desktop,0
C007258,32,11,92.8,1,4.2,23.4,6.7,1,Month-to-month,Fiber,North,Premium,Desktop,1
C007259,45,14,112.78,2,11.1,33.2,10.0,0,One year,DSL,North,None,Mobile,0
C007260,43,15,64.84,1,21.6,32.7,7.2,0,Two year,DSL,South,Basic,Tablet,0
C007261,45,8,92.76,3,20.1,32.2,8.5,0,One year,Fiber,West,Basic,Tablet,0
C007262,44,55,89.75,0,14.6,28.6,7.8,0,Month-to-month,Fiber,South,None,Mobile,0
C007263,41,70,85.54,1,12.2,30.5,5.3,0,Two year,None,West,Basic,Mobile,0
C007264,29,38,71.39,1,17.2,50.9,8.0,0,One year,Fiber,West,None,Mobile,0
C007265,33,44,62.01,1,13.6,34.3,5.9,1,Month-to-month,None,North,None,Mobile,0
C007266,37,56,45.37,0,15.4,38.0,5.4,0,One year,Fiber,East,Basic,Mobile,0
C007267,69,30,43.71,2,16.9,36.6,8.2,1,One year,Fiber,South,None,Mobile,0
C007268,24,35,80.68,2,10.6,28.9,4.8,0,Month-to-month,Fiber,East,Basic,Desktop,0
C007269,37,43,70.64,1,21.6,37.4,8.7,0,Two year,DSL,East,None,Mobile,0
C007270,43,22,61.61,0,14.8,31.2,8.1,1,Two year,Fiber,North,Basic,Desktop,0
C007271,38,5,88.62,0,19.4,16.0,9.4,0,Month-to-month,Fiber,East,None,Desktop,0
C007272,56,41,66.99,1,16.4,24.0,8.0,0,Month-to-month,Fiber,East,Basic,Desktop,0
C007273,38,60,49.17,0,26.8,54.9,5.4,0,One year,Fiber,West,None,Mobile,0
C007274,39,6,65.34,0,19.8,45.0,9.1,0,Two year,Fiber,North,Basic,Mobile,0
C007275,53,16,92.52,3,18.9,27.4,9.2,0,One year,DSL,West,Basic,Desktop,0
C007276,66,19,46.41,5,18.6,39.1,8.7,0,One year,DSL,North,Basic,Mobile,0
C007277,60,58,77.23,3,30.6,33.6,8.4,1,One year,DSL,West,Basic,Desktop,0
C007278,40,37,70.61,1,15.7,51.9,4.4,2,Month-to-month,Fiber,South,Basic,Mobile,0
C007279,41,39,52.98,1,17.1,29.4,,0,Month-to-month,Fiber,South,Basic,Mobile,0
C007280,43,47,64.67,1,16.7,33.7,4.9,1,Two year,Fiber,West,Basic,Mobile,0
C007281,44,20,32.71,2,2.2,21.4,6.0,0,Month-to-month,DSL,West,None,Mobile,0
C007282,31,52,74.74,2,16.7,29.4,5.6,1,Month-to-month,DSL,West,None,Mobile,0
C007283,54,3,37.88,1,23.1,3.0,4.3,0,Two year,Fiber,North,Basic,Desktop,0
C007284,45,9,98.81,0,19.6,34.1,7.4,0,Month-to-month,DSL,South,Basic,Tablet,0
C007285,41,59,69.7,2,26.6,43.0,,0,Month-to-month,Fiber,South,,Desktop,0
C007286,25,48,57.7,0,21.5,51.3,9.5,0,Month-to-month,Fiber,South,Basic,Desktop,0
C007287,43,13,101.01,0,19.5,36.8,9.3,0,Month-to-month,Fiber,South,None,Mobile,0
C007288,18,32,46.2,2,22.2,26.6,7.4,0,One year,Fiber,West,Premium,Desktop,0
C007289,34,4,53.31,0,18.6,21.1,8.5,0,Two year,None,North,None,Desktop,0
C007290,35,49,26.27,3,14.0,25.3,6.9,0,Month-to-month,None,East,None,Desktop,0
C007291,46,55,104.74,1,15.1,11.8,6.9,0,Two year,Fiber,West,Basic,Desktop,0
C007292,66,21,118.82,2,0.0,28.0,7.3,1,Month-to-month,Fiber,North,Basic,Tablet,1
C007293,49,26,30.16,0,27.2,16.3,6.8,0,Two year,Fiber,South,Basic,Mobile,0
C007294,61,18,51.61,1,14.6,23.8,7.5,1,Two year,Fiber,West,None,Desktop,0
C007295,50,29,73.75,0,8.7,28.5,8.3,1,Month-to-month,Fiber,East,None,Mobile,0
C007296,57,20,59.11,0,13.4,35.0,4.9,1,Month-to-month,Fiber,West,None,Mobile,0
C007297,66,18,71.22,0,28.3,11.2,6.4,0,Month-to-month,Fiber,North,Basic,Desktop,0
C007298,32,31,69.06,0,16.5,26.9,8.5,0,Two year,DSL,North,Basic,Mobile,0
C007299,32,62,82.19,0,17.8,39.2,6.1,1,Month-to-month,DSL,West,None,Tablet,0
C007300,51,55,47.98,3,30.6,47.8,6.1,0,Month-to-month,DSL,North,Basic,Mobile,0
C007301,42,22,76.82,3,21.8,30.1,8.9,0,Month-to-month,Fiber,West,None,Tablet,0
C007302,45,68,44.1,0,14.0,57.4,5.8,0,Month-to-month,Fiber,East,None,Mobile,0
C007303,39,16,61.7,1,4.1,39.4,7.9,0,One year,Fiber,West,Basic,Mobile,0
C007304,34,66,28.58,0,20.5,31.7,7.4,0,Month-to-month,Fiber,North,Basic,Desktop,0
C007305,63,23,61.89,1,11.3,45.9,8.7,0,Two year,DSL,East,Basic,Tablet,0
C007306,28,39,57.68,0,20.6,24.9,7.0,0,Month-to-month,Fiber,West,Premium,Desktop,0
C007307,51,15,95.59,2,15.7,18.4,5.7,0,Two year,DSL,North,Premium,Mobile,0
C007308,49,55,70.52,2,18.9,42.1,5.9,0,One year,Fiber,West,Premium,Mobile,0
C007309,21,23,75.06,0,22.3,37.4,10.0,0,Two year,DSL,South,None,Mobile,0
C007310,31,63,71.44,1,3.9,43.5,6.1,0,Two year,DSL,North,None,Tablet,0
C007311,33,6,20.0,2,16.9,43.3,6.0,0,One year,Fiber,South,Premium,Mobile,1
C007312,49,37,22.08,1,15.9,55.1,6.3,0,Month-to-month,None,East,Basic,Tablet,0
C007313,37,12,64.03,2,18.0,13.6,6.6,0,Month-to-month,Fiber,North,Basic,Mobile,0
C007314,41,65,78.96,3,19.5,26.7,6.4,0,Two year,Fiber,North,Basic,Mobile,0
C007315,23,31,66.13,0,17.1,27.5,8.1,0,Month-to-month,Fiber,South,Basic,Desktop,0
C007316,72,49,50.4,0,11.5,45.0,7.3,0,Month-to-month,DSL,East,Premium,Mobile,0
C007317,43,64,65.99,2,8.1,35.5,6.0,0,Two year,Fiber,West,Basic,Desktop,0
C007318,48,39,63.82,0,4.9,45.0,8.4,0,One year,Fiber,West,Basic,Desktop,0
C007319,35,5,91.48,0,16.8,34.4,,0,Two year,DSL,West,Premium,Mobile,0
C007320,34,16,90.08,1,19.7,30.8,9.5,0,One year,Fiber,North,Basic,Mobile,0
C007321,67,16,58.16,2,13.6,39.2,7.7,0,Two year,Fiber,East,Basic,Mobile,0
C007322,18,66,70.75,1,21.8,34.1,6.9,0,Month-to-month,Fiber,West,Basic,Mobile,0
C007323,46,66,78.9,2,15.2,35.7,6.7,1,One year,Fiber,South,Premium,Desktop,0
C007324,26,35,82.62,1,15.4,38.8,7.4,1,Two year,DSL,North,None,Desktop,0
C007325,37,65,113.31,1,5.9,36.2,7.8,0,Two year,DSL,East,None,Mobile,0
C007326,34,18,71.3,1,12.9,42.8,7.1,0,Two year,Fiber,West,Basic,Mobile,0
C007327,29,49,101.22,3,22.4,31.6,6.3,0,One year,Fiber,West,Basic,Mobile,0
C007328,42,29,43.0,4,25.8,33.0,8.2,0,Month-to-month,Fiber,South,Premium,Mobile,0
C007329,18,18,56.06,2,14.7,19.0,7.9,1,Month-to-month,None,North,Premium,Mobile,0
C007330,38,19,20.0,0,22.1,42.8,7.1,0,Month-to-month,None,West,None,Mobile,0
C007331,41,31,75.78,5,25.9,51.5,8.3,0,Month-to-month,Fiber,North,Basic,Desktop,0
C007332,24,25,88.19,0,9.4,9.4,7.0,1,Month-to-month,Fiber,West,Premium,Mobile,0
C007333,62,16,20.0,1,18.2,38.7,7.1,0,One year,DSL,West,Basic,Mobile,0
C007334,34,25,76.71,0,17.3,29.2,8.2,0,Month-to-month,Fiber,East,Premium,Mobile,0
C007335,39,10,87.11,4,23.5,28.8,8.5,0,Month-to-month,Fiber,East,Basic,Mobile,0
C007336,34,70,85.68,3,10.2,38.5,8.3,0,Month-to-month,DSL,South,Premium,Tablet,0
C007337,41,28,42.1,2,18.2,30.6,5.7,0,One year,DSL,East,Basic,Mobile,0
C007338,59,8,91.33,2,14.2,35.7,7.8,0,Two year,Fiber,East,Basic,Mobile,0
C007339,74,42,72.23,0,19.0,26.7,7.2,1,Month-to-month,Fiber,South,Basic,Tablet,0
C007340,52,64,86.78,2,24.5,49.1,7.8,0,Month-to-month,DSL,South,None,Mobile,0
C007341,56,26,68.85,2,26.3,28.2,10.0,0,Month-to-month,Fiber,North,None,Mobile,0
C007342,64,61,81.53,1,24.6,21.9,6.7,0,One year,DSL,East,None,Desktop,0
C007343,45,44,99.73,1,9.1,35.2,7.1,0,Month-to-month,None,North,None,Mobile,0
C007344,62,54,66.9,2,12.7,21.0,6.1,0,One year,Fiber,West,Basic,Mobile,0
C007345,52,22,79.1,1,23.0,,6.8,0,Month-to-month,Fiber,East,None,Desktop,0
C007346,44,3,103.24,0,20.2,50.8,5.9,0,Month-to-month,DSL,North,None,Tablet,1
C007347,47,25,68.67,4,14.2,30.5,5.2,2,Two year,DSL,South,Basic,Mobile,1
C007348,18,67,43.87,3,9.6,14.7,3.6,0,Month-to-month,DSL,South,Premium,Desktop,0
C007349,46,57,88.9,2,0.0,26.0,5.8,0,One year,DSL,North,Basic,Tablet,0
C007350,22,57,107.87,1,4.8,40.7,6.0,1,One year,DSL,West,None,Mobile,1
C007351,21,64,104.22,1,13.9,32.3,7.0,1,One year,DSL,West,None,Tablet,0
C007352,45,27,89.87,4,14.0,39.4,6.1,0,Month-to-month,None,North,Basic,Mobile,0
C007353,28,24,20.0,2,18.9,23.4,9.0,2,Month-to-month,None,East,None,Mobile,0
C007354,42,67,56.1,1,20.2,26.1,7.5,0,Month-to-month,Fiber,North,None,Desktop,0
C007355,44,42,57.38,0,31.8,38.6,8.4,1,Two year,Fiber,West,Basic,Mobile,0
C007356,44,22,73.12,2,10.6,50.3,8.9,0,Month-to-month,Fiber,South,None,Mobile,0
C007357,30,21,114.21,1,2.3,26.4,9.6,0,One year,None,East,Premium,Mobile,0
C007358,54,64,44.99,1,9.5,31.4,8.9,0,Two year,DSL,South,Basic,Tablet,0
C007359,41,4,128.06,1,27.7,44.2,5.5,1,Month-to-month,DSL,East,Basic,Mobile,0
C007360,48,5,62.44,1,16.1,32.6,8.6,0,Month-to-month,Fiber,South,Basic,Tablet,0
C007361,26,54,52.83,1,23.1,38.7,7.7,0,Month-to-month,Fiber,East,Basic,Mobile,0
C007362,40,1,93.13,1,12.1,22.1,9.5,0,Month-to-month,DSL,East,Basic,Mobile,0
C007363,56,13,95.11,2,12.5,31.0,7.1,0,Month-to-month,DSL,North,Premium,Mobile,0
C007364,55,72,88.25,1,4.0,23.5,9.2,0,Month-to-month,DSL,South,Premium,Mobile,0
C007365,32,31,52.76,1,13.7,10.8,7.3,1,Month-to-month,DSL,North,None,Desktop,0
C007366,35,53,84.55,0,16.1,20.4,7.4,0,Month-to-month,Fiber,East,Basic,Desktop,0
C007367,29,36,46.16,2,22.1,36.4,8.3,0,Two year,Fiber,North,None,Desktop,0
C007368,33,7,52.07,4,19.9,37.6,6.5,0,Month-to-month,Fiber,North,None,Tablet,0
C007369,24,14,69.63,3,29.9,40.2,8.1,0,One year,DSL,East,Premium,Desktop,0
C007370,40,55,51.5,3,14.9,37.1,4.4,0,Month-to-month,None,North,Premium,Tablet,0
C007371,50,7,98.32,1,17.7,28.3,8.0,0,Month-to-month,None,South,Basic,Mobile,1
C007372,32,43,57.55,1,15.9,9.0,4.8,0,Month-to-month,Fiber,South,Basic,Desktop,1
C007373,41,26,66.49,1,11.1,17.3,8.1,0,Month-to-month,DSL,North,None,Desktop,0
C007374,39,27,50.0,6,18.9,44.3,1.5,0,Two year,DSL,West,Basic,Mobile,0
C007375,56,69,97.94,0,14.1,20.9,3.8,0,Two year,Fiber,South,Basic,Desktop,0
C007376,34,44,55.35,0,27.6,30.1,7.2,0,Month-to-month,Fiber,East,Basic,Mobile,0
C007377,35,45,100.55,0,10.5,31.8,7.2,2,Month-to-month,DSL,South,None,Tablet,0
C007378,31,26,98.71,0,13.6,14.4,6.6,1,One year,Fiber,South,None,Desktop,1
C007379,27,28,60.85,2,7.3,35.0,8.4,0,One year,DSL,West,None,Desktop,0
C007380,49,50,72.74,5,18.4,49.3,8.8,0,Month-to-month,Fiber,North,None,Mobile,0
C007381,40,3,60.16,1,6.7,30.8,10.0,0,One year,Fiber,West,None,Mobile,0
C007382,43,18,85.64,1,15.9,27.8,7.2,1,One year,Fiber,North,None,Desktop,0
C007383,59,44,67.14,2,7.8,17.1,9.0,0,One year,DSL,West,Basic,Mobile,0
C007384,59,45,61.56,1,9.1,27.7,5.6,0,Month-to-month,Fiber,South,Basic,Tablet,0
C007385,21,7,73.15,1,10.6,37.5,6.1,0,Month-to-month,Fiber,West,None,Mobile,0
C007386,50,57,32.44,2,21.1,30.9,5.6,0,Month-to-month,Fiber,North,Premium,Desktop,0
C007387,45,40,70.1,3,15.3,25.7,6.9,0,Month-to-month,None,West,None,Mobile,0
C007388,36,18,88.24,0,15.1,43.1,7.5,0,Month-to-month,DSL,North,Premium,Mobile,0
C007389,46,55,75.45,1,19.9,27.9,9.0,0,Month-to-month,Fiber,South,None,Mobile,0
C007390,20,72,95.79,2,11.4,25.9,7.7,0,One year,Fiber,North,Premium,Tablet,0
C007391,61,31,62.57,1,2.2,32.7,9.5,0,Month-to-month,None,West,None,Mobile,0
C007392,49,21,60.52,1,8.3,46.7,9.5,0,Month-to-month,DSL,South,Basic,Mobile,0
C007393,31,22,44.07,2,14.0,29.1,7.2,0,Month-to-month,None,East,Basic,Tablet,0
C007394,34,43,61.86,0,15.7,20.4,6.9,0,One year,DSL,South,None,Mobile,0
C007395,20,4,121.15,6,19.9,37.5,4.4,0,One year,Fiber,East,Basic,Mobile,1
C007396,38,35,78.89,3,15.0,27.0,6.1,0,Month-to-month,Fiber,East,None,Mobile,0
C007397,36,2,57.36,2,23.1,37.7,5.6,0,Two year,Fiber,East,Basic,Desktop,0
C007398,25,3,46.85,4,18.5,6.4,5.7,0,Month-to-month,Fiber,East,None,Desktop,1
C007399,52,31,32.04,1,6.1,31.4,,1,One year,None,East,Basic,Mobile,0
C007400,59,54,51.24,5,0.0,28.0,8.0,0,Month-to-month,Fiber,South,Basic,Tablet,0
C007401,42,64,90.98,2,8.9,19.5,7.6,0,Month-to-month,Fiber,East,Basic,Tablet,1
C007402,38,7,61.32,1,17.0,16.4,8.9,2,One year,Fiber,South,None,Mobile,0
C007403,48,18,48.05,5,18.6,27.6,7.8,0,Month-to-month,DSL,East,Basic,Desktop,0
C007404,42,31,50.8,1,15.3,18.2,6.0,0,Month-to-month,DSL,East,Premium,Desktop,0
C007405,28,42,88.24,5,16.8,3.0,8.5,1,Month-to-month,DSL,West,Basic,Mobile,0
C007406,34,72,69.97,2,25.2,16.9,4.6,0,Month-to-month,Fiber,South,Basic,Mobile,0
C007407,38,50,56.32,1,16.1,16.4,,0,Month-to-month,Fiber,East,Basic,Mobile,0
C007408,45,39,64.29,1,18.4,31.4,5.7,0,Month-to-month,DSL,West,None,Desktop,0
C007409,42,5,127.15,1,27.2,16.7,3.0,0,Month-to-month,DSL,East,Premium,Desktop,0
C007410,45,6,102.49,1,3.3,31.0,8.1,0,Month-to-month,DSL,South,None,Desktop,0
C007411,22,12,108.72,0,28.0,19.6,6.5,1,Two year,DSL,East,Premium,Mobile,1
C007412,51,48,28.2,1,0.0,40.4,9.2,0,Month-to-month,Fiber,South,Basic,Mobile,0
C007413,42,24,68.22,1,10.2,35.5,8.8,0,One year,Fiber,North,None,Desktop,0
C007414,75,18,55.88,1,12.1,27.4,5.3,0,Month-to-month,Fiber,West,Basic,Mobile,0
C007415,37,49,85.6,2,4.6,32.7,9.8,0,Month-to-month,Fiber,East,Basic,Desktop,0
C007416,46,59,98.5,0,14.8,37.9,3.7,0,Month-to-month,Fiber,South,Basic,Desktop,0
C007417,79,32,80.16,2,15.6,31.7,7.9,1,Month-to-month,DSL,West,None,Mobile,0
C007418,45,64,50.19,2,21.2,32.7,9.7,0,Month-to-month,Fiber,North,Basic,Mobile,0
C007419,41,53,55.47,3,21.0,5.7,5.3,0,One year,None,North,Basic,Desktop,0
C007420,29,52,87.51,2,17.2,24.8,10.0,0,One year,None,West,None,Desktop,0
C007421,62,63,90.0,3,23.8,21.7,7.4,0,Month-to-month,DSL,East,Premium,Desktop,0
C007422,27,14,75.52,2,20.5,43.6,7.8,2,Month-to-month,Fiber,West,Basic,Mobile,0
C007423,48,55,75.24,1,13.7,26.3,9.2,0,Month-to-month,DSL,South,None,Tablet,0
C007424,36,69,73.25,4,16.8,22.9,7.9,0,One year,DSL,South,None,Mobile,0
C007425,40,72,78.73,1,11.6,38.0,,0,Two year,Fiber,South,Premium,Mobile,0
C007426,23,42,89.9,1,7.4,12.8,1.3,0,One year,Fiber,North,None,Desktop,0
C007427,59,55,87.75,0,19.0,30.0,5.3,1,Month-to-month,Fiber,West,Basic,Mobile,0
C007428,38,64,72.59,3,5.5,7.3,,1,One year,Fiber,South,None,Desktop,0
C007429,26,62,70.77,0,14.7,22.4,5.4,1,One year,DSL,North,Basic,Desktop,0
C007430,58,65,69.82,0,0.0,25.4,6.0,0,One year,DSL,East,None,Mobile,0
C007431,35,60,52.49,3,16.5,48.5,2.0,0,One year,DSL,West,None,Mobile,0
C007432,46,28,52.17,2,10.9,29.2,5.0,0,Month-to-month,DSL,North,None,Mobile,0
C007433,53,53,85.6,2,20.0,20.3,8.1,0,Month-to-month,Fiber,South,None,Mobile,0
C007434,48,30,54.18,0,14.4,29.4,9.0,0,Month-to-month,DSL,South,None,Desktop,0
C007435,18,58,92.35,3,15.1,48.3,5.8,1,One year,Fiber,West,Basic,Mobile,0
C007436,51,59,70.72,3,16.4,6.3,8.3,0,Month-to-month,Fiber,West,None,Desktop,0
C007437,41,68,92.49,3,11.7,40.3,2.4,0,Month-to-month,DSL,North,Premium,Desktop,0
C007438,38,43,87.92,1,12.0,35.6,7.6,0,Month-to-month,DSL,South,None,Desktop,0
C007439,41,35,93.07,5,12.0,29.6,9.2,1,One year,None,West,Basic,Mobile,0
C007440,21,12,60.09,0,15.1,27.3,8.0,0,Month-to-month,DSL,West,Basic,Mobile,0
C007441,44,46,82.22,1,12.1,48.2,7.1,2,Month-to-month,DSL,South,Basic,Tablet,0
C007442,24,41,90.45,1,19.2,39.6,2.5,0,One year,DSL,South,Premium,Mobile,0
C007443,38,38,33.22,2,3.6,18.5,10.0,1,Month-to-month,Fiber,South,Basic,Mobile,0
C007444,44,49,114.54,2,5.5,31.3,10.0,0,One year,Fiber,South,Premium,Desktop,0
C007445,56,62,128.65,2,29.2,45.9,8.4,0,One year,DSL,North,Basic,Mobile,0
C007446,31,11,95.68,2,13.0,37.5,9.5,1,One year,Fiber,West,None,Desktop,0
C007447,61,32,92.15,1,8.9,34.1,7.1,0,Month-to-month,None,West,Basic,Mobile,0
C007448,54,53,86.72,1,15.8,15.4,8.5,0,Month-to-month,Fiber,West,Premium,Desktop,0
C007449,36,60,63.91,0,21.4,58.8,8.6,0,One year,Fiber,West,None,Tablet,0
C007450,28,57,69.25,0,20.5,39.7,7.0,0,One year,Fiber,West,None,Mobile,0
C007451,23,58,96.11,2,10.8,52.4,5.6,0,Month-to-month,DSL,East,Basic,Mobile,0
C007452,46,62,47.67,4,12.4,34.6,8.7,0,One year,DSL,East,None,Desktop,0
C007453,32,70,45.48,1,13.7,30.8,10.0,0,Month-to-month,DSL,East,None,Desktop,0
C007454,58,44,62.07,2,18.2,23.3,9.3,0,Two year,Fiber,North,Basic,Mobile,0
C007455,33,18,88.41,0,16.3,42.7,7.7,0,Month-to-month,DSL,East,Basic,Mobile,0
C007456,30,41,50.35,1,9.6,49.0,7.6,0,Month-to-month,DSL,South,None,Mobile,0
C007457,45,52,66.36,1,12.4,43.5,7.7,0,Month-to-month,Fiber,South,None,Mobile,0
C007458,33,8,69.33,1,14.1,58.1,3.0,0,One year,Fiber,West,None,Desktop,0
C007459,42,55,46.7,1,26.4,32.6,6.9,0,One year,None,East,None,Mobile,0
C007460,55,40,20.0,1,14.8,23.5,6.7,0,One year,DSL,North,Premium,Mobile,0
C007461,44,68,46.34,2,39.2,34.1,4.9,0,Two year,Fiber,North,Premium,Tablet,0
C007462,44,16,78.52,1,14.1,40.6,9.0,0,Month-to-month,Fiber,North,Basic,Mobile,0
C007463,45,66,84.15,2,4.2,27.8,7.6,0,One year,DSL,South,None,Mobile,0
C007464,20,33,84.36,3,18.5,30.5,2.4,0,Month-to-month,DSL,East,None,Desktop,0
C007465,47,42,87.24,1,23.3,33.6,7.5,1,One year,DSL,West,Basic,Desktop,0
C007466,44,48,56.34,2,19.3,36.9,9.4,0,Month-to-month,DSL,North,None,Tablet,0
C007467,54,42,50.98,1,17.4,32.6,6.0,0,Two year,Fiber,South,Basic,Mobile,0
C007468,50,66,81.38,1,13.3,33.5,5.3,0,Two year,DSL,North,None,Desktop,0
C007469,39,13,66.71,1,14.0,38.6,,1,Two year,Fiber,West,None,Mobile,0
C007470,55,53,94.68,2,0.0,40.2,7.3,1,One year,None,South,Basic,Mobile,0
C007471,38,71,81.53,1,22.0,25.1,5.8,1,One year,Fiber,East,Premium,Mobile,0
C007472,45,16,104.1,1,13.3,9.0,4.5,2,Month-to-month,Fiber,North,Basic,Mobile,0
C007473,38,19,60.36,0,24.0,18.5,,1,Month-to-month,Fiber,South,None,Mobile,0
C007474,48,35,98.69,1,12.3,36.5,7.5,0,Month-to-month,Fiber,East,Basic,Desktop,0
C007475,37,53,122.87,0,15.6,22.2,6.2,0,Two year,DSL,East,None,Mobile,0
C007476,63,70,73.34,3,24.7,34.2,10.0,0,One year,Fiber,North,Premium,Mobile,0
C007477,68,58,84.48,1,25.4,30.3,7.6,0,Month-to-month,Fiber,East,None,Mobile,0
C007478,53,58,48.74,2,21.9,31.8,6.9,0,One year,Fiber,West,None,Mobile,0
C007479,62,32,94.35,1,2.9,36.9,7.5,0,One year,DSL,South,Basic,Tablet,0
C007480,22,47,100.23,2,7.1,45.3,6.1,0,Two year,DSL,West,Premium,Desktop,0
C007481,24,16,59.64,1,20.9,30.8,6.8,0,One year,Fiber,East,None,Mobile,0
C007482,38,34,86.65,3,11.1,18.5,8.2,0,One year,Fiber,South,None,Desktop,0
C007483,43,14,79.01,0,16.5,34.7,10.0,0,One year,Fiber,East,Basic,Desktop,0
C007484,39,2,81.77,0,17.5,39.6,6.1,0,One year,Fiber,North,Basic,Mobile,0
C007485,21,62,92.3,1,17.8,4.0,8.2,0,Month-to-month,Fiber,East,Basic,Tablet,0
C007486,57,58,84.97,2,8.6,22.3,4.4,1,Month-to-month,Fiber,North,Basic,Mobile,1
C007487,70,37,68.53,2,23.2,31.4,8.0,1,One year,None,East,Basic,Mobile,0
C007488,59,2,92.83,3,12.3,25.2,10.0,0,Two year,Fiber,North,None,Desktop,0
C007489,56,7,99.8,3,20.1,32.6,7.1,1,Month-to-month,Fiber,West,Basic,Desktop,0
C007490,45,9,58.15,3,14.5,23.5,6.1,0,Month-to-month,Fiber,West,None,Desktop,0
C007491,31,52,71.96,3,29.4,42.2,6.1,0,Two year,DSL,South,None,Mobile,0
C007492,43,15,27.78,1,26.1,31.6,8.0,0,Month-to-month,DSL,East,Basic,Mobile,0
C007493,69,19,86.59,1,30.9,9.4,7.2,0,Month-to-month,Fiber,East,Basic,Desktop,0
C007494,37,62,102.58,1,27.6,39.8,6.4,0,Two year,DSL,North,Premium,Desktop,0
C007495,36,64,65.57,2,15.1,,8.3,0,One year,Fiber,East,None,Tablet,0
C007496,56,55,75.34,4,12.3,30.6,5.5,0,Month-to-month,Fiber,North,Premium,Tablet,0
C007497,57,23,66.5,2,8.1,8.9,8.7,0,Two year,Fiber,South,Premium,Desktop,0
C007498,31,42,62.4,2,17.9,41.8,,0,Month-to-month,Fiber,North,None,Desktop,0
C007499,39,15,77.8,1,16.2,18.7,8.3,0,One year,Fiber,East,Basic,Desktop,0
C007500,35,62,52.39,2,15.7,26.7,8.6,0,Month-to-month,Fiber,South,Premium,Tablet,0
C007501,43,7,66.12,0,10.2,24.1,3.6,0,Month-to-month,DSL,North,None,Mobile,0
C007502,56,54,49.39,0,18.5,13.7,7.0,0,Month-to-month,None,East,Basic,Mobile,0
C007503,32,37,86.73,3,13.3,31.1,4.3,0,One year,DSL,South,None,Desktop,0
C007504,56,55,77.98,2,12.6,33.4,4.0,0,One year,Fiber,West,Basic,Mobile,0
C007505,43,33,61.22,0,17.1,32.4,6.7,0,One year,DSL,East,None,Mobile,0
C007506,72,12,72.93,2,15.5,28.5,,0,Month-to-month,Fiber,East,None,Desktop,0
C007507,46,55,66.48,0,6.0,22.1,4.3,0,Two year,DSL,South,Basic,Mobile,0
C007508,41,46,100.6,2,10.5,48.6,7.6,0,Month-to-month,Fiber,West,None,Desktop,0
C007509,49,34,60.97,3,19.7,33.2,5.5,0,Month-to-month,Fiber,East,Basic,Mobile,0
C007510,38,27,87.88,0,15.7,19.8,7.2,0,Month-to-month,None,East,Premium,Desktop,0
C007511,19,25,54.37,3,2.4,36.3,10.0,0,Month-to-month,DSL,West,Basic,Mobile,0
C007512,39,35,92.36,5,20.9,35.4,6.5,1,Two year,DSL,East,Premium,Mobile,0
C007513,39,19,97.93,1,15.7,38.4,5.1,0,Month-to-month,Fiber,East,Premium,Desktop,0
C007514,21,21,99.11,3,8.6,30.6,7.1,0,Month-to-month,DSL,South,Basic,Mobile,1
C007515,41,21,108.78,1,11.3,23.5,6.8,1,Month-to-month,Fiber,North,None,Desktop,0
C007516,18,1,79.31,2,17.2,14.6,6.5,2,One year,DSL,North,Premium,Desktop,0
C007517,37,67,102.95,5,0.5,24.6,7.2,0,One year,DSL,South,Basic,Mobile,0
C007518,45,18,112.6,2,18.9,11.1,6.8,0,Month-to-month,DSL,South,None,Desktop,0
C007519,43,12,43.95,1,22.9,34.6,4.9,2,Month-to-month,DSL,East,Premium,Mobile,0
C007520,37,11,56.92,2,22.2,11.7,8.6,0,One year,Fiber,South,Basic,Desktop,0
C007521,41,72,34.61,1,24.1,26.7,9.5,1,Two year,DSL,West,Basic,Mobile,0
C007522,32,35,98.53,1,10.5,39.7,,1,Month-to-month,None,West,None,Desktop,0
C007523,42,24,34.29,1,23.2,28.1,7.7,0,Month-to-month,None,North,None,Mobile,0
C007524,43,30,27.5,3,17.9,30.3,3.4,0,Month-to-month,DSL,South,Premium,Desktop,0
C007525,30,7,44.57,2,10.2,36.3,7.1,0,Month-to-month,DSL,South,None,Tablet,0
C007526,45,23,28.54,1,19.3,37.2,10.0,0,One year,DSL,South,Basic,Mobile,0
C007527,45,18,78.8,0,19.1,43.5,8.5,0,Month-to-month,Fiber,North,Premium,Mobile,0
C007528,40,58,44.89,3,26.8,37.8,7.4,0,Month-to-month,Fiber,South,Premium,Tablet,0
C007529,73,5,29.74,2,24.4,35.3,7.0,0,Month-to-month,Fiber,North,Basic,Mobile,0
C007530,40,31,70.95,0,11.2,7.5,6.6,0,Month-to-month,DSL,East,Basic,Desktop,0
C007531,38,57,72.43,3,18.4,33.9,7.9,0,Month-to-month,Fiber,East,None,Tablet,0
C007532,37,61,25.26,1,18.3,50.9,9.0,0,One year,Fiber,North,Basic,Tablet,0
C007533,29,37,54.16,1,17.8,38.8,6.2,1,One year,DSL,East,Basic,Mobile,0
C007534,51,17,70.13,1,13.9,42.6,8.5,0,Two year,Fiber,North,None,Desktop,0
C007535,33,25,63.08,0,28.3,22.9,5.6,1,Month-to-month,DSL,East,Basic,Desktop,0
C007536,35,17,63.76,1,11.6,30.2,6.3,1,Month-to-month,Fiber,East,None,Desktop,0
C007537,35,48,101.48,1,27.7,37.8,5.1,0,Month-to-month,Fiber,North,None,Mobile,0
C007538,29,22,125.66,1,6.0,36.3,7.4,1,Month-to-month,DSL,South,None,Tablet,1
C007539,19,46,64.17,2,13.3,40.5,7.3,0,Month-to-month,DSL,North,Basic,Tablet,0
C007540,36,48,38.95,0,21.4,17.4,7.8,0,Month-to-month,Fiber,West,Basic,Desktop,0
C007541,53,68,66.14,2,8.6,21.5,7.7,0,One year,Fiber,South,Basic,Desktop,0
C007542,45,27,76.86,0,10.9,15.5,8.4,0,One year,Fiber,North,Basic,Mobile,0
C007543,62,70,70.67,1,19.7,34.1,10.0,0,Month-to-month,Fiber,East,Basic,Mobile,0
C007544,52,29,87.27,0,3.9,28.8,8.4,0,One year,DSL,South,Basic,Mobile,0
C007545,49,50,127.3,3,23.7,28.7,3.5,0,Month-to-month,DSL,North,Basic,Mobile,1
C007546,66,48,29.17,2,26.3,22.8,6.7,0,Month-to-month,DSL,East,None,Mobile,0
C007547,41,59,59.32,0,26.7,,7.0,0,One year,Fiber,North,Premium,Mobile,0
C007548,43,34,110.53,2,18.3,31.0,4.2,0,One year,Fiber,South,Basic,Mobile,0
C007549,42,58,58.95,1,13.0,44.3,8.6,0,Month-to-month,DSL,North,Basic,Mobile,0
C007550,62,26,91.74,2,13.5,49.8,10.0,0,Month-to-month,None,North,None,Mobile,0
C007551,42,36,87.77,0,18.0,49.9,5.5,0,Month-to-month,DSL,East,Premium,Desktop,0
C007552,34,36,102.92,3,16.9,25.4,9.4,0,Month-to-month,None,East,Basic,Desktop,0
C007553,50,51,119.83,0,13.3,16.8,9.0,0,Two year,None,West,Basic,Tablet,0
C007554,31,45,80.33,3,27.1,41.6,7.6,0,Month-to-month,Fiber,East,None,Mobile,0
C007555,49,6,28.35,0,14.3,46.3,8.6,0,One year,Fiber,East,None,Mobile,0
C007556,47,59,54.49,5,26.1,,5.7,0,One year,Fiber,East,None,Mobile,0
C007557,40,55,126.65,0,16.7,30.7,9.2,0,One year,DSL,East,Premium,Desktop,0
C007558,49,8,36.65,2,16.3,23.5,9.4,0,Month-to-month,DSL,East,Basic,Desktop,0
C007559,23,70,84.42,1,19.6,38.3,8.0,2,One year,Fiber,South,Basic,Tablet,0
C007560,44,48,20.0,2,19.5,37.9,7.6,1,Month-to-month,DSL,West,Basic,Tablet,0
C007561,36,7,38.22,1,15.0,34.4,5.7,0,Two year,Fiber,West,Basic,Mobile,0
C007562,79,36,94.17,1,20.0,17.7,8.8,0,Month-to-month,DSL,South,None,Mobile,0
C007563,44,61,72.9,0,20.8,19.1,7.1,0,Month-to-month,DSL,South,None,Desktop,0
C007564,34,21,62.59,2,27.6,29.9,6.9,2,One year,Fiber,South,Basic,Desktop,0
C007565,24,68,51.64,1,16.5,43.5,8.8,0,Month-to-month,Fiber,North,Basic,Mobile,0
C007566,59,31,22.09,3,10.5,41.9,6.6,1,Two year,Fiber,South,Premium,Tablet,0
C007567,37,17,89.34,1,11.3,26.2,5.8,0,Two year,Fiber,West,Basic,Mobile,0
C007568,32,26,64.92,1,32.6,9.1,9.1,0,Month-to-month,Fiber,East,None,Desktop,0
C007569,46,38,33.95,0,2.8,47.0,4.4,0,Two year,DSL,West,Basic,Desktop,0
C007570,50,50,72.75,4,7.7,45.9,8.4,0,One year,Fiber,East,None,Mobile,0
C007571,50,67,86.53,2,16.2,32.5,4.9,0,One year,DSL,East,Basic,Mobile,0
C007572,42,15,66.98,1,11.7,25.8,3.8,0,Month-to-month,Fiber,East,Basic,Tablet,0
C007573,44,70,74.9,1,21.7,27.3,,1,One year,Fiber,North,Premium,Desktop,0
C007574,45,38,72.95,0,21.1,42.2,7.7,1,Month-to-month,DSL,West,None,Desktop,0
C007575,46,10,54.33,1,12.3,37.4,6.0,0,Month-to-month,None,South,Basic,Desktop,0
C007576,48,67,73.36,0,26.5,25.9,5.0,0,One year,None,North,Basic,Mobile,0
C007577,56,26,90.38,1,8.3,57.4,7.7,0,Two year,DSL,East,None,Mobile,0
C007578,43,45,97.87,1,10.8,12.6,6.3,0,Month-to-month,DSL,West,Basic,Mobile,0
C007579,31,51,91.77,4,27.0,23.8,8.5,1,One year,DSL,North,Basic,Desktop,0
C007580,40,1,55.12,1,6.9,24.0,6.1,1,Month-to-month,Fiber,North,Basic,Desktop,1
C007581,52,16,87.91,2,18.4,32.3,6.3,1,Month-to-month,Fiber,East,None,Mobile,0
C007582,19,50,83.64,0,27.0,44.6,9.1,1,Month-to-month,Fiber,West,None,Mobile,0
C007583,19,24,54.26,1,0.0,40.9,5.3,1,Month-to-month,None,East,Basic,Mobile,0
C007584,54,1,60.39,3,13.6,32.5,,0,Two year,Fiber,North,Basic,Tablet,1
C007585,62,2,88.99,1,22.6,15.1,5.4,0,One year,Fiber,North,None,Tablet,0
C007586,26,60,106.42,5,14.1,42.5,7.5,2,One year,None,East,None,Mobile,0
C007587,43,12,26.71,4,16.4,17.4,10.0,0,One year,Fiber,North,Premium,Mobile,0
C007588,37,8,113.0,2,17.3,26.2,7.4,1,Month-to-month,None,East,Premium,Desktop,0
C007589,39,41,101.1,0,18.2,30.1,5.5,0,Month-to-month,Fiber,South,None,Mobile,0
C007590,46,9,76.98,1,10.4,21.3,5.6,1,Two year,Fiber,West,Basic,Mobile,0
C007591,25,48,65.98,4,21.4,21.1,7.8,1,One year,Fiber,West,Basic,Desktop,0
C007592,28,40,81.76,4,17.8,41.6,4.0,0,Month-to-month,Fiber,North,Premium,Desktop,0
C007593,38,47,55.99,1,8.0,48.5,3.7,0,Month-to-month,DSL,East,Basic,Mobile,0
C007594,40,36,67.56,1,12.7,30.1,7.5,0,Month-to-month,Fiber,North,Basic,Desktop,0
C007595,27,57,35.12,0,6.1,9.7,8.7,0,One year,DSL,East,None,Mobile,0
C007596,52,47,28.46,4,17.5,34.4,8.7,0,One year,Fiber,North,Basic,Tablet,0
C007597,37,30,130.31,1,19.4,22.6,7.7,0,Month-to-month,DSL,North,Premium,Desktop,0
C007598,37,2,73.58,0,17.5,35.3,9.3,1,Two year,Fiber,East,Basic,Desktop,0
C007599,46,20,77.09,1,19.8,34.5,6.8,0,Month-to-month,Fiber,South,None,Tablet,0
C007600,40,10,71.23,2,16.9,8.4,6.4,0,One year,Fiber,South,Premium,Desktop,0
C007601,53,2,51.31,0,21.3,26.3,7.0,0,Month-to-month,DSL,West,None,Desktop,0
C007602,30,20,64.32,3,15.1,38.4,7.6,0,Two year,Fiber,South,None,Desktop,0
C007603,24,15,74.28,1,20.9,29.9,10.0,0,Two year,Fiber,East,None,Desktop,0
C007604,38,6,67.08,0,7.0,17.8,6.7,1,Month-to-month,Fiber,South,Basic,Desktop,0
C007605,43,23,53.19,1,6.2,38.9,7.4,0,Month-to-month,Fiber,West,None,Mobile,0
C007606,26,37,83.99,1,16.6,11.0,10.0,0,Two year,Fiber,West,Premium,Desktop,0
C007607,24,13,76.71,3,20.8,33.8,8.1,0,One year,DSL,East,Basic,Mobile,0
C007608,44,20,81.82,1,14.1,24.5,4.1,1,Month-to-month,DSL,South,Premium,Mobile,1
C007609,32,2,89.63,2,20.5,36.2,10.0,0,Month-to-month,None,North,None,Mobile,0
C007610,23,4,67.74,1,18.2,28.3,7.7,1,Month-to-month,Fiber,South,Premium,Mobile,0
C007611,55,12,67.78,3,1.7,36.8,2.0,0,One year,Fiber,West,Premium,Mobile,1
C007612,34,33,109.06,0,32.3,47.3,6.4,0,Two year,Fiber,South,Basic,Mobile,0
C007613,57,48,48.4,2,7.2,39.3,5.8,1,One year,Fiber,East,None,Tablet,0
C007614,42,57,25.16,4,9.4,39.1,6.2,0,Two year,Fiber,South,Premium,Desktop,0
C007615,46,46,85.89,1,24.0,38.0,7.0,0,Month-to-month,DSL,South,Premium,Mobile,0
C007616,39,45,56.27,1,16.1,10.4,8.4,1,Month-to-month,Fiber,West,None,Desktop,0
C007617,18,68,45.07,2,10.6,32.0,,1,Month-to-month,Fiber,West,Premium,Desktop,0
C007618,27,19,94.13,2,12.7,34.2,9.4,0,Month-to-month,Fiber,North,Basic,Mobile,0
C007619,40,58,68.38,1,9.8,37.6,10.0,1,Month-to-month,None,East,None,Tablet,0
C007620,47,68,40.41,5,10.4,30.0,6.7,0,Month-to-month,None,East,Basic,Mobile,0
C007621,19,41,120.37,1,21.5,39.6,3.3,0,Month-to-month,DSL,South,Basic,Desktop,0
C007622,41,61,31.73,2,12.5,19.5,2.6,1,Month-to-month,Fiber,East,None,Desktop,0
C007623,27,10,69.83,2,8.5,54.9,8.5,1,One year,DSL,South,Basic,Desktop,0
C007624,45,64,24.77,1,10.7,37.7,7.0,1,Month-to-month,Fiber,North,Basic,Desktop,0
C007625,42,41,78.77,0,14.9,20.0,9.8,1,Month-to-month,DSL,North,Basic,Desktop,0
C007626,52,16,55.97,2,10.8,47.3,7.9,0,Month-to-month,DSL,North,Premium,Mobile,0
C007627,56,5,92.48,2,13.8,17.6,,1,One year,DSL,South,None,Mobile,0
C007628,48,52,71.57,2,18.4,31.1,6.0,0,Two year,Fiber,South,None,Desktop,0
C007629,53,32,105.77,1,12.6,32.4,7.9,1,Month-to-month,DSL,South,None,Mobile,0
C007630,37,23,61.26,2,10.0,26.1,5.1,1,One year,None,West,Basic,Desktop,0
C007631,79,29,31.89,3,11.1,29.5,9.8,1,Two year,DSL,West,None,Mobile,0
C007632,26,72,77.94,0,25.7,31.8,6.3,0,One year,None,South,Basic,Desktop,0
C007633,35,31,65.69,2,31.2,18.1,6.5,0,Month-to-month,Fiber,West,Basic,Desktop,0
C007634,54,6,26.52,5,16.3,34.3,4.2,0,Month-to-month,Fiber,South,Basic,Tablet,1
C007635,52,21,45.62,2,21.1,31.0,10.0,1,Month-to-month,DSL,South,Basic,Mobile,0
C007636,48,11,53.57,0,9.4,54.3,6.7,0,Month-to-month,DSL,East,Basic,Mobile,0
C007637,51,50,110.88,2,11.9,48.8,7.6,0,Month-to-month,Fiber,West,Basic,Desktop,0
C007638,18,58,89.69,1,19.1,22.2,,0,One year,Fiber,West,Basic,Mobile,0
C007639,63,61,63.31,2,0.0,29.3,6.4,0,Month-to-month,DSL,West,None,Desktop,0
C007640,39,46,83.77,0,21.4,22.7,7.7,0,Month-to-month,Fiber,East,None,Desktop,0
C007641,58,56,21.01,1,12.0,27.9,7.9,1,One year,Fiber,West,Basic,Mobile,0
C007642,18,31,57.88,2,8.5,41.3,8.1,3,Month-to-month,DSL,East,Premium,Desktop,0
C007643,45,46,82.02,1,18.7,29.8,8.9,0,Month-to-month,None,South,Premium,Desktop,0
C007644,35,8,76.13,1,26.1,25.0,,2,Month-to-month,Fiber,East,Basic,Mobile,0
C007645,49,39,58.52,1,13.8,38.3,,0,One year,Fiber,South,Premium,Mobile,0
C007646,46,41,71.04,3,18.0,7.8,5.9,0,Month-to-month,Fiber,South,Basic,Mobile,0
C007647,47,3,80.45,4,19.2,26.4,6.7,0,One year,Fiber,West,Premium,Tablet,0
C007648,28,40,71.77,1,17.7,47.4,4.9,2,One year,Fiber,South,Premium,Tablet,0
C007649,41,53,93.53,0,9.0,48.0,6.2,1,Month-to-month,None,North,Premium,Mobile,0
C007650,40,27,79.97,2,17.6,46.7,7.9,0,Month-to-month,Fiber,North,None,Mobile,0
C007651,48,40,84.78,2,17.3,16.2,7.8,0,Two year,DSL,East,None,Mobile,0
C007652,55,21,114.84,1,0.0,16.1,8.3,0,Month-to-month,Fiber,South,Basic,Mobile,1
C007653,44,20,92.69,3,22.0,25.1,9.7,0,One year,Fiber,South,Premium,Desktop,0
C007654,25,10,115.52,1,5.5,31.2,4.7,0,Two year,Fiber,South,Basic,Mobile,0
C007655,43,24,55.2,4,16.9,22.2,3.7,1,Two year,None,West,Premium,Desktop,0
C007656,76,58,32.19,2,26.6,10.8,6.6,1,Month-to-month,Fiber,South,None,Desktop,0
C007657,63,68,68.49,1,14.3,42.1,9.8,0,Two year,Fiber,East,Premium,Desktop,0
C007658,18,46,66.36,2,8.7,40.1,9.7,1,Month-to-month,Fiber,West,None,Mobile,0
C007659,43,45,108.49,2,19.9,23.9,7.5,0,One year,DSL,East,None,Desktop,0
C007660,54,45,43.75,4,25.8,39.5,,0,One year,None,West,Basic,Tablet,0
C007661,40,35,70.03,2,8.2,42.3,7.6,0,One year,DSL,West,Premium,Desktop,0
C007662,36,31,82.13,0,0.0,3.0,9.1,1,One year,DSL,North,Premium,Desktop,0
C007663,39,45,74.5,3,24.3,38.7,5.7,0,One year,Fiber,West,Basic,Desktop,0
C007664,49,57,67.71,1,22.0,30.3,6.1,0,Month-to-month,Fiber,South,Basic,Desktop,0
C007665,27,30,80.96,0,18.7,3.0,7.3,0,Month-to-month,None,West,Premium,Desktop,0
C007666,57,41,98.98,2,3.4,43.2,9.1,0,Month-to-month,DSL,South,None,Mobile,1
C007667,41,34,110.39,1,20.2,32.0,8.6,0,Month-to-month,None,North,None,Desktop,0
C007668,30,21,72.82,3,23.2,11.8,3.6,1,Month-to-month,DSL,West,Basic,Mobile,0
C007669,57,21,51.6,0,31.1,35.8,8.6,0,Month-to-month,Fiber,East,Basic,Desktop,0
C007670,22,6,110.36,1,14.0,33.2,7.1,1,Month-to-month,Fiber,East,None,Desktop,1
C007671,35,32,45.06,1,17.1,37.5,8.2,0,One year,Fiber,East,Premium,Mobile,0
C007672,35,52,116.76,2,0.9,7.8,6.7,1,Month-to-month,None,West,None,Mobile,0
C007673,70,50,105.6,1,22.8,27.4,8.0,0,One year,Fiber,South,Basic,Mobile,0
C007674,33,71,109.23,3,22.6,19.2,7.2,0,One year,Fiber,West,None,Tablet,0
C007675,18,3,89.13,1,18.8,29.0,6.1,0,One year,None,East,Basic,Mobile,0
C007676,34,55,20.0,1,24.3,10.6,5.7,0,One year,Fiber,East,None,Tablet,0
C007677,48,58,46.02,1,10.5,17.6,6.8,1,Month-to-month,Fiber,South,None,Desktop,0
C007678,52,32,79.67,1,14.5,49.5,4.8,0,One year,Fiber,West,Premium,Mobile,0
C007679,72,21,55.11,2,14.7,44.9,6.3,0,Month-to-month,Fiber,North,Premium,Desktop,1
C007680,60,26,64.12,1,23.7,42.7,6.5,1,One year,DSL,West,Premium,Mobile,0
C007681,44,50,87.32,2,23.9,48.6,9.0,0,One year,Fiber,East,None,Mobile,0
C007682,30,63,67.75,2,18.2,8.6,8.3,0,Two year,Fiber,North,None,Desktop,0
C007683,63,47,41.52,0,17.9,30.3,10.0,0,Two year,Fiber,North,Basic,Desktop,0
C007684,37,38,94.14,0,19.9,33.9,4.1,0,Month-to-month,DSL,East,Basic,Mobile,0
C007685,33,47,84.87,1,13.6,26.4,6.6,0,Month-to-month,Fiber,West,Basic,Desktop,0
C007686,37,6,65.78,1,25.5,8.7,9.3,1,Month-to-month,None,East,Premium,Mobile,0
C007687,26,44,89.78,2,12.8,41.6,,1,One year,DSL,North,Basic,Desktop,0
C007688,36,4,74.38,0,19.0,38.4,6.7,0,Month-to-month,DSL,East,Basic,Mobile,0
C007689,39,70,105.28,3,11.8,23.6,5.4,0,One year,None,West,None,Desktop,0
C007690,51,65,75.78,1,22.6,41.1,8.3,0,One year,DSL,North,Premium,Tablet,0
C007691,37,37,105.1,0,15.3,32.5,7.4,0,Month-to-month,None,North,Premium,Mobile,0
C007692,26,27,25.16,0,30.5,38.6,6.5,0,Month-to-month,Fiber,West,Premium,Tablet,0
C007693,21,53,83.48,0,15.1,20.0,8.9,0,Month-to-month,Fiber,East,Premium,Mobile,0
C007694,45,46,62.05,1,22.6,33.9,10.0,0,One year,Fiber,South,Basic,Mobile,0
C007695,43,51,50.52,1,11.6,34.0,5.5,0,One year,DSL,West,Basic,Desktop,0
C007696,35,38,100.96,3,13.8,28.2,8.1,1,Month-to-month,DSL,East,None,Tablet,0
C007697,36,18,94.23,4,15.7,3.0,7.3,0,Two year,Fiber,West,None,Mobile,0
C007698,47,6,21.84,2,18.5,33.1,8.3,0,Month-to-month,Fiber,West,Premium,Mobile,0
C007699,60,21,89.89,1,10.8,33.9,9.5,1,Month-to-month,DSL,South,None,Mobile,0
C007700,32,39,86.85,4,12.0,19.7,9.7,0,Two year,Fiber,North,Basic,Mobile,0
C007701,43,31,53.92,1,16.6,37.9,6.2,1,Two year,DSL,North,Basic,Desktop,0
C007702,54,37,51.12,1,18.8,33.9,4.1,0,Month-to-month,Fiber,South,Premium,Tablet,0
C007703,32,20,32.24,2,15.7,35.9,6.9,1,Month-to-month,DSL,East,Basic,Mobile,0
C007704,42,68,63.56,1,14.7,26.5,6.9,0,Month-to-month,Fiber,West,Basic,Mobile,0
C007705,42,27,67.56,3,6.7,10.5,2.1,0,Month-to-month,DSL,East,Premium,Desktop,0
C007706,25,61,91.92,0,19.5,10.8,8.9,0,Month-to-month,DSL,West,Basic,Mobile,0
C007707,44,29,78.73,3,21.9,39.2,,0,One year,DSL,North,Basic,Mobile,0
C007708,42,32,45.5,3,22.7,17.9,7.0,1,Month-to-month,None,East,Basic,Desktop,0
C007709,49,44,77.97,2,17.1,21.4,6.1,0,Month-to-month,Fiber,South,Premium,Mobile,0
C007710,27,19,65.65,0,11.8,41.1,6.7,0,Month-to-month,Fiber,West,None,Desktop,0
C007711,42,16,48.63,2,13.7,5.4,9.4,0,Two year,None,West,None,Mobile,0
C007712,60,28,32.26,3,17.1,11.7,7.3,0,One year,Fiber,East,Premium,Mobile,0
C007713,69,58,87.62,2,15.9,40.5,10.0,0,Month-to-month,Fiber,East,Basic,Mobile,0
C007714,59,11,83.16,0,10.1,32.0,8.2,1,Month-to-month,DSL,North,Premium,Desktop,0
C007715,27,32,85.92,1,4.2,7.1,8.4,0,Two year,Fiber,South,Premium,Mobile,0
C007716,48,49,53.79,0,12.1,25.7,6.7,0,Month-to-month,Fiber,South,Basic,Tablet,0
C007717,36,51,76.28,2,14.1,33.1,7.0,1,One year,DSL,West,None,Mobile,0
C007718,46,32,37.62,4,18.2,17.8,9.0,0,One year,DSL,East,Premium,Mobile,0
C007719,32,6,47.34,2,13.1,,9.2,0,One year,DSL,East,None,Tablet,0
C007720,20,2,72.84,0,14.2,10.7,7.6,0,One year,DSL,South,Basic,Mobile,0
C007721,38,34,78.56,1,16.8,41.2,8.1,0,Month-to-month,Fiber,South,Basic,Mobile,0
C007722,51,59,31.28,1,27.0,43.5,6.8,1,Month-to-month,None,East,None,Mobile,0
C007723,46,3,45.56,1,14.8,40.1,7.5,0,Month-to-month,DSL,East,Premium,Mobile,0
C007724,47,64,62.87,2,5.2,45.8,7.3,0,One year,DSL,West,,Tablet,0
C007725,45,49,95.96,3,11.2,46.4,7.2,0,Month-to-month,Fiber,South,Premium,Mobile,0
C007726,47,1,51.67,4,28.7,12.8,8.9,0,Month-to-month,Fiber,West,None,Tablet,0
C007727,49,25,75.51,2,26.0,43.0,7.0,1,Month-to-month,Fiber,West,Basic,Mobile,0
C007728,38,16,78.13,1,22.6,32.3,6.0,0,Two year,Fiber,South,,Desktop,0
C007729,43,69,65.76,3,20.9,53.8,6.6,1,Month-to-month,DSL,East,Basic,Mobile,0
C007730,65,40,78.7,3,21.0,71.6,6.6,0,Month-to-month,Fiber,West,None,Mobile,0
C007731,44,24,38.38,1,14.3,,7.9,1,Month-to-month,Fiber,North,Premium,Desktop,0
C007732,43,21,55.61,2,22.1,27.3,6.1,1,Month-to-month,DSL,South,Basic,Desktop,0
C007733,43,41,107.86,0,22.3,26.4,9.1,0,Month-to-month,DSL,South,Basic,Desktop,0
C007734,39,1,109.62,2,21.9,31.9,6.6,0,Month-to-month,Fiber,East,None,Mobile,0
C007735,36,19,93.07,1,11.8,33.8,9.9,1,Month-to-month,DSL,East,Basic,Tablet,0
C007736,45,12,99.51,0,13.7,62.7,7.1,0,Month-to-month,DSL,East,None,Desktop,0
C007737,35,45,26.35,3,11.5,32.7,8.1,1,Month-to-month,DSL,South,Premium,Mobile,0
C007738,40,49,48.28,2,23.0,25.8,8.9,0,Two year,DSL,West,Premium,Mobile,0
C007739,32,34,64.22,1,18.1,31.2,9.3,0,One year,DSL,North,Basic,Mobile,0
C007740,43,11,132.39,0,18.7,21.1,8.2,0,Two year,Fiber,East,None,Mobile,0
C007741,50,27,64.17,0,20.0,10.9,10.0,0,One year,None,West,None,Desktop,0
C007742,39,61,90.62,2,6.1,29.2,7.1,0,Month-to-month,DSL,East,Basic,Tablet,0
C007743,18,15,81.46,1,22.2,59.0,4.4,0,Two year,Fiber,West,Basic,Mobile,0
C007744,50,12,80.9,0,12.2,41.7,7.0,0,One year,Fiber,East,Premium,Mobile,0
C007745,44,9,71.41,0,12.9,25.2,,1,Month-to-month,Fiber,North,None,Desktop,0
C007746,29,59,42.0,0,10.1,35.2,7.9,1,Month-to-month,DSL,South,None,Tablet,0
C007747,52,9,20.0,2,16.6,61.2,5.3,1,Two year,DSL,North,Basic,Tablet,1
C007748,24,42,104.05,2,15.5,33.4,6.5,0,One year,Fiber,South,None,Mobile,0
C007749,56,72,56.59,0,6.3,20.3,5.6,0,Month-to-month,Fiber,North,None,Mobile,0
C007750,41,47,25.32,0,3.5,31.8,,0,One year,None,South,Premium,Mobile,0
C007751,18,30,82.95,0,14.6,38.7,6.9,0,One year,DSL,North,Premium,Desktop,0
C007752,44,15,82.47,2,21.7,36.0,7.9,0,Month-to-month,Fiber,East,Premium,Mobile,0
C007753,37,1,91.2,1,21.0,48.4,5.8,1,Month-to-month,Fiber,North,Premium,Desktop,0
C007754,35,12,99.89,1,23.0,32.2,6.0,0,One year,Fiber,South,Basic,Mobile,0
C007755,32,69,49.03,0,14.6,3.0,8.4,0,Month-to-month,Fiber,North,Premium,Mobile,0
C007756,40,11,50.13,1,13.5,36.7,5.6,1,Month-to-month,DSL,West,None,Tablet,0
C007757,36,2,64.03,0,15.2,35.8,5.5,0,Month-to-month,DSL,South,Premium,Tablet,0
C007758,18,59,92.54,2,21.6,35.1,10.0,1,One year,Fiber,North,Premium,Mobile,0
C007759,59,31,20.0,0,27.3,20.8,6.2,0,Month-to-month,Fiber,South,None,Desktop,0
C007760,39,26,75.21,1,12.8,54.9,3.8,0,Month-to-month,Fiber,North,None,Mobile,0
C007761,32,52,95.3,1,14.1,18.0,4.9,0,Month-to-month,None,South,Basic,Tablet,0
C007762,27,38,94.27,3,16.2,19.2,3.5,0,Month-to-month,Fiber,South,None,Mobile,1
C007763,52,66,89.71,3,14.1,28.3,10.0,1,Month-to-month,Fiber,North,Premium,Tablet,0
C007764,25,34,98.58,2,11.9,46.9,7.0,1,Month-to-month,Fiber,North,Basic,Mobile,0
C007765,44,52,20.0,2,15.1,47.4,5.2,0,One year,Fiber,South,None,Desktop,0
C007766,34,64,112.34,0,10.5,38.7,8.1,0,One year,DSL,West,None,Mobile,0
C007767,35,34,80.26,1,21.1,41.7,10.0,0,Month-to-month,Fiber,North,Basic,Desktop,0
C007768,28,21,105.37,0,26.3,15.4,6.8,0,Two year,DSL,East,None,Desktop,0
C007769,34,71,42.63,1,14.0,10.6,10.0,0,Month-to-month,Fiber,West,None,Mobile,0
C007770,42,17,28.15,0,27.6,26.5,6.5,0,Month-to-month,Fiber,East,Basic,Tablet,0
C007771,45,3,116.66,0,15.2,41.6,5.0,1,One year,Fiber,North,None,Tablet,0
C007772,32,42,48.84,2,11.1,41.9,10.0,0,Two year,Fiber,North,None,Mobile,0
C007773,41,72,64.23,2,20.8,20.6,5.8,1,Two year,DSL,North,Premium,Tablet,0
C007774,54,7,85.19,0,9.5,19.3,6.1,0,Month-to-month,None,North,Basic,Mobile,0
C007775,20,62,91.32,2,20.4,45.0,9.0,0,Month-to-month,Fiber,South,Basic,Desktop,0
C007776,42,60,98.96,2,17.8,33.3,7.2,0,Month-to-month,DSL,West,Premium,Tablet,0
C007777,30,67,77.58,1,13.2,6.1,6.9,1,Month-to-month,Fiber,West,Basic,Desktop,0
C007778,28,31,45.64,2,12.4,17.5,6.6,1,Month-to-month,Fiber,East,Basic,Mobile,0
C007779,45,19,89.67,5,9.9,36.8,5.9,0,Month-to-month,DSL,South,Premium,Mobile,0
C007780,35,37,90.06,3,23.2,16.8,7.4,2,Month-to-month,Fiber,North,Basic,Mobile,1
C007781,26,11,26.62,4,14.4,19.2,8.0,0,Month-to-month,Fiber,South,Basic,Mobile,0
C007782,59,61,107.47,2,18.2,19.6,6.7,0,Month-to-month,DSL,West,None,Desktop,0
C007783,54,48,20.0,1,15.9,41.5,8.1,0,Month-to-month,Fiber,South,Premium,Desktop,0
C007784,18,35,97.86,1,14.5,30.9,7.8,0,One year,DSL,South,Premium,Mobile,0
C007785,23,38,56.15,0,18.3,51.1,7.8,0,Two year,Fiber,East,Basic,Tablet,0
C007786,50,52,89.64,0,19.6,25.9,6.6,2,One year,Fiber,East,None,Mobile,0
C007787,38,38,84.75,1,17.0,28.5,6.4,1,Month-to-month,DSL,North,Basic,Desktop,0
C007788,62,61,71.07,0,14.7,35.0,7.8,0,Month-to-month,None,East,None,Desktop,0
C007789,50,67,83.28,3,8.4,23.5,,0,Month-to-month,DSL,West,Basic,Desktop,0
C007790,46,69,69.84,1,11.8,11.8,10.0,0,One year,DSL,North,None,Mobile,0
C007791,29,45,89.85,3,13.9,26.8,2.6,0,Two year,DSL,South,Basic,Mobile,0
C007792,48,54,126.63,0,16.1,22.0,6.1,0,Two year,Fiber,North,Basic,Mobile,0
C007793,25,23,38.47,4,3.8,29.5,8.0,2,Two year,Fiber,South,Basic,Mobile,0
C007794,59,3,20.0,1,20.3,23.8,8.4,2,Two year,DSL,South,Premium,Mobile,0
C007795,47,29,61.61,0,18.2,36.4,5.6,0,Month-to-month,Fiber,East,Basic,Mobile,0
C007796,31,63,59.9,1,11.9,26.8,5.9,0,Month-to-month,None,South,Basic,Mobile,0
C007797,52,10,62.56,1,9.6,11.6,7.2,0,Two year,Fiber,North,None,Mobile,0
C007798,71,40,48.84,0,11.2,23.5,4.7,0,Two year,Fiber,East,Premium,Desktop,0
C007799,39,14,93.81,0,6.7,16.6,4.9,0,Month-to-month,Fiber,East,Basic,Desktop,0
C007800,49,31,37.47,1,13.6,54.1,8.7,1,One year,Fiber,South,Basic,Desktop,0
C007801,36,11,83.27,2,14.7,31.6,8.6,0,Month-to-month,Fiber,West,Basic,Desktop,0
C007802,43,53,87.96,1,22.4,39.0,7.1,0,Month-to-month,Fiber,North,Premium,Tablet,0
C007803,22,59,79.91,5,19.3,29.8,8.5,1,Month-to-month,None,East,None,Mobile,0
C007804,42,55,84.18,1,24.7,53.0,7.3,0,Two year,None,East,Basic,Mobile,0
C007805,43,51,95.73,2,16.8,15.9,5.7,0,One year,Fiber,South,Basic,Tablet,0
C007806,65,17,73.34,2,9.6,21.5,5.0,1,Two year,Fiber,East,None,Mobile,0
C007807,19,39,63.34,2,28.2,44.4,8.2,0,Month-to-month,None,South,None,Desktop,0
C007808,38,8,84.16,2,13.8,24.8,5.9,0,Month-to-month,Fiber,South,Premium,Tablet,0
C007809,59,27,87.01,0,5.2,22.0,8.6,0,Month-to-month,DSL,East,Premium,Mobile,0
C007810,39,37,94.24,1,17.5,24.3,6.6,1,Month-to-month,DSL,South,Premium,Mobile,0
C007811,40,49,29.19,2,4.9,54.2,9.4,0,One year,None,West,Basic,Desktop,0
C007812,31,7,67.41,1,15.4,55.5,5.4,0,Two year,Fiber,North,Basic,Desktop,0
C007813,30,59,45.37,0,12.7,35.9,5.0,2,Month-to-month,DSL,South,Basic,Desktop,0
C007814,18,34,86.02,1,19.7,33.4,7.5,0,One year,Fiber,South,Basic,Mobile,0
C007815,34,64,90.17,2,22.7,40.4,6.5,0,Two year,DSL,North,Premium,Mobile,0
C007816,29,38,65.14,0,13.7,35.7,7.4,1,Month-to-month,None,West,Basic,Mobile,0
C007817,44,40,53.77,1,13.2,33.1,7.0,3,One year,DSL,East,Basic,Mobile,0
C007818,32,50,86.92,0,21.3,25.6,6.2,0,Two year,DSL,West,Basic,Mobile,0
C007819,36,60,68.67,0,10.6,23.6,6.6,0,One year,Fiber,North,None,Tablet,0
C007820,36,12,107.66,1,16.5,37.0,3.2,0,Month-to-month,DSL,South,Basic,Desktop,0
C007821,41,37,116.32,3,19.8,32.7,9.8,0,One year,DSL,South,Basic,Mobile,0
C007822,35,3,97.02,0,10.5,48.6,5.9,1,One year,Fiber,West,None,Mobile,1
C007823,28,35,77.82,1,13.9,27.9,7.9,1,One year,Fiber,North,,Mobile,0
C007824,43,59,117.64,4,16.7,19.9,3.4,0,One year,Fiber,West,Basic,Mobile,0
C007825,56,63,78.02,1,25.3,13.5,5.5,0,Two year,DSL,South,None,Mobile,0
C007826,44,21,60.02,0,7.5,21.8,7.5,1,Two year,DSL,North,Premium,Mobile,0
C007827,34,28,55.12,0,15.0,13.7,10.0,0,Month-to-month,Fiber,East,Basic,Desktop,0
C007828,40,40,54.41,6,25.5,44.8,7.9,0,Two year,None,South,Premium,Mobile,0
C007829,18,29,71.84,3,22.8,25.9,8.1,0,One year,DSL,South,Basic,Desktop,0
C007830,40,13,83.58,2,14.1,21.8,6.2,0,Two year,Fiber,East,Basic,Mobile,0
C007831,37,22,36.62,0,15.5,36.8,7.1,1,Month-to-month,None,North,None,Desktop,0
C007832,30,30,60.78,1,19.2,54.4,6.7,0,Two year,Fiber,South,None,Mobile,0
C007833,32,38,77.32,0,19.4,25.9,7.6,0,Two year,None,North,Basic,Mobile,0
C007834,37,67,88.09,3,25.6,17.4,9.3,0,One year,None,East,Basic,Tablet,0
C007835,55,40,71.35,1,23.9,26.3,6.4,1,One year,DSL,South,Basic,Mobile,0
C007836,56,28,78.11,1,6.3,8.7,7.1,0,Month-to-month,DSL,West,None,Mobile,0
C007837,30,48,41.04,4,4.8,37.2,6.4,0,Month-to-month,Fiber,North,None,Desktop,0
C007838,35,56,49.21,5,12.2,37.9,6.6,0,One year,Fiber,East,None,Mobile,0
C007839,36,31,70.48,1,3.0,25.7,9.1,0,One year,DSL,West,Basic,Mobile,0
C007840,53,36,84.76,3,25.2,17.6,7.9,2,One year,Fiber,East,Basic,Mobile,1
C007841,44,16,77.78,2,5.5,59.8,7.7,0,Month-to-month,DSL,South,Basic,Desktop,0
C007842,43,63,50.78,2,13.9,16.2,6.9,0,Month-to-month,Fiber,East,None,Desktop,0
C007843,49,63,66.09,1,9.9,22.0,5.5,0,One year,Fiber,South,Basic,Mobile,0
C007844,34,13,109.8,5,4.9,31.4,8.3,1,Month-to-month,None,South,Premium,Tablet,0
C007845,60,25,85.61,2,24.3,41.3,8.6,0,One year,Fiber,South,Premium,Mobile,0
C007846,42,20,67.94,0,12.0,29.2,8.7,1,Month-to-month,None,North,None,Mobile,0
C007847,31,67,46.35,1,29.3,31.4,7.1,0,Month-to-month,DSL,East,Basic,Desktop,0
C007848,39,5,54.17,0,25.8,38.3,5.7,1,Month-to-month,Fiber,East,Premium,Mobile,0
C007849,58,15,72.16,2,16.0,69.5,8.2,0,Month-to-month,Fiber,South,None,Mobile,0
C007850,36,23,78.9,2,1.3,24.0,9.0,0,Month-to-month,Fiber,South,Premium,Mobile,0
C007851,54,41,86.14,0,13.6,24.9,8.6,0,One year,Fiber,North,None,Desktop,0
C007852,34,18,81.7,0,32.0,,5.7,0,Month-to-month,DSL,West,Basic,Mobile,0
C007853,32,39,62.74,1,19.0,39.1,7.8,1,Two year,Fiber,North,Basic,Tablet,0
C007854,51,54,59.22,1,14.8,61.3,3.6,1,One year,None,West,Basic,Mobile,0
C007855,31,60,123.17,1,11.7,29.7,9.5,0,Two year,Fiber,South,None,Mobile,0
C007856,53,8,58.09,2,22.2,37.7,7.4,2,Month-to-month,Fiber,West,Basic,Desktop,0
C007857,47,10,39.71,1,18.6,5.1,7.4,0,Month-to-month,Fiber,South,Premium,Desktop,0
C007858,31,7,31.03,0,18.0,31.8,9.9,0,Month-to-month,DSL,West,Basic,Desktop,0
C007859,41,66,63.17,3,24.0,30.8,6.0,0,Month-to-month,Fiber,South,None,Desktop,0
C007860,35,47,95.5,1,23.6,43.2,7.3,0,Two year,Fiber,East,None,Mobile,0
C007861,47,39,57.6,2,19.1,24.8,,0,Two year,DSL,East,,Mobile,0
C007862,67,57,108.94,0,4.9,16.3,4.4,0,Two year,None,South,Basic,Mobile,0
C007863,37,43,71.82,0,9.1,33.8,7.6,0,One year,DSL,East,None,Desktop,0
C007864,49,17,99.74,2,11.7,12.3,7.5,0,Month-to-month,Fiber,North,None,Desktop,1
C007865,42,37,53.06,1,15.7,21.4,3.3,0,One year,Fiber,West,Premium,Mobile,0
C007866,42,51,53.44,0,26.5,31.7,8.4,0,Month-to-month,None,North,None,Mobile,0
C007867,40,3,74.28,3,30.4,3.0,7.0,0,Month-to-month,Fiber,South,Premium,Desktop,1
C007868,31,44,84.06,2,18.7,27.9,8.5,0,Month-to-month,Fiber,West,Basic,Desktop,0
C007869,46,36,67.53,2,19.9,50.0,7.5,1,Month-to-month,DSL,South,None,Tablet,0
C007870,38,6,79.31,0,5.4,11.7,9.0,2,Month-to-month,DSL,West,None,Mobile,0
C007871,30,19,86.71,2,13.0,22.8,9.2,0,Month-to-month,Fiber,West,None,Mobile,0
C007872,55,33,36.49,0,12.1,38.1,7.5,2,Month-to-month,Fiber,West,None,Desktop,0
C007873,43,25,63.48,4,11.5,40.8,8.8,2,One year,Fiber,East,Basic,Tablet,0
C007874,39,21,59.03,0,20.1,31.7,8.7,0,Two year,Fiber,North,None,Tablet,0
C007875,59,47,60.25,0,12.8,28.8,5.0,1,Month-to-month,Fiber,East,Premium,Desktop,0
C007876,18,30,82.17,0,2.7,50.8,5.5,1,Month-to-month,Fiber,West,Basic,Tablet,1
C007877,59,36,59.38,5,21.9,33.6,5.3,0,One year,DSL,East,Premium,Mobile,0
C007878,31,58,21.87,0,24.4,18.3,8.3,0,One year,None,West,Basic,Mobile,0
C007879,45,7,66.09,3,18.0,32.4,5.8,0,Month-to-month,DSL,North,Basic,Mobile,0
C007880,34,26,45.39,2,14.8,29.4,3.4,2,One year,DSL,South,Basic,Desktop,0
C007881,30,6,84.41,2,9.7,25.7,5.3,0,One year,Fiber,North,None,Mobile,0
C007882,59,67,92.14,3,10.1,10.8,6.4,0,Month-to-month,DSL,East,None,Desktop,0
C007883,66,14,20.0,1,23.5,30.9,7.9,0,One year,Fiber,South,None,Desktop,0
C007884,39,60,52.64,4,10.8,38.0,9.4,1,Month-to-month,Fiber,North,Basic,Mobile,0
C007885,46,14,80.83,1,30.1,40.0,8.8,0,Month-to-month,DSL,West,None,Desktop,0
C007886,43,24,36.78,0,22.6,31.1,7.4,2,Month-to-month,Fiber,North,Basic,Tablet,0
C007887,64,44,91.57,2,18.4,31.4,5.6,0,Month-to-month,Fiber,South,Basic,Mobile,0
C007888,18,60,98.23,2,35.0,24.3,3.5,2,Month-to-month,Fiber,North,None,Mobile,0
C007889,47,13,67.95,0,24.9,42.6,6.2,0,Two year,None,East,Basic,Desktop,0
C007890,33,16,52.65,0,13.0,16.7,6.6,1,Month-to-month,None,South,None,Mobile,0
C007891,18,64,20.0,1,8.8,24.7,7.3,0,Month-to-month,DSL,North,Premium,Desktop,0
C007892,37,24,92.35,0,13.0,21.3,8.7,0,Month-to-month,None,South,Premium,Desktop,0
C007893,66,16,122.06,3,15.3,29.7,8.3,1,Month-to-month,Fiber,South,None,Mobile,0
C007894,33,54,116.89,2,10.7,46.8,7.3,0,One year,Fiber,West,Premium,Desktop,0
C007895,52,7,67.13,1,8.1,16.7,6.4,1,Two year,Fiber,West,Basic,Mobile,0
C007896,58,63,44.68,1,17.6,34.4,4.4,1,Month-to-month,Fiber,East,None,Desktop,0
C007897,42,64,92.94,3,22.2,34.6,5.7,0,Month-to-month,Fiber,West,Basic,Mobile,0
C007898,44,62,68.83,2,29.0,19.4,5.4,0,Two year,DSL,South,None,Mobile,0
C007899,20,22,83.95,2,16.5,28.7,10.0,1,One year,DSL,North,Premium,Mobile,0
C007900,33,9,79.57,3,20.2,20.2,10.0,1,Two year,Fiber,South,Premium,Desktop,0
C007901,54,31,74.33,2,3.0,32.2,4.8,0,One year,Fiber,South,Premium,Tablet,0
C007902,43,25,97.71,1,22.0,29.6,7.8,0,Two year,Fiber,South,None,Desktop,0
C007903,47,70,98.64,1,8.9,49.1,4.7,0,Two year,Fiber,South,None,Desktop,0
C007904,44,46,58.93,1,18.1,21.8,7.5,0,Month-to-month,Fiber,East,Premium,Desktop,0
C007905,70,68,48.92,1,15.7,28.9,6.2,1,Two year,Fiber,South,Premium,Mobile,0
C007906,36,55,20.0,1,14.3,26.5,6.8,0,Month-to-month,Fiber,West,Basic,Desktop,0
C007907,63,52,63.35,1,5.6,47.3,9.0,0,Two year,DSL,West,None,Desktop,0
C007908,44,9,44.67,1,10.7,25.1,7.8,0,One year,DSL,East,None,Mobile,0
C007909,64,5,82.48,1,9.3,20.3,8.7,0,One year,Fiber,North,None,Tablet,0
C007910,26,4,63.6,2,11.8,21.7,8.0,0,Month-to-month,DSL,West,None,Desktop,0
C007911,44,43,66.31,3,24.3,21.5,5.8,0,Month-to-month,DSL,West,None,Desktop,0
C007912,37,15,92.3,1,13.5,24.0,4.7,1,Month-to-month,DSL,South,Premium,Desktop,0
C007913,44,72,81.93,0,11.3,20.7,6.6,0,Month-to-month,DSL,West,Premium,Mobile,0
C007914,58,10,69.08,1,20.5,31.2,6.6,0,Two year,DSL,South,Premium,Tablet,0
C007915,47,69,114.16,3,18.3,15.4,6.2,0,Month-to-month,DSL,North,Basic,Desktop,1
C007916,58,49,90.45,0,30.2,37.9,5.8,0,Two year,Fiber,South,None,Mobile,0
C007917,33,8,61.6,4,23.1,31.5,,0,One year,Fiber,South,None,Mobile,0
C007918,31,5,62.72,2,2.1,50.5,9.5,0,Month-to-month,None,South,Premium,Mobile,0
C007919,42,29,91.71,4,21.6,36.6,3.3,1,Month-to-month,DSL,East,None,Tablet,0
C007920,41,25,77.07,2,20.8,35.4,4.9,0,Month-to-month,Fiber,North,Premium,Desktop,1
C007921,40,23,43.97,5,27.6,55.1,7.6,1,Month-to-month,DSL,East,None,Mobile,0
C007922,30,39,94.37,1,14.6,36.2,3.8,0,One year,Fiber,North,Basic,Tablet,0
C007923,58,10,103.43,0,23.7,28.4,4.5,0,Month-to-month,Fiber,East,Premium,Desktop,0
C007924,37,10,101.53,2,13.5,20.6,,0,Month-to-month,Fiber,South,None,Mobile,0
C007925,61,51,110.57,1,18.0,48.4,8.1,1,Two year,DSL,East,None,Desktop,0
C007926,42,72,123.73,0,8.6,18.9,10.0,0,Month-to-month,Fiber,South,Premium,Tablet,0
C007927,50,20,115.25,1,6.4,17.3,4.0,1,Month-to-month,Fiber,West,Basic,Mobile,1
C007928,49,68,80.52,3,22.1,17.4,10.0,0,Month-to-month,None,South,Basic,Desktop,0
C007929,31,25,66.79,2,16.0,22.0,4.7,0,Month-to-month,DSL,West,Basic,Desktop,0
C007930,47,25,26.26,1,7.0,31.5,8.7,0,Month-to-month,DSL,North,None,Mobile,0
C007931,67,7,72.27,2,21.7,27.9,3.2,0,Month-to-month,DSL,South,Premium,Desktop,0
C007932,45,31,84.98,1,0.0,37.3,7.6,1,Month-to-month,Fiber,East,None,Desktop,1
C007933,54,36,73.09,2,10.3,17.9,7.7,1,One year,Fiber,East,Basic,Tablet,0
C007934,51,48,24.79,0,4.4,20.5,6.3,1,One year,None,West,None,Mobile,0
C007935,46,12,64.83,2,24.4,32.8,4.6,0,Month-to-month,Fiber,West,None,Desktop,0
C007936,44,14,88.13,2,13.0,19.4,6.6,0,Month-to-month,None,North,Premium,Desktop,0
C007937,49,32,46.35,2,16.6,14.7,7.5,0,Two year,Fiber,West,None,Mobile,0
C007938,52,6,76.14,3,18.1,12.6,5.0,1,Two year,DSL,East,None,Desktop,0
C007939,24,11,82.79,3,21.7,30.4,6.7,0,Month-to-month,Fiber,South,Basic,Desktop,0
C007940,45,46,99.95,2,20.9,30.2,7.0,0,One year,Fiber,West,Basic,Mobile,0
C007941,40,69,114.82,2,21.6,29.6,7.9,0,Month-to-month,Fiber,North,None,Mobile,0
C007942,37,42,62.55,1,14.1,45.6,4.2,1,Month-to-month,Fiber,North,Basic,Mobile,0
C007943,59,11,76.59,0,22.0,34.6,6.0,0,Month-to-month,DSL,East,Basic,Desktop,0
C007944,32,72,77.38,1,11.4,31.0,7.4,0,Month-to-month,Fiber,East,Basic,Desktop,0
C007945,24,38,88.23,2,13.2,47.2,6.4,0,Month-to-month,DSL,South,None,Mobile,0
C007946,52,52,85.44,1,5.2,42.7,5.1,0,One year,DSL,North,Basic,Tablet,0
C007947,24,15,107.63,3,27.7,22.2,8.8,1,Month-to-month,Fiber,North,None,Desktop,0
C007948,18,42,20.0,1,9.0,41.0,8.8,1,Month-to-month,Fiber,West,Basic,Desktop,0
C007949,54,6,82.45,1,25.9,52.3,8.5,0,Two year,DSL,North,None,Desktop,0
C007950,44,46,84.19,3,19.8,52.3,,0,One year,None,East,Basic,Desktop,0
C007951,48,15,66.12,3,17.4,42.7,6.7,0,Month-to-month,DSL,West,Basic,Desktop,0
C007952,36,66,20.0,2,18.6,35.7,9.3,0,Month-to-month,DSL,West,Basic,Mobile,0
C007953,24,4,70.48,1,8.5,34.5,8.5,1,Month-to-month,DSL,North,None,Mobile,0
C007954,27,47,54.24,0,27.2,48.5,9.4,0,Two year,None,North,Basic,Mobile,0
C007955,38,11,113.95,3,13.5,14.9,7.3,1,One year,DSL,West,Basic,Desktop,0
C007956,25,50,81.38,0,23.1,46.2,8.2,0,Month-to-month,DSL,North,None,Mobile,0
C007957,46,36,52.11,1,12.2,32.6,8.3,0,Month-to-month,Fiber,East,Basic,Mobile,0
C007958,36,70,20.68,0,6.0,19.9,9.7,1,One year,Fiber,North,Premium,Mobile,0
C007959,44,47,86.77,0,29.9,16.8,3.0,1,Two year,None,East,Basic,Desktop,0
C007960,44,27,89.4,1,11.8,10.5,7.3,0,Month-to-month,Fiber,South,Premium,Tablet,0
C007961,47,7,66.61,0,19.2,37.8,8.8,0,Month-to-month,DSL,West,None,Mobile,0
C007962,48,43,87.09,3,0.0,54.1,9.2,0,One year,DSL,South,None,Mobile,0
C007963,38,32,63.29,0,15.5,25.0,6.3,0,Month-to-month,Fiber,East,Basic,Mobile,0
C007964,44,4,98.68,4,20.2,20.8,7.8,0,Two year,Fiber,North,Basic,Mobile,1
C007965,45,42,96.82,2,17.0,45.5,8.4,1,Two year,Fiber,East,Basic,Desktop,0
C007966,18,16,31.03,1,15.3,32.4,9.4,3,Month-to-month,Fiber,South,Basic,Mobile,0
C007967,50,17,37.12,1,14.5,46.1,7.7,0,Month-to-month,None,North,Premium,Desktop,0
C007968,44,1,122.78,3,22.1,19.3,7.6,0,Two year,Fiber,East,Basic,Tablet,0
C007969,49,27,95.3,3,6.9,38.8,6.6,0,Two year,Fiber,North,None,Tablet,0
C007970,25,16,40.44,2,14.3,52.8,9.1,1,Month-to-month,Fiber,North,Basic,Mobile,0
C007971,38,6,32.74,2,26.0,18.4,9.3,0,Month-to-month,None,East,Basic,Mobile,0
C007972,28,32,77.19,1,5.6,27.2,9.0,0,One year,DSL,North,Basic,Desktop,0
C007973,52,16,43.44,1,15.3,,8.4,0,Month-to-month,None,East,Premium,Mobile,0
C007974,24,10,64.08,2,8.3,40.0,7.5,2,One year,Fiber,East,Basic,Desktop,0
C007975,30,34,70.82,0,18.1,46.1,6.0,1,Month-to-month,DSL,East,Basic,Mobile,0
C007976,49,5,69.74,1,16.2,22.8,5.8,0,One year,DSL,South,None,Desktop,0
C007977,34,72,100.16,2,9.4,61.0,9.0,0,Two year,Fiber,East,Basic,Mobile,0
C007978,30,34,117.87,3,16.2,31.7,9.1,0,Month-to-month,Fiber,West,Basic,Mobile,0
C007979,54,72,60.03,1,16.5,24.2,7.5,0,Two year,Fiber,East,Premium,Tablet,0
C007980,54,64,43.73,2,11.7,48.1,7.5,0,One year,DSL,West,Basic,Tablet,0
C007981,51,71,81.72,1,13.1,32.7,7.5,0,One year,Fiber,East,Basic,Desktop,0
C007982,53,40,112.79,1,11.5,26.5,9.3,1,Two year,None,North,None,Mobile,0
C007983,39,31,61.92,3,0.0,24.5,8.5,0,Two year,Fiber,South,Basic,Tablet,0
C007984,39,52,93.26,2,22.5,56.2,6.3,0,Two year,DSL,North,Basic,Mobile,0
C007985,34,6,51.07,1,24.4,19.1,8.0,0,Two year,Fiber,South,Basic,Mobile,0
C007986,44,61,72.53,1,3.7,44.5,4.3,1,Month-to-month,DSL,East,Premium,Tablet,0
C007987,35,24,42.95,1,24.5,21.3,6.0,2,Month-to-month,DSL,North,None,Mobile,0
C007988,36,1,72.27,1,18.8,23.5,4.0,1,Month-to-month,DSL,East,Basic,Mobile,0
C007989,50,18,69.09,0,8.3,30.0,5.6,0,Two year,DSL,West,Premium,Desktop,0
C007990,57,18,87.2,0,14.5,36.6,5.7,0,Two year,Fiber,West,None,Desktop,0
C007991,47,2,116.45,1,11.1,11.3,3.4,0,One year,DSL,South,Basic,Mobile,0
C007992,65,49,62.28,0,22.5,24.5,9.2,1,One year,Fiber,South,Premium,Desktop,0
C007993,33,7,22.01,2,9.6,43.3,6.2,0,Month-to-month,Fiber,West,Basic,Desktop,1
C007994,18,61,66.95,0,30.9,,6.5,0,Month-to-month,Fiber,West,Basic,Mobile,0
C007995,51,33,79.48,2,24.1,27.5,5.6,0,One year,Fiber,South,None,Mobile,0
C007996,32,52,77.05,3,7.4,16.9,,0,Month-to-month,DSL,East,Basic,Desktop,0
C007997,38,25,68.06,1,27.5,33.6,9.6,0,Month-to-month,None,East,None,Mobile,0
C007998,19,10,109.19,1,21.1,41.0,8.0,0,Month-to-month,DSL,West,Premium,Desktop,0
C007999,30,13,75.41,1,14.9,33.2,7.7,0,Month-to-month,Fiber,West,Basic,Tablet,0
C008000,22,47,69.38,3,20.7,47.9,3.5,0,Month-to-month,Fiber,South,Basic,Mobile,0
C008001,36,52,52.56,2,22.5,27.8,6.9,0,Two year,DSL,West,Basic,Desktop,0
C008002,37,20,28.33,1,10.7,15.2,8.3,0,Month-to-month,DSL,West,Basic,Mobile,0
C008003,43,26,80.23,1,21.8,23.9,9.3,1,One year,DSL,West,Basic,Mobile,0
C008004,58,69,78.14,0,13.0,31.0,8.2,0,One year,Fiber,West,None,Tablet,0
C008005,51,62,45.52,2,21.7,22.6,10.0,0,Month-to-month,DSL,West,Basic,Desktop,0
C008006,21,30,70.89,2,15.0,24.8,5.8,0,Month-to-month,Fiber,West,Basic,Mobile,0
C008007,50,18,68.4,1,8.9,42.5,5.8,1,Month-to-month,DSL,North,Basic,Mobile,0
C008008,43,22,56.39,3,20.4,21.3,7.8,0,Month-to-month,Fiber,East,Premium,Mobile,0
C008009,41,39,52.17,1,13.3,15.0,9.4,1,Month-to-month,DSL,North,Basic,Desktop,0
C008010,42,41,82.13,3,17.1,40.7,9.7,0,Month-to-month,Fiber,West,Premium,Tablet,0
C008011,45,14,66.35,1,18.9,38.7,3.4,0,Two year,Fiber,South,Basic,Mobile,0
C008012,33,5,57.23,5,26.3,18.6,7.3,0,Month-to-month,Fiber,North,Basic,Mobile,0
C008013,40,36,50.46,3,12.9,39.5,8.8,0,Month-to-month,None,North,Premium,Mobile,0
C008014,57,58,68.75,3,10.1,,8.8,0,One year,None,North,None,Tablet,0
C008015,33,11,95.11,0,27.5,22.3,8.1,0,One year,DSL,West,Premium,Tablet,0
C008016,29,30,77.17,0,16.0,17.7,6.9,2,Month-to-month,DSL,West,Premium,Mobile,0
C008017,41,12,66.07,2,12.2,25.5,1.6,1,Month-to-month,DSL,West,Basic,Mobile,0
C008018,27,18,79.71,1,18.5,37.8,10.0,0,One year,None,North,Basic,Desktop,0
C008019,20,45,106.11,3,13.6,34.2,8.2,0,Two year,None,North,None,Desktop,1
C008020,38,21,84.26,0,14.1,21.2,5.5,1,Month-to-month,None,South,Basic,Mobile,0
C008021,61,19,78.51,3,34.0,33.3,6.5,1,One year,Fiber,East,None,Tablet,1
C008022,41,72,87.96,3,9.1,35.6,7.6,1,Two year,Fiber,East,Premium,Tablet,0
C008023,44,13,68.05,3,5.9,42.5,8.0,0,One year,Fiber,East,Premium,Mobile,0
C008024,18,14,76.6,0,24.6,35.3,4.6,1,Month-to-month,Fiber,South,Basic,Mobile,0
C008025,48,67,59.78,0,13.3,39.9,5.3,0,Month-to-month,DSL,North,None,Tablet,0
C008026,43,40,33.24,4,18.2,31.8,8.0,1,One year,DSL,South,None,Mobile,0
C008027,33,4,80.57,0,20.5,21.2,6.1,0,Month-to-month,None,East,None,Mobile,0
C008028,44,31,80.67,3,3.8,32.9,3.9,1,Month-to-month,Fiber,North,Basic,Mobile,0
C008029,44,41,64.81,1,24.0,45.6,5.7,2,Month-to-month,None,West,Basic,Mobile,0
C008030,28,19,97.9,2,12.1,46.2,7.1,0,Month-to-month,Fiber,West,None,Desktop,0
C008031,46,40,53.96,2,29.3,3.0,4.1,0,Month-to-month,None,North,Basic,Mobile,0
C008032,58,47,27.72,1,10.4,38.5,10.0,0,One year,Fiber,West,None,Tablet,0
C008033,39,19,54.57,1,27.0,25.1,9.2,0,Month-to-month,Fiber,South,Basic,Mobile,0
C008034,31,59,33.48,0,28.2,35.8,8.7,2,Month-to-month,Fiber,West,Premium,Desktop,0
C008035,40,33,80.45,2,12.6,14.6,7.3,0,Month-to-month,None,South,None,Tablet,0
C008036,53,70,53.2,1,14.7,25.8,4.9,0,Month-to-month,DSL,South,Premium,Desktop,0
C008037,26,7,96.62,2,13.8,11.8,5.6,1,Month-to-month,Fiber,East,Premium,Tablet,0
C008038,50,24,96.09,1,26.6,,9.5,0,Month-to-month,DSL,East,Basic,Desktop,0
C008039,33,52,48.88,0,17.3,38.3,5.7,0,Month-to-month,Fiber,East,Basic,Mobile,0
C008040,45,65,51.8,1,19.7,36.3,7.0,0,One year,DSL,West,None,Mobile,0
C008041,35,16,85.36,1,15.0,56.8,6.6,2,One year,DSL,South,None,Mobile,0
C008042,35,71,96.5,2,19.3,24.8,6.8,0,Two year,DSL,North,None,Mobile,0
C008043,62,14,21.68,1,19.8,20.5,6.9,0,Month-to-month,None,South,None,Tablet,0
C008044,24,30,79.04,2,11.8,47.6,6.7,0,One year,Fiber,North,Basic,Mobile,0
C008045,48,23,20.0,1,28.4,10.4,6.3,1,Two year,DSL,West,Basic,Desktop,0
C008046,65,31,58.29,2,14.6,33.3,6.5,0,Two year,Fiber,West,Basic,Mobile,0
C008047,51,65,99.34,0,23.2,37.0,6.7,0,Month-to-month,None,North,Basic,Desktop,0
C008048,25,53,147.24,2,7.2,3.3,5.4,0,One year,Fiber,East,None,Desktop,0
C008049,25,58,66.03,4,20.8,17.9,4.6,0,Month-to-month,Fiber,West,Basic,Mobile,0
C008050,32,19,40.82,3,23.5,14.6,6.4,1,Month-to-month,Fiber,East,None,Mobile,0
C008051,44,69,59.16,0,17.9,41.0,5.5,0,One year,Fiber,South,Basic,Desktop,0
C008052,45,32,73.65,0,23.5,23.3,7.0,1,Two year,Fiber,East,None,Mobile,0
C008053,25,47,55.24,2,11.0,27.9,5.2,0,Month-to-month,DSL,East,Basic,Mobile,0
C008054,31,51,48.88,1,19.3,11.6,3.7,1,One year,Fiber,West,None,Mobile,0
C008055,31,48,61.33,1,5.4,21.3,9.7,0,One year,DSL,East,Basic,Mobile,0
C008056,40,44,81.89,1,17.0,21.5,6.0,0,Month-to-month,DSL,East,Basic,Tablet,0
C008057,68,35,67.76,0,10.4,28.4,3.1,0,Month-to-month,Fiber,West,Basic,Mobile,0
C008058,30,47,49.96,0,15.5,27.3,8.4,0,One year,DSL,North,Premium,Mobile,0
C008059,29,66,55.25,2,25.7,48.6,6.2,0,Two year,Fiber,North,Premium,Mobile,0
C008060,27,29,61.65,1,28.2,39.3,,0,Month-to-month,Fiber,South,Premium,Tablet,0
C008061,50,37,47.01,0,7.0,9.7,7.3,1,Month-to-month,Fiber,North,None,Desktop,0
C008062,41,13,54.32,2,24.7,43.2,8.8,0,Month-to-month,Fiber,North,Basic,Mobile,0
C008063,30,26,88.09,1,25.8,41.6,7.5,0,Month-to-month,Fiber,East,Premium,Desktop,0
C008064,37,56,66.24,0,18.3,31.8,4.4,0,Month-to-month,Fiber,South,Basic,Mobile,0
C008065,32,47,28.16,2,25.5,42.8,4.8,1,One year,None,East,Premium,Desktop,0
C008066,46,16,97.62,1,13.1,45.4,4.3,1,One year,Fiber,West,Basic,Mobile,0
C008067,77,40,82.42,1,12.4,25.2,6.0,0,Two year,Fiber,North,Basic,Mobile,0
C008068,49,59,37.42,1,12.4,16.4,7.6,0,Month-to-month,DSL,North,Basic,Desktop,0
C008069,41,9,62.87,2,21.0,37.8,5.5,0,Two year,Fiber,South,None,Mobile,0
C008070,33,5,52.2,1,15.3,21.2,5.7,0,Month-to-month,Fiber,North,Basic,Desktop,0
C008071,25,29,88.92,3,11.0,34.2,5.6,0,Two year,Fiber,South,Basic,Desktop,0
C008072,52,48,62.71,4,11.3,18.5,5.9,0,Month-to-month,DSL,North,Premium,Mobile,0
C008073,51,23,70.18,0,16.0,42.7,8.2,1,Month-to-month,Fiber,West,None,Desktop,0
C008074,36,60,67.27,1,10.1,21.9,6.4,0,One year,None,South,None,Mobile,0
C008075,58,61,35.0,0,20.7,28.5,8.9,0,Two year,None,South,Basic,Desktop,0
C008076,42,39,107.13,3,24.4,27.7,6.0,0,One year,None,North,None,Mobile,0
C008077,52,28,88.56,0,22.8,14.0,7.0,1,Two year,None,West,Basic,Mobile,0
C008078,46,4,53.32,2,36.4,44.0,6.6,1,Month-to-month,Fiber,West,None,Mobile,0
C008079,40,60,76.8,2,18.9,46.4,7.5,0,Two year,Fiber,South,Basic,Desktop,0
C008080,30,65,96.35,1,27.9,29.3,7.9,0,Month-to-month,None,East,Basic,Desktop,0
C008081,40,32,73.39,1,17.3,21.9,7.0,0,Two year,Fiber,North,Basic,Mobile,0
C008082,53,38,110.92,2,14.1,28.2,10.0,2,Month-to-month,DSL,South,Basic,Tablet,0
C008083,35,55,144.95,1,16.8,24.9,9.7,0,One year,None,North,Basic,Desktop,0
C008084,48,51,68.85,1,17.2,30.7,6.0,0,One year,DSL,South,None,Mobile,0
C008085,28,10,57.44,1,15.1,27.3,9.4,1,Month-to-month,Fiber,East,Basic,Desktop,0
C008086,52,49,47.26,0,8.4,20.1,9.2,0,Month-to-month,Fiber,North,Premium,Mobile,0
C008087,46,67,20.0,1,9.1,44.6,4.7,1,One year,Fiber,East,Basic,Mobile,0
C008088,26,55,103.2,1,23.9,28.4,3.2,0,Month-to-month,Fiber,South,Basic,Mobile,0
C008089,39,35,63.16,0,21.8,54.2,7.4,0,One year,Fiber,East,Basic,Tablet,0
C008090,54,38,93.88,2,28.5,32.3,6.8,0,One year,Fiber,West,Premium,Desktop,0
C008091,26,19,98.91,1,13.3,26.1,2.6,0,Month-to-month,Fiber,South,Basic,Tablet,1
C008092,28,48,44.98,1,12.6,27.6,7.3,0,One year,DSL,South,Premium,Tablet,0
C008093,41,18,48.73,0,8.0,26.6,7.1,0,Two year,Fiber,South,None,Mobile,0
C008094,70,25,115.62,1,23.4,29.7,6.0,0,Month-to-month,DSL,West,None,Mobile,0
C008095,33,20,70.25,3,9.8,33.7,9.9,1,Two year,Fiber,North,None,Desktop,0
C008096,48,25,55.49,2,15.8,17.5,6.7,0,Month-to-month,None,East,Basic,Mobile,1
C008097,45,27,45.87,2,18.2,18.7,6.3,0,One year,DSL,South,Basic,Mobile,0
C008098,34,6,68.46,1,5.1,40.4,7.1,0,Month-to-month,Fiber,South,Premium,Mobile,1
C008099,44,52,109.7,2,21.4,37.2,4.6,1,Month-to-month,Fiber,North,Premium,Mobile,0
C008100,36,32,89.14,0,23.1,12.1,5.4,0,Month-to-month,DSL,North,Basic,Mobile,0
C008101,37,69,76.54,4,17.9,37.3,2.0,0,Two year,DSL,East,None,Mobile,0
C008102,20,14,111.71,0,15.4,41.1,7.7,0,One year,DSL,West,Basic,Mobile,0
C008103,42,49,106.89,3,15.8,34.0,8.7,0,Two year,Fiber,North,Basic,Desktop,0
C008104,54,13,80.35,4,25.8,11.2,7.6,0,One year,DSL,North,None,Mobile,0
C008105,43,40,141.4,2,16.4,15.0,7.4,1,One year,DSL,West,None,Tablet,0
C008106,56,36,65.81,3,15.9,30.4,6.9,1,Two year,Fiber,West,None,Tablet,0
C008107,50,33,99.45,1,11.2,53.6,9.8,0,Month-to-month,Fiber,East,None,Mobile,0
C008108,41,48,62.18,0,0.0,24.5,6.8,0,One year,None,East,Basic,Tablet,0
C008109,34,60,94.57,0,23.7,38.3,8.6,1,Two year,Fiber,West,Premium,Mobile,0
C008110,36,23,65.79,1,16.0,23.3,8.5,0,One year,Fiber,East,None,Mobile,0
C008111,23,62,83.53,2,9.9,51.4,4.5,0,One year,DSL,East,None,Mobile,0
C008112,39,14,131.75,5,30.8,31.5,8.2,0,Month-to-month,Fiber,North,Basic,Mobile,0
C008113,44,22,95.8,2,19.1,16.4,5.0,0,Two year,DSL,East,Basic,Mobile,0
C008114,64,23,83.92,0,14.6,21.2,6.0,0,Month-to-month,None,East,Basic,Mobile,0
C008115,49,69,52.63,1,23.1,20.2,6.7,0,Month-to-month,DSL,West,None,Desktop,0
C008116,31,9,76.71,1,18.6,32.4,9.3,1,Month-to-month,DSL,West,Premium,Tablet,0
C008117,23,29,46.8,1,18.4,22.6,5.7,0,Month-to-month,Fiber,North,Basic,Tablet,0
C008118,39,31,94.17,3,11.7,25.1,7.6,0,Month-to-month,Fiber,South,Basic,Desktop,0
C008119,53,58,93.55,2,20.9,54.4,4.2,1,One year,Fiber,North,Premium,Desktop,0
C008120,39,35,67.51,1,22.6,24.0,6.7,0,Month-to-month,DSL,North,None,Tablet,0
C008121,49,70,113.59,1,11.8,33.1,6.2,0,Two year,Fiber,West,Basic,Mobile,0
C008122,40,54,110.07,2,2.7,27.7,9.3,0,Month-to-month,DSL,West,Basic,Desktop,1
C008123,51,51,75.74,5,22.7,30.4,5.7,0,Month-to-month,None,North,None,Mobile,0
C008124,21,55,86.14,0,20.4,39.0,4.2,0,Month-to-month,Fiber,East,Premium,Desktop,0
C008125,63,12,57.29,1,21.9,4.6,6.2,1,Month-to-month,DSL,West,Premium,Tablet,0
C008126,28,33,65.2,3,16.3,32.8,5.9,0,Month-to-month,Fiber,North,None,Mobile,0
C008127,52,43,45.05,1,22.7,26.5,7.5,0,Two year,Fiber,North,None,Mobile,0
C008128,38,16,60.04,4,11.4,33.1,9.4,1,Two year,DSL,East,Basic,Desktop,0
C008129,40,9,69.39,2,14.7,28.6,6.4,0,Month-to-month,DSL,East,None,Desktop,0
C008130,39,10,30.49,1,8.7,28.7,7.7,0,Month-to-month,Fiber,West,Basic,Desktop,0
C008131,45,57,86.42,0,24.1,34.5,,0,One year,Fiber,West,Basic,Mobile,0
C008132,48,48,97.55,2,15.7,24.4,7.9,0,One year,Fiber,East,Premium,Mobile,0
C008133,56,21,71.8,1,17.6,54.6,5.3,1,Two year,Fiber,East,Premium,Mobile,0
C008134,60,54,20.0,1,19.0,19.5,7.0,0,Two year,Fiber,West,Basic,Desktop,0
C008135,46,51,65.68,0,14.3,48.3,8.7,1,Month-to-month,DSL,West,Basic,Desktop,0
C008136,64,59,37.17,2,21.8,16.1,5.7,1,Two year,Fiber,North,Premium,Mobile,0
C008137,43,66,56.76,2,27.6,27.8,6.7,0,Month-to-month,Fiber,South,Premium,Desktop,0
C008138,56,64,108.3,1,22.9,34.7,6.9,0,Two year,Fiber,South,None,Mobile,0
C008139,48,14,20.0,0,3.9,19.8,,1,One year,DSL,West,Premium,Tablet,0
C008140,35,56,51.59,1,16.8,19.0,8.3,1,Month-to-month,DSL,North,None,Mobile,0
C008141,44,29,92.74,0,17.1,27.6,6.0,1,One year,Fiber,East,None,Mobile,0
C008142,49,30,54.45,1,24.7,41.7,7.0,0,Month-to-month,DSL,East,Basic,Tablet,0
C008143,42,47,52.54,3,12.2,32.0,8.1,0,One year,Fiber,North,None,Desktop,0
C008144,47,44,122.81,1,8.7,53.7,8.3,0,Month-to-month,Fiber,South,Basic,Mobile,0
C008145,53,31,81.46,0,21.8,37.8,4.9,0,Month-to-month,DSL,West,Premium,Desktop,0
C008146,42,72,95.36,0,15.9,25.5,7.8,0,Month-to-month,DSL,South,Basic,Desktop,0
C008147,18,13,84.37,0,11.6,3.0,8.8,0,Month-to-month,Fiber,West,Premium,Desktop,0
C008148,64,7,76.04,2,14.2,12.4,5.9,0,Two year,Fiber,North,Basic,Mobile,0
C008149,38,3,103.6,1,6.1,27.8,8.5,2,One year,Fiber,East,Premium,Mobile,0
C008150,31,59,119.63,3,17.2,12.2,7.8,1,Month-to-month,DSL,East,Premium,Desktop,0
C008151,27,30,29.91,3,13.9,28.7,7.9,1,One year,Fiber,South,Basic,Mobile,0
C008152,38,32,71.12,1,19.7,33.7,8.6,0,One year,Fiber,West,None,Tablet,0
C008153,35,47,70.92,1,14.6,27.5,5.5,1,Month-to-month,Fiber,West,None,Tablet,0
C008154,32,32,61.27,3,16.2,27.7,5.3,0,Month-to-month,None,West,Basic,Mobile,0
C008155,33,42,96.53,4,12.8,54.5,9.1,0,Month-to-month,Fiber,West,,Mobile,0
C008156,49,5,78.42,2,14.2,31.8,6.5,0,Month-to-month,None,North,Basic,Mobile,1
C008157,68,12,120.14,0,8.1,29.3,4.4,0,Month-to-month,DSL,East,Premium,Desktop,0
C008158,53,68,99.51,3,23.2,19.1,6.8,0,One year,Fiber,South,Basic,Mobile,0
C008159,57,33,106.12,1,15.7,31.0,6.9,0,Month-to-month,Fiber,North,None,Desktop,0
C008160,37,13,42.02,2,2.1,25.3,7.5,0,Month-to-month,None,South,Basic,Desktop,1
C008161,43,27,51.85,2,4.9,52.6,6.4,0,Month-to-month,Fiber,East,Premium,Mobile,0
C008162,48,25,53.91,1,23.3,37.8,10.0,1,Month-to-month,DSL,North,None,Mobile,0
C008163,33,20,105.08,1,15.7,48.0,5.5,1,Month-to-month,Fiber,West,Basic,Tablet,0
C008164,36,22,47.82,0,15.9,33.5,3.6,0,Two year,None,South,Basic,Desktop,0
C008165,53,53,48.55,0,16.0,46.0,4.4,1,Month-to-month,Fiber,North,Premium,Mobile,1
C008166,56,8,43.97,2,19.4,19.0,5.7,0,Month-to-month,Fiber,North,None,Mobile,0
C008167,43,23,140.83,0,26.7,34.0,7.9,1,Two year,DSL,North,None,Desktop,0
C008168,26,34,68.44,3,19.1,20.6,6.7,0,Month-to-month,Fiber,North,Basic,Desktop,0
C008169,38,39,85.25,2,18.2,25.7,7.7,0,One year,DSL,West,None,Desktop,0
C008170,23,64,43.48,0,12.0,31.5,5.9,1,Month-to-month,Fiber,West,Premium,Desktop,0
C008171,43,67,95.98,2,5.2,19.5,7.8,0,Month-to-month,Fiber,West,Premium,Mobile,0
C008172,45,22,27.66,0,19.3,13.5,4.2,0,Month-to-month,DSL,North,Basic,Tablet,0
C008173,38,39,47.52,2,19.9,42.8,7.4,0,Month-to-month,DSL,South,Basic,Desktop,0
C008174,45,2,53.72,1,23.7,10.8,8.1,0,One year,Fiber,South,Basic,Mobile,0
C008175,47,45,77.47,1,28.0,51.3,5.4,0,One year,Fiber,East,None,Mobile,0
C008176,45,12,52.17,2,7.9,21.2,10.0,0,Two year,Fiber,South,Basic,Desktop,0
C008177,26,6,110.1,2,11.7,37.8,3.7,2,Two year,Fiber,North,Premium,Mobile,1
C008178,39,49,84.58,2,20.7,38.5,8.3,0,Month-to-month,Fiber,East,None,Mobile,0
C008179,47,13,54.76,4,16.0,17.7,8.6,0,One year,Fiber,West,Premium,Mobile,0
C008180,63,35,96.94,1,26.1,36.5,5.5,0,One year,Fiber,West,Basic,Mobile,0
C008181,38,8,62.17,2,14.6,33.1,7.6,1,Month-to-month,DSL,West,Basic,Mobile,0
C008182,49,54,57.24,3,30.0,38.6,5.5,1,Month-to-month,Fiber,South,Premium,Mobile,0
C008183,53,56,94.4,1,16.4,45.5,7.6,0,Two year,Fiber,North,Premium,Tablet,0
C008184,39,42,20.0,0,27.4,40.8,6.7,1,One year,DSL,West,Basic,Mobile,0
C008185,57,61,90.37,0,0.0,20.6,7.1,1,Month-to-month,Fiber,East,Basic,Tablet,0
C008186,58,32,54.17,2,19.4,29.4,6.0,0,One year,Fiber,West,Basic,Mobile,0
C008187,60,14,54.13,0,16.2,21.1,6.0,0,Month-to-month,Fiber,South,Premium,Tablet,0
C008188,48,11,120.95,2,1.3,,5.7,1,Month-to-month,Fiber,North,None,Tablet,1
C008189,73,16,58.72,4,15.9,36.9,8.2,0,One year,DSL,East,Basic,Desktop,0
C008190,34,15,95.9,0,7.3,38.3,10.0,0,Two year,Fiber,West,Basic,Mobile,0
C008191,70,24,78.98,0,12.4,38.0,10.0,0,Month-to-month,DSL,West,Basic,Desktop,0
C008192,52,16,81.57,2,18.1,,8.7,0,Month-to-month,Fiber,South,Premium,Mobile,0
C008193,59,43,65.74,0,15.1,36.3,7.1,2,One year,DSL,West,Basic,Tablet,0
C008194,38,11,64.43,1,18.5,25.5,8.9,2,One year,Fiber,East,Basic,Mobile,0
C008195,53,45,110.2,1,17.1,47.2,7.7,1,One year,Fiber,South,None,Tablet,0
C008196,61,25,95.26,1,32.5,39.0,6.4,1,Month-to-month,DSL,North,Premium,Desktop,0
C008197,28,50,59.51,2,17.8,30.7,,0,Month-to-month,DSL,West,None,Desktop,0
C008198,40,37,45.85,0,16.8,44.5,8.8,0,One year,None,North,None,Desktop,0
C008199,18,66,57.39,2,18.9,24.8,5.7,0,One year,DSL,South,Basic,Mobile,0
C008200,40,32,96.54,0,15.8,32.4,8.8,1,Month-to-month,Fiber,West,Premium,Mobile,0
C008201,31,22,101.47,2,4.9,41.7,8.1,0,One year,Fiber,North,Basic,Tablet,0
C008202,39,43,85.87,0,20.8,16.4,5.4,0,Month-to-month,DSL,North,Basic,Desktop,0
C008203,80,48,31.58,1,25.0,57.7,7.2,0,One year,Fiber,South,Premium,Mobile,0
C008204,64,32,90.84,1,26.9,23.9,7.0,2,Two year,Fiber,East,None,Desktop,0
C008205,23,41,104.59,1,20.8,25.6,2.4,0,Month-to-month,Fiber,South,None,Mobile,0
C008206,49,34,76.34,1,14.1,31.2,4.5,0,Month-to-month,DSL,South,Basic,Mobile,0
C008207,52,23,121.5,3,17.8,39.9,9.0,0,Month-to-month,None,East,Basic,Desktop,0
C008208,38,23,38.98,1,28.5,41.0,5.8,1,One year,None,South,None,Tablet,0
C008209,44,66,89.12,2,14.4,49.0,8.1,2,Month-to-month,Fiber,North,None,Mobile,0
C008210,46,49,46.49,0,7.6,30.2,9.4,0,Month-to-month,DSL,North,Basic,Mobile,0
C008211,24,7,98.46,2,31.5,35.0,3.4,1,Month-to-month,None,South,Basic,Desktop,0
C008212,29,70,87.32,0,8.9,12.5,10.0,0,Two year,Fiber,East,None,Desktop,0
C008213,44,52,117.03,2,5.0,18.2,6.8,0,Month-to-month,None,North,None,Mobile,0
C008214,43,4,84.49,3,18.2,29.9,7.8,1,One year,DSL,North,Basic,Mobile,0
C008215,33,53,61.9,2,18.9,35.3,10.0,1,One year,None,South,Basic,Mobile,0
C008216,32,43,59.72,0,19.2,30.4,8.8,2,Month-to-month,Fiber,North,Premium,Desktop,0
C008217,41,66,65.75,3,22.1,37.3,6.8,0,One year,Fiber,East,Basic,Mobile,0
C008218,54,36,59.23,3,14.9,30.3,6.1,0,Month-to-month,DSL,North,Premium,Mobile,0
C008219,41,38,105.68,1,15.0,28.2,6.3,0,Two year,Fiber,South,Basic,Tablet,0
C008220,63,23,103.89,2,12.0,59.8,6.1,0,Month-to-month,Fiber,South,Premium,Desktop,0
C008221,33,24,34.59,3,17.0,27.8,9.4,2,Month-to-month,Fiber,North,Basic,Mobile,0
C008222,45,45,72.96,3,19.8,43.1,8.1,1,One year,DSL,East,Basic,Mobile,0
C008223,37,60,73.56,1,22.3,15.3,7.5,1,Month-to-month,Fiber,East,None,Desktop,0
C008224,50,65,52.47,0,9.7,32.5,6.7,0,Month-to-month,None,South,Basic,Tablet,0
C008225,32,56,82.96,1,7.3,22.9,8.4,0,Month-to-month,Fiber,East,Basic,Mobile,0
C008226,67,44,108.52,1,22.2,54.8,3.7,0,Two year,DSL,East,Basic,Desktop,0
C008227,20,37,94.3,1,12.3,24.3,10.0,1,Two year,Fiber,North,Premium,Desktop,0
C008228,64,25,105.68,0,9.1,30.6,6.6,0,Month-to-month,Fiber,North,None,Mobile,0
C008229,43,56,54.04,0,3.0,21.1,5.4,0,Two year,Fiber,North,Basic,Desktop,0
C008230,49,23,72.91,1,25.9,20.4,9.2,0,One year,None,East,,Mobile,0
C008231,59,20,52.86,0,17.9,30.1,9.1,0,Month-to-month,Fiber,South,Premium,Mobile,0
C008232,53,63,77.99,2,19.8,35.4,7.0,0,Month-to-month,Fiber,South,None,Mobile,0
C008233,33,43,80.24,4,19.1,43.7,9.5,1,One year,Fiber,West,None,Mobile,0
C008234,50,26,96.0,3,17.5,24.1,8.9,0,Month-to-month,Fiber,South,None,Desktop,0
C008235,66,63,104.84,2,15.8,23.9,7.8,0,One year,Fiber,South,None,Mobile,0
C008236,30,70,89.22,1,15.5,46.4,4.1,0,Month-to-month,Fiber,North,None,Desktop,0
C008237,70,23,50.5,3,9.2,50.1,,0,Two year,DSL,West,Premium,Mobile,0
C008238,47,38,38.2,2,3.6,30.0,7.1,1,Two year,DSL,West,Premium,Desktop,0
C008239,36,35,85.0,0,31.7,36.6,6.7,2,Month-to-month,Fiber,East,Premium,Desktop,0
C008240,30,51,109.51,3,16.3,51.0,6.4,0,One year,DSL,North,Basic,Mobile,0
C008241,39,69,71.38,1,12.9,62.8,,0,Month-to-month,DSL,West,None,Mobile,0
C008242,18,40,33.82,1,10.4,36.0,4.9,0,Two year,None,South,None,Desktop,0
C008243,37,58,124.12,2,23.3,40.0,9.2,0,Two year,Fiber,West,None,Desktop,0
C008244,39,43,84.24,3,17.0,32.6,,0,One year,None,South,None,Mobile,0
C008245,28,64,76.28,2,10.0,13.2,5.6,1,Month-to-month,Fiber,West,None,Mobile,0
C008246,52,30,42.8,2,13.9,35.2,6.6,1,Month-to-month,Fiber,South,Basic,Mobile,0
C008247,39,28,72.41,0,18.2,47.5,7.5,0,One year,Fiber,North,None,Mobile,0
C008248,34,31,89.17,0,13.3,22.0,9.7,0,Two year,None,East,Basic,Desktop,0
C008249,38,72,84.58,0,21.7,8.7,8.4,0,Two year,DSL,South,Premium,Mobile,0
C008250,47,45,55.0,2,30.9,,9.2,1,One year,DSL,North,Premium,Desktop,0
C008251,43,11,70.57,1,13.0,9.9,7.0,1,Month-to-month,Fiber,East,Basic,Desktop,0
C008252,33,3,56.6,1,14.0,12.1,6.7,0,Month-to-month,Fiber,East,None,Desktop,1
C008253,44,38,113.6,1,10.2,11.4,10.0,0,Two year,DSL,South,Basic,Mobile,0
C008254,41,59,94.37,0,14.9,7.0,6.9,0,Month-to-month,Fiber,West,None,Mobile,1
C008255,27,35,58.89,2,2.3,43.7,6.1,0,One year,DSL,East,Basic,Tablet,0
C008256,38,41,42.79,1,23.7,32.7,5.9,0,Two year,Fiber,West,None,Desktop,0
C008257,50,58,78.95,5,6.7,55.7,7.6,0,Month-to-month,Fiber,North,Basic,Desktop,0
C008258,49,38,59.68,1,10.4,39.8,5.1,1,Month-to-month,Fiber,South,None,Mobile,0
C008259,39,66,61.54,3,16.6,55.7,7.4,0,Two year,Fiber,South,None,Mobile,0
C008260,51,46,43.62,2,25.6,23.3,7.4,0,Two year,None,North,None,Mobile,0
C008261,29,53,46.71,0,10.0,35.3,8.2,1,Month-to-month,DSL,East,Premium,Mobile,0
C008262,30,57,76.07,1,14.7,15.7,4.0,1,Two year,Fiber,West,None,Desktop,0
C008263,39,46,65.33,0,18.1,27.7,3.5,0,One year,DSL,West,Basic,Mobile,0
C008264,61,4,134.41,5,11.3,48.2,6.3,0,Month-to-month,None,North,None,Desktop,1
C008265,44,31,86.86,3,15.2,30.5,6.8,1,Month-to-month,Fiber,South,Premium,Desktop,0
C008266,38,11,43.21,0,4.9,28.2,5.1,0,One year,DSL,North,Basic,Desktop,0
C008267,62,37,33.61,1,12.3,30.7,4.6,1,Month-to-month,DSL,East,Premium,Mobile,1
C008268,38,11,81.95,0,24.6,32.7,7.9,0,Month-to-month,DSL,West,Basic,Desktop,0
C008269,71,37,62.08,1,21.7,32.7,6.5,2,Month-to-month,None,East,Basic,Desktop,0
C008270,35,25,105.29,0,12.9,47.0,8.6,0,Month-to-month,Fiber,West,Basic,Desktop,0
C008271,29,2,79.05,1,8.9,22.3,4.6,0,Month-to-month,None,South,Basic,Desktop,0
C008272,40,9,22.44,3,14.5,28.5,6.9,0,One year,Fiber,South,None,Tablet,0
C008273,39,37,46.51,1,5.8,32.2,10.0,0,One year,DSL,North,Basic,Tablet,0
C008274,31,6,55.12,2,14.6,20.2,6.6,0,Month-to-month,Fiber,West,Premium,Mobile,0
C008275,76,62,83.05,1,13.1,25.6,6.0,1,One year,Fiber,North,Basic,Tablet,0
C008276,46,55,45.68,2,12.9,40.2,8.7,0,Month-to-month,None,East,Premium,Desktop,0
C008277,48,52,75.82,1,15.0,21.1,9.3,0,Month-to-month,DSL,North,None,Desktop,0
C008278,36,13,38.6,0,19.8,64.3,6.0,0,One year,Fiber,East,Premium,Mobile,0
C008279,34,58,72.15,1,8.7,50.6,6.1,0,One year,Fiber,West,Premium,Mobile,0
C008280,55,46,81.25,2,22.7,33.1,8.7,0,One year,Fiber,North,Basic,Mobile,0
C008281,20,29,108.54,1,23.9,37.9,7.6,0,One year,None,North,Premium,Mobile,0
C008282,27,1,78.14,0,31.4,40.2,7.7,0,Month-to-month,None,West,Basic,Desktop,0
C008283,39,39,51.58,5,18.1,37.7,7.5,0,Month-to-month,Fiber,South,Premium,Mobile,0
C008284,60,58,109.33,0,26.3,32.1,7.0,0,Month-to-month,Fiber,East,Basic,Mobile,0
C008285,37,3,67.42,2,22.8,64.0,8.9,0,Month-to-month,Fiber,North,Premium,Desktop,0
C008286,47,4,91.34,0,17.3,22.4,9.6,0,Month-to-month,Fiber,West,Basic,Mobile,0
C008287,42,28,56.68,1,7.5,26.4,5.2,1,One year,Fiber,East,Basic,Mobile,0
C008288,59,37,74.27,0,22.3,31.9,8.7,0,One year,Fiber,West,Premium,Desktop,0
C008289,21,35,51.97,2,17.7,38.7,7.0,0,Month-to-month,None,North,Basic,Desktop,0
C008290,52,31,80.06,1,28.5,55.1,4.8,0,Two year,Fiber,West,Premium,Mobile,0
C008291,39,19,92.1,2,21.2,31.0,5.4,0,Month-to-month,Fiber,East,None,Desktop,0
C008292,54,5,59.63,2,23.4,37.9,6.4,0,One year,Fiber,South,Basic,Desktop,0
C008293,31,3,58.22,3,12.0,35.6,9.0,0,Month-to-month,Fiber,East,None,Mobile,0
C008294,42,8,80.92,1,17.7,30.0,5.2,1,Month-to-month,Fiber,West,Premium,Desktop,0
C008295,41,50,51.37,1,2.5,45.9,3.9,0,One year,Fiber,North,None,Mobile,0
C008296,29,57,34.05,4,19.9,36.1,6.6,0,Month-to-month,DSL,East,None,Desktop,0
C008297,25,32,80.83,0,24.5,42.9,6.2,0,One year,Fiber,North,None,Tablet,0
C008298,34,6,69.31,2,25.7,27.5,9.0,0,One year,DSL,East,None,Desktop,0
C008299,44,30,68.78,0,13.5,24.5,7.6,0,One year,Fiber,West,Premium,Desktop,0
C008300,32,71,85.03,2,3.3,26.9,8.4,0,One year,Fiber,South,Basic,Mobile,0
C008301,38,18,88.52,3,12.2,34.6,6.4,0,One year,Fiber,North,None,Tablet,1
C008302,18,36,67.97,0,15.5,44.4,4.9,0,Two year,Fiber,East,Basic,Tablet,0
C008303,37,39,43.93,1,18.9,56.2,9.5,0,Two year,DSL,West,None,Mobile,0
C008304,55,24,56.04,1,1.8,33.1,6.0,0,Month-to-month,DSL,North,Premium,Desktop,0
C008305,51,32,86.62,1,15.3,53.4,8.3,0,One year,DSL,East,Basic,Mobile,0
C008306,41,34,75.41,1,8.7,38.5,6.4,0,One year,DSL,South,Basic,Mobile,0
C008307,45,35,58.26,2,26.1,23.0,8.3,0,Month-to-month,Fiber,North,Basic,Mobile,0
C008308,31,52,52.39,2,0.0,32.4,7.6,0,Month-to-month,DSL,South,Basic,Mobile,0
C008309,63,42,87.45,2,23.1,,7.3,0,Month-to-month,DSL,West,Basic,Mobile,0
C008310,69,4,66.46,3,14.9,41.2,7.8,0,Month-to-month,Fiber,West,None,Mobile,0
C008311,44,1,90.82,1,1.7,25.2,6.7,1,One year,Fiber,North,Basic,Desktop,0
C008312,76,30,93.98,1,27.7,26.7,4.0,0,Month-to-month,None,West,Basic,Desktop,0
C008313,33,66,64.18,3,25.5,27.0,7.6,0,Two year,DSL,East,None,Desktop,0
C008314,26,3,95.74,0,24.7,28.6,9.2,1,Two year,DSL,South,Premium,Desktop,0
C008315,33,6,75.46,2,16.7,34.7,7.0,0,One year,DSL,North,Basic,Mobile,0
C008316,39,49,78.69,2,11.3,53.7,6.5,2,Two year,DSL,East,Premium,Mobile,0
C008317,72,33,20.0,2,16.5,25.9,7.6,0,Month-to-month,Fiber,East,None,Desktop,0
C008318,38,17,47.73,2,19.8,11.3,8.9,0,Month-to-month,Fiber,West,None,Mobile,0
C008319,31,15,49.08,0,12.2,10.6,6.6,0,Month-to-month,DSL,East,Basic,Tablet,0
C008320,30,48,64.03,0,10.0,40.8,4.4,3,Month-to-month,Fiber,South,Premium,Mobile,0
C008321,57,38,74.86,0,19.5,24.5,7.4,1,One year,DSL,North,Basic,Mobile,0
C008322,55,46,75.88,2,17.4,34.2,7.8,0,Month-to-month,Fiber,North,Premium,Tablet,0
C008323,36,21,79.14,1,22.5,22.5,7.4,1,Two year,DSL,West,Basic,Desktop,0
C008324,18,38,54.88,1,26.7,29.2,6.2,0,Month-to-month,Fiber,North,,Desktop,0
C008325,27,62,89.28,1,22.0,27.1,7.7,0,Two year,None,North,None,Mobile,0
C008326,64,23,117.23,2,7.9,22.8,6.7,0,One year,Fiber,West,Premium,Desktop,0
C008327,51,29,63.17,1,15.9,45.8,6.3,0,Month-to-month,DSL,North,Basic,Desktop,0
C008328,43,12,55.41,0,18.7,46.7,6.6,0,One year,Fiber,West,None,Mobile,0
C008329,66,46,54.87,2,21.7,38.7,7.4,0,Two year,DSL,West,None,Mobile,0
C008330,67,3,74.14,4,22.0,,7.6,0,Month-to-month,Fiber,West,Basic,Mobile,0
C008331,42,18,58.86,4,15.6,15.2,6.2,1,Month-to-month,DSL,North,Premium,Tablet,0
C008332,42,52,28.74,1,12.6,28.5,7.5,0,Month-to-month,DSL,North,Premium,Mobile,0
C008333,34,2,35.58,2,23.1,26.8,7.8,2,One year,None,West,Premium,Desktop,0
C008334,38,72,97.5,1,18.6,39.5,8.1,0,Month-to-month,None,South,Premium,Mobile,0
C008335,23,30,104.04,0,18.0,15.9,8.0,0,Month-to-month,DSL,West,Basic,Mobile,0
C008336,23,29,112.0,3,11.1,39.0,9.4,0,Month-to-month,Fiber,North,Premium,Desktop,0
C008337,20,39,77.66,0,30.7,13.7,8.3,1,Month-to-month,Fiber,North,Premium,Mobile,0
C008338,56,47,47.23,1,17.7,40.0,10.0,0,One year,DSL,East,Premium,Desktop,0
C008339,22,34,61.05,0,15.4,44.9,9.0,1,Month-to-month,Fiber,East,Premium,Mobile,0
C008340,67,64,34.72,0,17.7,17.4,8.9,0,Month-to-month,DSL,East,Basic,Desktop,0
C008341,33,70,33.75,1,15.1,26.6,4.9,0,Month-to-month,DSL,East,None,Desktop,0
C008342,65,15,78.38,2,7.0,45.3,8.5,0,Month-to-month,DSL,North,Basic,Mobile,0
C008343,37,51,85.48,3,18.1,47.7,8.6,0,Month-to-month,DSL,North,None,Desktop,0
C008344,22,22,120.96,1,5.8,13.9,7.0,0,Month-to-month,Fiber,East,Premium,Desktop,0
C008345,59,72,69.92,4,16.7,35.5,3.4,0,Month-to-month,None,West,None,Mobile,0
C008346,60,19,38.05,1,4.8,38.8,2.9,1,Month-to-month,DSL,West,None,Desktop,0
C008347,30,22,68.95,1,0.9,30.9,6.6,1,Month-to-month,DSL,South,None,Tablet,0
C008348,38,52,64.94,2,20.3,48.2,6.1,1,Month-to-month,Fiber,South,Premium,Mobile,0
C008349,30,57,59.72,0,8.3,24.4,4.4,0,Month-to-month,Fiber,North,Premium,Mobile,0
C008350,40,10,80.59,1,19.0,26.0,7.8,1,Two year,DSL,West,Basic,Mobile,0
C008351,43,41,41.64,0,17.2,23.1,5.1,1,One year,DSL,West,Basic,Mobile,0
C008352,37,25,75.27,1,17.0,33.9,4.1,0,Month-to-month,None,North,Basic,Mobile,0
C008353,18,45,88.29,1,11.6,27.8,10.0,1,Month-to-month,Fiber,North,Basic,Mobile,0
C008354,34,41,107.49,2,15.1,41.5,8.0,0,Month-to-month,None,North,None,Mobile,0
C008355,51,71,79.76,1,11.4,26.8,6.3,0,Two year,Fiber,South,Premium,Mobile,0
C008356,39,68,98.08,1,22.6,29.0,4.6,0,Two year,Fiber,East,Premium,Desktop,0
C008357,38,48,60.9,0,12.6,34.0,5.5,0,Month-to-month,Fiber,East,None,Tablet,0
C008358,30,49,64.39,2,14.3,21.7,6.0,0,One year,Fiber,West,None,Mobile,0
C008359,34,65,105.7,1,21.2,43.8,6.1,0,Month-to-month,DSL,South,Basic,Mobile,0
C008360,60,14,37.71,1,11.6,39.9,6.5,0,One year,DSL,West,Basic,Mobile,0
C008361,27,53,61.92,1,3.5,39.5,5.0,1,Two year,None,West,None,Mobile,0
C008362,51,56,100.21,0,8.6,19.4,5.5,0,Month-to-month,None,North,Basic,Mobile,0
C008363,43,10,66.72,4,23.4,50.2,4.0,0,Month-to-month,Fiber,East,None,Mobile,0
C008364,45,64,64.86,0,16.6,9.4,3.5,0,One year,Fiber,West,Basic,Mobile,0
C008365,32,51,65.37,1,18.0,40.5,4.3,1,Month-to-month,Fiber,East,None,Desktop,0
C008366,37,25,74.93,1,18.1,33.3,6.0,0,One year,None,South,None,Mobile,0
C008367,42,35,99.15,0,28.5,39.7,6.5,0,Month-to-month,DSL,East,Premium,Desktop,0
C008368,35,36,95.11,0,1.5,29.1,7.9,0,Month-to-month,Fiber,East,,Tablet,0
C008369,46,67,72.29,1,15.1,32.7,7.8,1,Month-to-month,Fiber,West,None,Desktop,0
C008370,48,70,99.31,4,16.2,40.1,8.2,0,Month-to-month,DSL,West,Basic,Mobile,0
C008371,70,59,80.54,1,15.9,31.7,6.6,0,Month-to-month,None,West,Basic,Mobile,0
C008372,46,47,93.48,2,21.6,34.3,8.3,0,Month-to-month,Fiber,South,Basic,Desktop,0
C008373,18,8,46.29,1,21.8,34.6,3.2,0,Two year,Fiber,North,Premium,Desktop,0
C008374,57,66,115.46,4,14.5,58.0,8.2,0,Month-to-month,DSL,North,None,Desktop,0
C008375,39,10,77.51,1,4.2,12.5,7.0,1,One year,Fiber,West,Basic,Desktop,0
C008376,68,13,20.0,4,33.6,47.2,8.8,0,Two year,Fiber,South,Premium,Desktop,0
C008377,61,6,113.49,0,16.0,37.1,2.3,0,Two year,Fiber,East,None,Mobile,1
C008378,35,69,72.13,1,16.6,35.6,8.7,1,One year,None,North,None,Mobile,0
C008379,51,36,62.11,1,24.8,16.4,4.2,1,Month-to-month,DSL,West,Basic,Mobile,0
C008380,34,17,56.86,2,13.2,45.5,9.1,0,Month-to-month,Fiber,West,Basic,Mobile,0
C008381,42,6,82.99,0,25.0,18.1,5.6,0,Month-to-month,Fiber,West,Basic,Mobile,0
C008382,51,30,49.79,0,13.9,49.3,7.8,0,Two year,Fiber,East,Basic,Desktop,0
C008383,56,53,57.58,2,28.8,25.1,6.9,0,One year,Fiber,West,None,Mobile,0
C008384,54,72,58.18,2,19.2,49.3,8.9,1,Two year,Fiber,South,Basic,Desktop,0
C008385,43,40,64.69,1,11.3,23.2,7.4,0,Month-to-month,Fiber,East,None,Tablet,0
C008386,74,44,59.12,1,31.3,20.5,9.9,0,Two year,DSL,West,None,Mobile,0
C008387,37,61,93.32,0,20.2,30.5,5.8,0,One year,Fiber,East,Basic,Mobile,0
C008388,21,65,78.78,2,11.7,22.7,5.2,2,Two year,Fiber,East,Basic,Desktop,0
C008389,24,21,81.83,2,6.2,28.8,5.9,0,One year,Fiber,South,,Tablet,0
C008390,61,72,87.27,2,20.9,51.9,8.2,1,One year,None,West,Premium,Tablet,0
C008391,41,38,69.67,2,25.7,25.0,8.3,0,Month-to-month,Fiber,West,Basic,Desktop,0
C008392,44,67,46.49,1,18.7,33.7,4.8,1,Month-to-month,None,South,Premium,Mobile,0
C008393,35,9,117.13,0,18.3,50.7,5.6,0,Month-to-month,Fiber,North,None,Mobile,1
C008394,36,8,95.19,3,26.9,34.5,7.6,0,Month-to-month,Fiber,West,Basic,Desktop,0
C008395,32,64,112.32,1,20.2,45.1,9.3,2,One year,None,South,Basic,Desktop,0
C008396,48,49,97.86,2,11.4,38.3,5.8,0,Month-to-month,DSL,North,Basic,Mobile,0
C008397,41,13,60.49,0,11.7,43.6,4.5,0,Two year,None,West,Premium,Mobile,0
C008398,48,65,20.0,1,19.9,30.8,8.9,0,One year,DSL,North,Basic,Mobile,0
C008399,46,8,41.27,0,19.5,38.6,4.0,0,One year,DSL,West,None,Mobile,0
C008400,36,50,87.91,3,23.6,53.3,8.1,0,Two year,None,East,Basic,Mobile,0
C008401,23,15,69.46,2,18.6,27.7,,0,Month-to-month,Fiber,West,Basic,Tablet,1
C008402,22,6,61.5,1,20.8,36.7,6.9,1,Month-to-month,DSL,North,None,Tablet,0
C008403,81,59,20.0,3,18.4,23.5,6.5,0,Month-to-month,Fiber,North,None,Tablet,0
C008404,61,62,71.67,2,22.7,44.1,5.7,0,Month-to-month,DSL,South,Basic,Desktop,0
C008405,59,8,44.96,2,21.2,11.6,9.7,0,Two year,DSL,East,Premium,Mobile,0
C008406,33,7,53.89,3,14.2,,6.9,0,Month-to-month,Fiber,East,Premium,Desktop,0
C008407,42,45,93.25,1,14.7,43.7,6.8,0,Month-to-month,DSL,East,Premium,Mobile,0
C008408,31,3,46.27,0,18.3,29.8,6.6,1,One year,DSL,East,None,Mobile,0
C008409,25,54,48.66,0,16.8,10.1,5.7,0,One year,DSL,North,Premium,Desktop,0
C008410,34,66,76.64,1,25.2,22.4,10.0,0,Two year,Fiber,South,Premium,Desktop,0
C008411,59,55,93.81,0,17.5,23.4,6.4,1,Two year,None,South,None,Mobile,0
C008412,53,17,61.93,2,6.0,50.5,10.0,0,One year,DSL,West,Basic,Mobile,0
C008413,29,14,108.68,3,7.7,41.1,5.6,0,Two year,None,North,None,Mobile,1
C008414,38,50,40.03,3,14.3,42.3,7.1,0,Two year,DSL,South,Basic,Desktop,0
C008415,52,5,35.65,0,21.1,16.8,6.2,0,Month-to-month,DSL,East,None,Desktop,0
C008416,35,39,33.52,2,10.9,31.6,5.7,0,One year,Fiber,West,Basic,Desktop,0
C008417,43,33,30.7,1,20.6,50.3,6.8,0,Month-to-month,None,East,Basic,Mobile,0
C008418,47,54,80.41,4,10.6,42.3,10.0,0,One year,None,North,None,Mobile,0
C008419,47,15,47.56,4,17.1,25.5,9.4,1,Month-to-month,Fiber,East,Premium,Mobile,0
C008420,45,55,36.75,0,18.9,41.0,7.1,0,Two year,Fiber,West,Premium,Desktop,0
C008421,34,51,81.49,0,8.0,16.2,4.6,0,Month-to-month,None,North,Basic,Desktop,0
C008422,35,18,92.6,1,18.8,21.3,7.7,1,Month-to-month,DSL,East,None,Tablet,0
C008423,27,26,98.27,3,27.3,9.0,6.1,0,One year,DSL,East,Basic,Tablet,0
C008424,22,5,93.88,1,14.6,30.2,5.4,0,Month-to-month,Fiber,East,Basic,Mobile,0
C008425,41,33,49.05,2,16.5,39.2,8.2,0,Two year,DSL,South,Basic,Desktop,0
C008426,53,19,78.9,1,17.8,20.0,4.8,0,Two year,None,South,Basic,Desktop,0
C008427,24,9,84.42,0,16.6,30.5,7.3,0,Month-to-month,Fiber,East,None,Mobile,0
C008428,46,41,60.13,0,16.2,21.5,7.9,1,Month-to-month,DSL,West,None,Mobile,0
C008429,52,41,76.12,2,15.6,24.5,8.3,0,One year,None,West,None,Mobile,0
C008430,18,7,40.71,2,5.0,19.0,4.8,1,Month-to-month,DSL,East,None,Desktop,0
C008431,38,14,56.31,3,19.2,46.5,10.0,0,Month-to-month,DSL,West,Basic,Tablet,0
C008432,63,6,81.29,1,8.5,23.3,7.6,0,Month-to-month,DSL,East,Basic,Mobile,0
C008433,49,49,109.69,1,18.6,28.6,7.1,0,Month-to-month,None,North,Basic,Desktop,0
C008434,18,25,100.79,1,20.9,25.3,4.7,0,Month-to-month,Fiber,West,Basic,Mobile,0
C008435,51,6,88.52,0,18.8,35.4,5.6,0,Month-to-month,Fiber,South,None,Desktop,0
C008436,32,14,73.99,0,9.8,61.5,6.4,0,One year,Fiber,East,None,Mobile,0
C008437,51,71,70.12,2,18.2,65.0,7.0,0,Two year,Fiber,West,None,Mobile,0
C008438,33,19,35.81,3,14.5,,7.7,0,One year,Fiber,East,Basic,Tablet,0
C008439,41,50,51.11,0,11.9,36.6,6.4,0,Month-to-month,None,East,None,Mobile,0
C008440,35,34,51.93,3,30.4,43.1,9.7,0,One year,Fiber,West,None,Mobile,0
C008441,42,14,86.37,3,9.7,46.7,6.4,0,One year,DSL,East,Basic,Mobile,0
C008442,35,23,95.62,0,19.5,39.2,7.4,0,One year,DSL,South,None,Tablet,0
C008443,39,2,90.41,1,26.7,44.9,9.1,1,Month-to-month,DSL,South,Basic,Desktop,0
C008444,27,54,101.57,2,18.7,36.6,6.1,1,Month-to-month,DSL,East,Basic,Mobile,0
C008445,48,25,73.81,0,11.7,24.1,4.6,1,Month-to-month,DSL,North,Basic,Desktop,0
C008446,44,36,47.43,3,12.1,44.8,6.3,0,Month-to-month,Fiber,East,None,Tablet,0
C008447,21,12,70.75,0,6.2,33.3,8.7,0,One year,DSL,South,Premium,Desktop,0
C008448,55,60,53.88,3,16.7,35.6,,1,Month-to-month,DSL,South,Premium,Mobile,0
C008449,40,16,88.45,0,16.9,15.4,8.3,0,Month-to-month,DSL,North,None,Desktop,0
C008450,44,41,63.02,1,14.2,22.4,4.7,0,One year,Fiber,North,None,Desktop,0
C008451,52,63,69.54,2,26.0,27.0,4.1,0,Month-to-month,DSL,North,Premium,Mobile,0
C008452,46,52,89.34,2,15.7,38.0,8.1,0,Month-to-month,Fiber,West,Basic,Tablet,0
C008453,57,44,53.47,0,5.1,53.2,7.7,0,Two year,Fiber,East,None,Desktop,0
C008454,38,64,96.1,2,26.6,41.0,5.4,1,One year,DSL,South,None,Desktop,0
C008455,55,13,38.31,0,8.0,29.4,,0,One year,None,South,Premium,Desktop,0
C008456,44,70,79.66,1,19.8,19.8,6.8,0,Month-to-month,None,West,None,Mobile,0
C008457,49,41,69.73,0,20.8,46.6,7.0,0,One year,None,South,Basic,Mobile,0
C008458,47,30,92.68,5,15.7,35.5,4.9,0,Month-to-month,None,East,Basic,Desktop,0
C008459,58,19,37.64,1,22.8,3.0,6.9,2,Two year,DSL,East,Basic,Mobile,0
C008460,51,54,33.73,3,16.8,44.1,4.4,0,One year,DSL,West,None,Desktop,0
C008461,36,71,90.75,0,13.8,36.1,5.9,0,Two year,DSL,East,Basic,Mobile,0
C008462,34,50,62.23,0,1.7,,4.7,0,One year,DSL,West,None,Mobile,0
C008463,41,3,69.73,2,4.2,39.1,6.9,1,Month-to-month,Fiber,East,None,Desktop,0
C008464,32,34,55.51,2,35.6,32.6,5.9,0,One year,Fiber,South,Basic,Mobile,0
C008465,28,53,94.82,0,21.4,15.8,9.5,0,Two year,Fiber,South,Basic,Mobile,0
C008466,18,29,79.48,0,25.1,56.1,7.6,0,Month-to-month,DSL,West,None,Desktop,0
C008467,22,56,78.02,2,33.9,36.9,4.7,0,Month-to-month,Fiber,East,None,Mobile,0
C008468,68,51,42.76,1,13.8,25.8,8.7,0,Month-to-month,Fiber,North,None,Tablet,0
C008469,33,5,84.54,1,15.4,22.2,6.7,0,One year,Fiber,West,Basic,Desktop,0
C008470,67,41,47.19,1,4.8,29.3,8.4,1,Month-to-month,None,South,Basic,Mobile,0
C008471,47,13,55.54,1,14.3,29.7,4.7,1,Two year,DSL,West,Basic,Desktop,0
C008472,41,36,37.87,3,14.1,38.5,8.1,1,One year,DSL,East,Basic,Desktop,0
C008473,22,28,68.09,2,13.6,28.7,10.0,0,One year,Fiber,North,Premium,Mobile,0
C008474,42,59,98.61,0,23.7,26.6,8.1,1,Month-to-month,Fiber,North,Premium,Mobile,0
C008475,67,63,77.67,2,21.4,33.5,6.0,1,Month-to-month,Fiber,East,Premium,Tablet,0
C008476,62,34,60.95,0,22.8,26.4,9.1,0,Month-to-month,None,East,Basic,Mobile,0
C008477,46,39,74.73,0,7.8,30.2,5.8,0,One year,None,North,Basic,Mobile,0
C008478,27,46,74.59,1,16.5,48.2,7.9,0,Month-to-month,Fiber,North,None,Tablet,0
C008479,30,48,73.65,0,18.7,25.8,10.0,1,Month-to-month,Fiber,South,None,Desktop,0
C008480,31,46,76.43,0,29.4,29.5,6.0,0,Month-to-month,Fiber,West,Premium,Desktop,0
C008481,59,57,46.0,2,17.2,21.8,8.0,0,Month-to-month,Fiber,South,None,Mobile,0
C008482,63,71,74.66,1,15.2,44.3,10.0,0,One year,Fiber,West,Basic,Mobile,0
C008483,45,60,28.12,0,23.9,10.7,8.8,0,Two year,Fiber,North,Basic,Mobile,0
C008484,38,10,86.39,1,14.5,21.0,8.3,0,Two year,Fiber,East,None,Mobile,0
C008485,62,35,44.43,4,19.6,39.6,3.5,0,One year,Fiber,South,None,Desktop,0
C008486,29,34,101.44,4,19.4,29.2,5.3,0,Month-to-month,Fiber,South,Premium,Mobile,0
C008487,43,37,20.0,1,12.7,41.6,8.6,0,Month-to-month,Fiber,South,None,Desktop,0
C008488,48,39,113.86,2,11.5,28.7,6.5,0,Two year,Fiber,West,None,Mobile,0
C008489,31,52,31.02,1,15.8,22.9,6.2,0,One year,DSL,South,Premium,Desktop,0
C008490,34,31,42.0,2,13.0,29.5,9.2,0,One year,Fiber,West,Basic,Tablet,0
C008491,33,19,79.48,0,5.5,15.5,8.2,0,Month-to-month,DSL,East,Basic,Mobile,0
C008492,60,33,87.47,0,21.1,21.1,5.6,1,Two year,DSL,East,Premium,Tablet,0
C008493,67,62,64.92,1,20.0,42.0,8.4,0,Month-to-month,Fiber,East,Basic,Desktop,0
C008494,43,23,94.32,3,10.8,27.9,5.3,0,Month-to-month,None,North,Basic,Desktop,0
C008495,39,2,52.09,1,10.1,30.6,4.2,0,Month-to-month,Fiber,West,Basic,Mobile,0
C008496,34,71,62.01,4,19.4,32.5,7.6,0,Month-to-month,Fiber,East,Basic,Desktop,0
C008497,42,15,64.45,2,28.3,12.2,4.8,0,Month-to-month,Fiber,East,Basic,Mobile,0
C008498,35,44,58.54,2,23.1,12.3,4.8,1,Month-to-month,DSL,East,None,Tablet,0
C008499,41,58,23.65,1,24.4,35.6,5.2,0,Month-to-month,DSL,West,None,Mobile,0
C008500,47,20,71.38,0,13.9,26.1,7.3,1,Month-to-month,None,South,None,Mobile,0
C008501,37,25,69.12,4,18.9,28.4,,0,Month-to-month,Fiber,West,None,Desktop,0
C008502,40,21,98.95,3,15.1,38.4,6.5,0,Month-to-month,Fiber,West,Premium,Desktop,0
C008503,40,11,39.85,1,10.9,19.8,4.9,0,Month-to-month,DSL,North,Premium,Mobile,0
C008504,38,12,56.01,0,17.4,24.2,5.0,0,Month-to-month,Fiber,North,Basic,Desktop,0
C008505,36,14,102.09,1,9.9,26.8,4.2,0,Month-to-month,None,South,None,Desktop,1
C008506,52,33,79.33,2,10.8,35.0,8.3,0,Month-to-month,Fiber,North,None,Desktop,0
C008507,19,39,85.73,4,12.9,26.7,5.4,0,One year,Fiber,East,None,Mobile,0
C008508,62,2,83.34,0,13.6,23.4,7.4,0,Month-to-month,Fiber,West,Basic,Mobile,0
C008509,44,61,83.45,2,15.8,51.3,3.8,0,Month-to-month,None,South,Basic,Mobile,0
C008510,50,49,117.53,2,1.5,31.5,9.3,2,Two year,Fiber,East,None,Desktop,1
C008511,51,6,74.29,1,9.5,38.9,7.0,0,Month-to-month,Fiber,West,Premium,Tablet,1
C008512,33,61,46.72,1,27.0,9.3,4.2,0,Month-to-month,None,North,Premium,Desktop,0
C008513,30,3,87.97,1,15.9,15.5,5.9,0,One year,DSL,East,Basic,Mobile,0
C008514,29,41,57.84,1,19.9,38.0,7.3,0,Month-to-month,Fiber,East,None,Mobile,0
C008515,39,34,69.25,0,18.9,28.1,5.4,1,Month-to-month,DSL,North,None,Tablet,0
C008516,51,37,81.25,2,15.2,26.4,7.7,0,Month-to-month,DSL,West,None,Tablet,0
C008517,34,69,51.47,2,9.8,19.6,9.3,1,Month-to-month,DSL,North,None,Mobile,0
C008518,50,67,59.24,0,12.2,42.7,8.7,1,One year,Fiber,South,Basic,Desktop,0
C008519,18,21,83.9,1,29.7,38.9,7.0,0,Month-to-month,Fiber,West,Basic,Desktop,0
C008520,37,42,58.28,5,12.3,30.2,9.6,0,Month-to-month,Fiber,East,Premium,Mobile,0
C008521,57,70,96.33,1,28.1,33.9,7.4,1,One year,DSL,West,Premium,Desktop,0
C008522,40,53,47.35,2,13.1,27.3,6.8,0,Two year,Fiber,East,Premium,Mobile,0
C008523,31,64,47.26,0,13.8,22.8,6.8,0,One year,DSL,West,Basic,Desktop,0
C008524,33,32,119.65,3,16.5,24.8,7.2,0,Two year,DSL,South,Premium,Mobile,1
C008525,18,21,33.74,4,14.8,40.2,7.8,0,Month-to-month,DSL,West,Premium,Desktop,0
C008526,29,37,71.33,1,9.4,26.3,5.4,0,Month-to-month,Fiber,South,None,Mobile,0
C008527,56,59,118.29,1,15.9,31.7,9.1,0,Month-to-month,Fiber,West,None,Desktop,1
C008528,34,67,71.29,2,5.7,25.8,9.3,0,One year,DSL,West,Basic,Desktop,0
C008529,36,50,105.67,0,18.6,42.3,10.0,2,Month-to-month,DSL,South,Premium,Desktop,0
C008530,18,51,88.31,1,17.6,23.2,3.9,1,One year,Fiber,South,Premium,Mobile,0
C008531,21,37,71.82,0,21.1,49.3,7.1,2,One year,DSL,East,Premium,Desktop,0
C008532,57,24,68.73,1,12.5,24.1,5.6,1,One year,Fiber,East,Basic,Desktop,0
C008533,50,31,20.0,1,21.2,24.1,,1,Two year,DSL,South,Basic,Mobile,0
C008534,25,36,64.02,2,19.0,55.0,9.2,2,Month-to-month,Fiber,North,Basic,Mobile,0
C008535,34,59,77.81,1,16.9,18.2,7.1,0,Month-to-month,None,West,Premium,Tablet,0
C008536,42,40,77.79,1,29.8,30.6,6.5,0,One year,Fiber,West,Basic,Tablet,0
C008537,26,58,133.65,0,19.3,43.1,6.2,0,Month-to-month,None,North,Basic,Mobile,0
C008538,18,2,79.02,4,12.8,12.5,6.7,1,Two year,None,North,Basic,Mobile,0
C008539,40,55,87.75,0,26.8,34.1,7.7,0,Month-to-month,Fiber,East,Premium,Mobile,0
C008540,49,37,101.12,3,19.6,12.5,7.7,0,Month-to-month,DSL,North,Basic,Tablet,0
C008541,50,72,85.51,3,28.5,31.4,9.7,3,One year,Fiber,South,None,Tablet,0
C008542,53,34,69.85,2,3.0,55.4,6.7,3,One year,DSL,West,Premium,Mobile,0
C008543,22,35,69.97,2,13.9,3.0,8.7,0,Month-to-month,DSL,East,Basic,Mobile,0
C008544,43,10,63.23,3,13.9,30.1,5.4,1,One year,DSL,West,Basic,Mobile,0
C008545,39,59,83.11,3,2.8,25.5,,0,Month-to-month,Fiber,West,Basic,Desktop,0
C008546,41,51,67.74,0,17.2,18.9,8.9,0,Two year,Fiber,South,Basic,Mobile,0
C008547,39,63,87.62,0,13.4,12.6,7.8,1,One year,Fiber,East,None,Tablet,0
C008548,33,7,46.77,2,2.0,44.2,6.1,0,Month-to-month,DSL,South,Premium,Mobile,0
C008549,18,16,75.67,1,10.6,33.4,5.4,0,Month-to-month,DSL,East,Premium,Mobile,0
C008550,57,64,110.8,0,25.7,8.7,6.2,0,Month-to-month,Fiber,South,None,Tablet,0
C008551,46,4,66.38,2,22.4,19.7,7.5,0,One year,DSL,South,None,Tablet,0
C008552,23,37,118.08,1,11.0,24.4,7.4,0,Two year,None,East,,Tablet,0
C008553,48,30,76.09,5,10.8,12.1,,0,One year,Fiber,West,Basic,Mobile,0
C008554,36,68,70.59,4,22.0,32.1,4.8,0,One year,DSL,West,Basic,Tablet,0
C008555,37,62,74.92,4,2.2,34.1,7.3,0,Month-to-month,Fiber,North,Basic,Mobile,0
C008556,32,65,64.21,1,20.2,33.9,8.1,0,Month-to-month,Fiber,South,Premium,Mobile,0
C008557,49,21,22.49,2,3.2,55.2,5.7,0,Two year,Fiber,North,Basic,Mobile,0
C008558,32,43,94.0,1,27.5,19.7,4.5,0,Month-to-month,Fiber,East,Basic,Desktop,0
C008559,28,51,126.82,1,20.6,25.3,7.2,0,One year,DSL,West,None,Desktop,0
C008560,57,70,84.01,3,3.1,,3.1,0,Two year,Fiber,North,Premium,Mobile,0
C008561,40,1,85.53,3,13.3,41.3,6.4,0,Month-to-month,None,East,None,Desktop,0
C008562,40,71,67.44,1,18.2,39.9,8.2,0,Two year,Fiber,North,None,Tablet,0
C008563,51,26,100.94,1,2.1,17.4,6.7,0,Month-to-month,DSL,North,Basic,Mobile,0
C008564,33,10,71.02,2,15.7,48.3,4.3,0,One year,Fiber,West,None,Tablet,0
C008565,36,45,78.68,1,19.4,20.1,9.8,0,Month-to-month,DSL,South,Basic,Tablet,0
C008566,46,57,32.87,1,1.5,41.2,7.1,1,Two year,Fiber,East,None,Mobile,0
C008567,22,10,58.77,4,21.2,40.5,7.5,0,Month-to-month,DSL,West,None,Desktop,0
C008568,45,3,81.18,2,15.1,35.8,8.7,0,Month-to-month,None,North,None,Mobile,0
C008569,32,65,94.68,1,22.4,27.0,6.8,2,One year,DSL,West,Premium,Mobile,0
C008570,53,68,95.37,3,14.4,27.3,6.6,1,Two year,Fiber,West,Basic,Mobile,0
C008571,49,12,32.52,2,8.6,36.8,9.3,0,Month-to-month,DSL,West,Basic,Desktop,0
C008572,47,66,35.06,3,7.9,37.3,5.6,1,Two year,Fiber,West,None,Mobile,0
C008573,21,66,86.6,0,13.8,39.5,8.7,0,Two year,Fiber,South,Basic,Mobile,0
C008574,41,72,53.33,2,14.7,39.5,5.1,1,Month-to-month,Fiber,South,None,Mobile,0
C008575,27,16,94.36,0,23.4,35.1,5.8,0,Month-to-month,DSL,West,Basic,Desktop,0
C008576,42,42,31.25,0,14.0,48.0,7.6,1,Month-to-month,DSL,West,None,Mobile,0
C008577,18,72,69.54,1,5.1,23.8,9.7,0,One year,None,West,None,Mobile,0
C008578,22,65,71.14,1,12.8,31.5,7.4,0,Two year,Fiber,South,Premium,Desktop,0
C008579,57,44,84.01,2,5.3,24.3,4.6,1,Two year,Fiber,North,None,Mobile,1
C008580,47,15,46.22,2,18.4,60.3,8.4,0,Month-to-month,None,South,Basic,Desktop,0
C008581,37,7,22.83,0,20.1,40.2,5.7,1,Month-to-month,DSL,West,Premium,Mobile,0
C008582,30,19,76.28,2,21.3,43.2,8.2,0,One year,Fiber,South,Basic,Mobile,0
C008583,28,5,85.16,2,13.9,36.4,7.6,0,Month-to-month,Fiber,South,Basic,Mobile,0
C008584,45,15,97.19,0,11.1,30.3,4.4,2,One year,Fiber,South,None,Tablet,0
C008585,38,6,63.04,2,12.4,63.0,7.7,2,Month-to-month,DSL,South,Basic,Mobile,0
C008586,62,55,91.39,1,15.4,45.6,4.9,2,One year,Fiber,South,Basic,Desktop,0
C008587,40,43,84.14,1,12.4,27.2,9.5,0,Month-to-month,Fiber,West,Premium,Tablet,0
C008588,43,38,105.06,1,27.3,27.7,4.3,2,Month-to-month,DSL,South,None,Mobile,0
C008589,24,59,70.62,2,13.4,33.7,6.8,0,Month-to-month,DSL,East,Premium,Tablet,0
C008590,37,30,28.75,0,15.3,24.5,5.4,0,Two year,Fiber,North,None,Desktop,0
C008591,44,30,70.31,0,10.7,26.8,9.6,0,Two year,None,West,Premium,Desktop,0
C008592,37,15,74.21,0,10.9,12.8,4.3,0,Two year,None,East,None,Desktop,0
C008593,36,33,84.95,2,7.1,3.0,10.0,1,One year,Fiber,South,None,Desktop,0
C008594,46,13,33.68,1,8.8,54.7,6.4,0,Month-to-month,Fiber,East,Basic,Mobile,0
C008595,62,43,64.2,0,29.1,24.9,6.1,0,Month-to-month,Fiber,East,Basic,Tablet,0
C008596,44,72,93.7,2,19.8,27.4,8.5,0,One year,Fiber,South,Basic,Mobile,0
C008597,57,39,69.4,3,13.6,31.8,7.0,0,Month-to-month,DSL,West,None,Desktop,0
C008598,50,22,64.36,0,11.4,39.4,5.6,0,One year,Fiber,East,Basic,Mobile,0
C008599,56,50,119.66,1,24.6,40.3,5.7,2,Month-to-month,DSL,East,None,Mobile,1
C008600,34,60,45.25,2,10.2,43.3,6.2,0,Month-to-month,None,East,None,Mobile,0
C008601,39,34,102.83,1,4.1,37.9,5.9,0,One year,Fiber,West,None,Desktop,1
C008602,39,19,97.53,0,19.3,27.8,8.6,0,Two year,DSL,North,Premium,Mobile,0
C008603,49,52,66.37,0,9.5,,7.3,0,Month-to-month,DSL,West,None,Desktop,0
C008604,52,14,71.18,0,7.0,28.9,7.9,0,Month-to-month,Fiber,North,None,Desktop,0
C008605,44,72,71.09,2,8.4,43.4,6.3,0,One year,None,East,None,Mobile,0
C008606,53,23,76.55,0,18.9,12.5,8.3,0,Month-to-month,Fiber,East,Basic,Desktop,0
C008607,35,26,57.14,0,15.3,46.6,5.9,0,One year,Fiber,West,Basic,Mobile,0
C008608,54,53,61.3,1,9.1,20.3,5.4,0,Two year,DSL,West,Premium,Desktop,0
C008609,55,1,63.12,2,19.3,13.6,6.2,0,Month-to-month,DSL,West,Premium,Desktop,0
C008610,51,15,63.92,1,10.2,15.4,9.7,1,Month-to-month,None,West,None,Mobile,0
C008611,44,10,64.23,1,4.6,33.4,6.1,0,Month-to-month,DSL,South,Basic,Mobile,0
C008612,51,29,20.0,0,6.8,58.4,6.1,0,Month-to-month,DSL,East,None,Mobile,0
C008613,30,40,74.44,2,16.2,28.6,7.5,1,Month-to-month,Fiber,East,None,Desktop,0
C008614,45,13,58.81,1,10.5,29.7,6.9,0,Month-to-month,Fiber,West,None,Tablet,0
C008615,46,25,25.33,1,16.7,40.2,5.1,0,Month-to-month,DSL,East,Premium,Mobile,0
C008616,25,56,63.25,2,23.8,24.1,5.0,0,Month-to-month,DSL,West,None,Mobile,0
C008617,48,68,62.48,2,11.6,29.2,8.4,0,One year,DSL,South,None,Mobile,0
C008618,26,2,103.88,1,34.7,26.8,5.0,1,Two year,Fiber,South,Basic,Desktop,0
C008619,36,46,58.52,3,17.9,54.6,8.7,0,Two year,None,East,Premium,Mobile,0
C008620,43,2,88.69,2,14.8,31.9,6.3,0,Month-to-month,None,East,Basic,Mobile,0
C008621,33,38,106.57,2,6.7,40.0,2.9,0,One year,Fiber,West,None,Desktop,0
C008622,43,64,56.3,0,13.6,22.5,8.3,0,Month-to-month,DSL,South,Basic,Desktop,0
C008623,43,58,70.81,3,14.3,17.3,8.5,2,One year,Fiber,East,Basic,Mobile,0
C008624,31,17,115.22,1,21.3,39.0,8.1,0,Month-to-month,DSL,East,None,Tablet,1
C008625,49,19,77.72,2,11.8,34.0,6.3,2,Month-to-month,DSL,West,Basic,Mobile,0
C008626,32,57,81.34,2,19.0,43.4,6.5,0,Month-to-month,Fiber,North,Basic,Desktop,0
C008627,72,60,61.82,2,16.3,20.4,6.3,1,Two year,DSL,East,Premium,Tablet,0
C008628,41,21,89.18,1,22.8,29.9,5.8,1,Month-to-month,DSL,West,Basic,Mobile,0
C008629,27,1,71.01,1,23.4,15.5,7.6,1,One year,Fiber,South,Basic,Desktop,0
C008630,29,33,26.2,2,18.3,25.1,6.7,1,Month-to-month,DSL,West,Basic,Mobile,0
C008631,57,45,63.12,2,21.4,13.7,6.3,1,One year,Fiber,West,Basic,Mobile,0
C008632,37,32,42.42,2,23.9,27.6,5.8,0,Month-to-month,None,West,None,Mobile,0
C008633,24,68,74.81,1,19.8,46.7,7.4,0,One year,Fiber,North,Basic,Desktop,0
C008634,53,59,49.08,0,17.9,20.7,9.4,0,Two year,None,East,Basic,Mobile,0
C008635,37,57,83.95,1,18.9,20.6,7.3,0,Month-to-month,Fiber,East,None,Mobile,0
C008636,50,2,73.12,2,27.3,29.0,4.7,2,One year,DSL,West,None,Desktop,0
C008637,54,62,40.8,1,16.8,28.8,7.1,1,Month-to-month,None,West,,Tablet,0
C008638,46,55,59.69,1,21.1,,8.0,0,Two year,Fiber,East,Premium,Mobile,0
C008639,73,29,87.51,1,11.3,15.4,8.4,1,Month-to-month,DSL,West,None,Tablet,0
C008640,20,43,100.7,2,26.5,3.0,8.0,0,Month-to-month,Fiber,West,Basic,Desktop,0
C008641,31,60,49.44,0,19.1,31.8,7.3,0,One year,DSL,North,None,Desktop,0
C008642,39,66,44.56,1,13.6,51.3,10.0,1,One year,DSL,South,None,Mobile,0
C008643,71,40,120.77,5,15.5,28.7,5.0,0,Month-to-month,DSL,West,None,Desktop,1
C008644,65,3,71.76,0,14.5,35.8,9.8,0,Two year,Fiber,North,Basic,Desktop,0
C008645,59,45,74.29,4,16.0,30.0,8.1,1,Two year,DSL,East,None,Mobile,0
C008646,32,49,53.52,4,17.5,39.9,10.0,0,Month-to-month,Fiber,East,Basic,Mobile,0
C008647,33,5,77.38,2,14.6,27.5,4.5,0,One year,Fiber,North,None,Mobile,0
C008648,31,59,114.88,3,4.9,30.1,9.9,0,Month-to-month,Fiber,South,Premium,Desktop,0
C008649,32,15,78.36,0,28.4,50.7,10.0,0,Month-to-month,Fiber,North,Premium,Tablet,0
C008650,61,65,98.62,2,17.9,44.7,,0,Two year,DSL,North,Basic,Mobile,0
C008651,39,40,72.72,1,17.9,22.7,5.6,0,Month-to-month,None,South,None,Mobile,0
C008652,41,24,46.35,1,15.7,23.0,10.0,0,Month-to-month,Fiber,North,Basic,Mobile,0
C008653,52,5,54.92,2,22.4,,5.6,0,One year,Fiber,South,None,Desktop,0
C008654,20,2,44.05,0,16.3,17.5,9.0,0,Month-to-month,None,East,None,Desktop,0
C008655,43,54,77.44,1,13.8,24.4,,0,Two year,DSL,South,Basic,Mobile,0
C008656,28,28,102.6,2,14.3,29.5,6.8,1,Two year,None,South,Basic,Mobile,0
C008657,38,61,76.03,1,24.8,21.7,6.8,0,Month-to-month,Fiber,North,None,Mobile,0
C008658,34,17,64.31,1,17.4,37.1,10.0,0,Two year,DSL,North,None,Tablet,0
C008659,34,67,52.26,2,15.8,10.9,6.5,0,One year,Fiber,South,None,Tablet,0
C008660,45,68,80.89,6,13.0,16.8,6.1,0,Month-to-month,DSL,West,None,Mobile,0
C008661,45,8,41.05,2,13.8,38.9,2.2,0,Month-to-month,Fiber,West,None,Tablet,0
C008662,39,47,43.65,1,23.6,53.8,9.1,0,Two year,Fiber,South,None,Mobile,0
C008663,47,68,94.5,3,9.6,34.0,6.4,1,Month-to-month,Fiber,West,Basic,Tablet,0
C008664,31,24,65.06,1,20.7,21.0,8.5,0,Month-to-month,Fiber,East,Basic,Tablet,0
C008665,51,5,64.56,0,20.9,17.6,6.8,0,Month-to-month,DSL,South,None,Desktop,0
C008666,39,64,67.77,3,17.5,26.5,,2,Month-to-month,DSL,South,Basic,Desktop,0
C008667,36,35,90.15,1,14.7,46.2,9.6,0,One year,Fiber,West,Basic,Desktop,0
C008668,32,2,76.14,2,5.6,37.2,5.3,1,Month-to-month,DSL,North,None,Tablet,1
C008669,39,61,53.42,2,20.6,16.2,6.3,0,One year,Fiber,North,Premium,Mobile,0
C008670,66,49,54.32,0,4.8,35.3,8.1,0,Two year,DSL,West,Premium,Mobile,0
C008671,41,6,67.12,0,17.2,48.2,9.6,1,Month-to-month,Fiber,West,None,Mobile,0
C008672,27,19,79.56,4,16.4,45.2,7.3,1,Month-to-month,DSL,West,None,Mobile,1
C008673,54,2,71.11,3,21.4,47.0,7.5,0,Month-to-month,Fiber,East,Premium,Tablet,0
C008674,36,69,68.89,1,9.7,40.6,7.7,0,One year,Fiber,South,Basic,Mobile,0
C008675,46,2,73.16,1,9.4,15.6,5.5,0,One year,DSL,North,None,Mobile,0
C008676,34,58,71.09,0,19.7,21.3,6.3,0,One year,Fiber,East,Premium,Mobile,0
C008677,59,37,52.49,2,14.8,51.9,6.8,0,Two year,Fiber,North,Basic,Tablet,0
C008678,34,42,99.68,2,1.9,26.9,8.9,0,Month-to-month,None,North,Basic,Tablet,0
C008679,60,59,59.94,1,16.0,8.2,10.0,0,One year,Fiber,North,Premium,Mobile,0
C008680,28,65,75.23,2,28.7,38.3,5.5,0,Two year,Fiber,West,None,Tablet,0
C008681,38,10,20.49,1,19.8,43.7,8.4,1,One year,None,South,Premium,Mobile,1
C008682,60,2,66.62,2,7.7,30.0,7.5,0,One year,None,East,Basic,Desktop,0
C008683,44,9,44.51,4,19.3,37.6,6.2,1,One year,Fiber,East,None,Tablet,0
C008684,72,50,47.52,1,22.9,21.1,5.4,0,Month-to-month,DSL,East,Basic,Mobile,0
C008685,39,41,132.55,2,3.9,25.4,7.5,0,Month-to-month,Fiber,West,Basic,Mobile,1
C008686,45,7,78.24,2,14.0,9.3,6.0,1,Month-to-month,DSL,East,Basic,Mobile,0
C008687,67,17,102.65,2,25.1,18.1,7.8,0,One year,None,East,None,Mobile,0
C008688,22,39,93.38,2,5.3,48.2,5.3,0,Month-to-month,Fiber,West,Premium,Desktop,0
C008689,21,53,96.58,1,14.0,3.0,5.1,1,Two year,Fiber,South,Basic,Tablet,1
C008690,32,25,67.02,3,14.5,26.4,9.0,0,Month-to-month,DSL,North,None,Mobile,0
C008691,53,69,112.16,1,13.1,24.6,7.5,0,One year,DSL,North,None,Mobile,0
C008692,21,72,93.17,1,25.6,38.1,7.4,0,Month-to-month,DSL,West,Basic,Mobile,0
C008693,50,56,73.03,2,24.6,5.4,6.2,0,Month-to-month,Fiber,East,None,Mobile,0
C008694,49,33,78.58,1,13.9,21.8,8.5,0,Two year,Fiber,West,Premium,Mobile,0
C008695,68,64,68.58,1,8.9,23.9,,0,Month-to-month,Fiber,West,Basic,Mobile,0
C008696,56,53,73.31,3,24.9,35.9,8.5,1,Month-to-month,DSL,East,Premium,Desktop,0
C008697,47,38,70.91,1,21.4,30.9,6.3,2,One year,Fiber,West,Basic,Desktop,0
C008698,60,32,81.54,1,15.9,11.1,5.2,0,Month-to-month,Fiber,West,None,Desktop,0
C008699,49,60,115.5,2,20.6,26.9,5.8,0,Month-to-month,DSL,South,None,Mobile,0
C008700,36,41,41.87,1,20.5,21.7,7.9,0,One year,DSL,South,None,Mobile,0
C008701,27,14,100.56,0,9.9,36.6,5.3,0,Month-to-month,Fiber,South,Premium,Mobile,0
C008702,35,72,62.79,2,11.8,28.0,10.0,0,Two year,DSL,East,None,Desktop,0
C008703,41,5,103.74,0,16.0,52.0,,3,One year,Fiber,South,Basic,Tablet,1
C008704,44,51,63.66,1,2.5,23.0,6.8,2,One year,DSL,East,Premium,Mobile,0
C008705,18,48,82.32,0,13.6,24.2,9.2,0,Two year,None,East,Basic,Mobile,0
C008706,39,43,68.03,0,10.5,24.6,7.6,0,Month-to-month,Fiber,East,None,Mobile,0
C008707,42,4,28.74,0,17.2,28.7,6.5,0,Month-to-month,DSL,South,Basic,Mobile,0
C008708,49,36,115.47,1,8.1,41.1,9.2,0,Month-to-month,None,South,Premium,Mobile,0
C008709,63,65,48.43,1,19.0,25.7,5.4,0,Two year,Fiber,North,Premium,Desktop,0
C008710,44,18,74.1,2,17.6,26.3,6.6,0,One year,DSL,East,Basic,Mobile,0
C008711,30,50,45.69,3,15.3,35.3,4.2,1,One year,None,North,Premium,Desktop,0
C008712,18,62,38.57,1,19.3,19.6,8.7,0,Month-to-month,DSL,North,Basic,Mobile,0
C008713,51,69,66.88,0,20.1,38.6,8.1,0,One year,None,West,Basic,Mobile,0
C008714,31,38,57.16,5,14.3,26.5,8.1,0,One year,DSL,West,None,Tablet,0
C008715,53,23,42.78,3,16.2,20.2,7.3,0,One year,DSL,East,Basic,Desktop,0
C008716,60,51,71.11,3,11.2,8.9,7.2,0,One year,Fiber,East,Basic,Mobile,0
C008717,22,36,34.95,0,11.2,17.8,7.3,0,Month-to-month,Fiber,North,Basic,Mobile,0
C008718,49,46,75.14,1,27.1,28.5,7.6,0,Month-to-month,Fiber,North,None,Desktop,0
C008719,59,54,68.82,0,14.6,29.9,7.3,0,Month-to-month,None,East,Basic,Mobile,0
C008720,55,52,20.0,1,15.9,27.6,5.4,0,Month-to-month,DSL,South,None,Mobile,0
C008721,18,18,58.92,1,15.5,13.2,3.0,0,Two year,DSL,East,None,Mobile,0
C008722,31,55,83.71,4,18.6,28.5,10.0,1,Month-to-month,DSL,West,Basic,Desktop,0
C008723,25,40,45.41,1,12.2,12.4,5.9,0,Month-to-month,DSL,North,Basic,Mobile,0
C008724,49,68,84.79,4,12.9,15.8,6.8,1,Two year,DSL,North,Premium,Mobile,0
C008725,47,48,82.82,4,22.6,44.0,,0,One year,DSL,West,Basic,Desktop,0
C008726,18,65,46.56,1,5.6,29.4,7.7,0,Month-to-month,DSL,North,Premium,Tablet,0
C008727,38,71,71.69,2,17.3,36.1,4.5,1,Month-to-month,DSL,North,Basic,Mobile,0
C008728,52,72,92.62,1,10.3,47.8,5.0,0,Month-to-month,Fiber,East,Premium,Mobile,0
C008729,44,54,50.09,3,1.9,29.9,8.7,0,Month-to-month,DSL,East,Basic,Desktop,0
C008730,44,44,66.85,0,15.4,42.1,8.2,0,Two year,None,East,None,Desktop,0
C008731,37,9,100.76,0,7.9,35.3,6.2,1,One year,DSL,North,Basic,Mobile,0
C008732,28,28,50.56,2,6.7,22.0,7.0,0,Month-to-month,Fiber,West,Basic,Desktop,0
C008733,42,35,83.48,0,34.2,28.9,7.2,0,Month-to-month,Fiber,West,Basic,Mobile,0
C008734,43,57,45.02,0,19.8,21.6,7.5,1,One year,Fiber,West,Basic,Mobile,0
C008735,50,43,67.98,3,20.0,37.9,7.9,1,Month-to-month,DSL,North,Basic,Desktop,0
C008736,51,32,83.17,2,15.6,42.6,6.4,0,One year,Fiber,North,Premium,Desktop,0
C008737,43,11,20.0,1,7.6,14.2,8.4,1,Two year,Fiber,East,Basic,Mobile,0
C008738,56,52,58.64,2,14.8,20.1,8.2,0,One year,None,North,None,Tablet,0
C008739,37,32,82.73,1,13.5,26.3,8.7,1,One year,Fiber,South,None,Mobile,0
C008740,23,3,77.65,2,2.5,20.8,8.5,0,Two year,Fiber,South,None,Mobile,0
C008741,48,21,58.94,2,28.5,27.8,8.4,0,Month-to-month,Fiber,East,None,Mobile,0
C008742,44,64,44.39,2,15.4,35.0,6.3,1,One year,Fiber,North,Basic,Mobile,0
C008743,48,9,87.71,3,10.2,46.0,6.9,0,One year,Fiber,West,Basic,Tablet,0
C008744,26,30,63.94,0,16.9,,5.6,0,Two year,None,North,None,Desktop,0
C008745,65,37,85.63,2,6.3,,7.5,0,Month-to-month,DSL,West,Basic,Desktop,0
C008746,51,7,81.51,0,9.4,35.1,5.7,0,Month-to-month,None,West,None,Mobile,0
C008747,38,12,60.81,1,26.8,30.0,7.9,0,Month-to-month,Fiber,North,None,Mobile,0
C008748,30,68,98.81,1,12.4,11.9,9.3,1,Two year,None,East,Premium,Mobile,0
C008749,56,43,57.14,2,15.9,20.2,7.1,0,One year,None,West,None,Desktop,0
C008750,28,16,101.76,1,16.7,26.4,6.1,0,One year,DSL,South,Basic,Mobile,0
C008751,71,13,105.03,1,14.8,39.9,8.0,0,Month-to-month,Fiber,North,Premium,Mobile,1
C008752,34,31,98.25,3,12.2,43.9,,1,Month-to-month,Fiber,West,None,Desktop,0
C008753,64,53,67.49,4,31.9,17.8,5.8,0,Month-to-month,DSL,North,None,Mobile,0
C008754,40,53,135.68,1,10.8,21.3,,2,Month-to-month,Fiber,West,Basic,Mobile,0
C008755,63,15,75.8,0,9.7,40.9,7.7,2,Two year,Fiber,West,Basic,Mobile,0
C008756,32,53,78.03,5,19.4,25.0,6.6,0,One year,DSL,East,None,Mobile,0
C008757,42,65,71.45,1,7.0,34.8,8.0,1,One year,None,South,Basic,Desktop,0
C008758,52,17,43.76,0,23.1,28.2,4.2,0,One year,None,East,Premium,Mobile,0
C008759,51,2,104.38,2,14.6,30.9,7.7,0,One year,None,West,Basic,Mobile,0
C008760,56,70,57.69,1,16.9,25.6,10.0,1,Two year,DSL,South,None,Desktop,0
C008761,36,38,94.99,2,18.1,43.9,8.1,0,Two year,Fiber,West,Premium,Desktop,0
C008762,43,56,100.99,2,13.6,11.9,7.2,1,Month-to-month,Fiber,West,Premium,Desktop,0
C008763,58,24,87.08,1,22.4,25.8,4.9,0,Month-to-month,Fiber,East,None,Desktop,0
C008764,33,22,54.7,2,20.5,42.8,6.5,0,Month-to-month,Fiber,South,Basic,Desktop,0
C008765,49,17,63.47,2,19.6,28.0,7.7,0,Two year,DSL,South,None,Desktop,0
C008766,39,16,20.0,1,5.4,29.1,7.3,1,One year,Fiber,North,Basic,Desktop,0
C008767,45,34,69.09,1,13.6,41.9,4.9,0,Two year,None,North,Basic,Mobile,0
C008768,43,8,92.07,2,15.2,36.0,7.5,0,Month-to-month,Fiber,South,Premium,Mobile,0
C008769,32,61,66.06,4,28.2,40.6,5.6,0,One year,DSL,North,None,Desktop,0
C008770,39,37,57.25,1,6.1,44.8,6.1,2,Month-to-month,Fiber,North,Basic,Mobile,0
C008771,44,66,64.56,1,11.5,13.1,8.7,0,Month-to-month,DSL,East,Basic,Mobile,0
C008772,41,37,102.38,3,23.6,24.9,6.7,0,One year,Fiber,North,Premium,Mobile,0
C008773,62,22,70.64,2,9.4,20.5,5.9,1,One year,Fiber,South,Basic,Mobile,0
C008774,55,38,118.45,1,11.4,34.2,5.3,0,Month-to-month,None,East,Premium,Desktop,0
C008775,46,12,57.73,0,27.7,42.8,5.8,0,Month-to-month,Fiber,East,Premium,Mobile,1
C008776,32,60,77.43,3,18.6,3.0,6.1,0,Month-to-month,None,East,Basic,Mobile,0
C008777,31,52,61.16,2,22.0,11.3,8.6,1,Month-to-month,Fiber,North,None,Mobile,0
C008778,68,11,123.86,1,21.1,5.4,7.0,0,Month-to-month,Fiber,West,Premium,Mobile,0
C008779,29,42,76.49,0,16.8,19.9,9.3,1,Month-to-month,DSL,South,None,Mobile,0
C008780,43,39,125.2,5,16.6,30.6,5.0,0,Month-to-month,Fiber,North,Basic,Desktop,0
C008781,47,15,61.5,1,22.2,49.5,9.4,0,One year,None,North,Premium,Desktop,0
C008782,38,9,110.19,0,10.1,14.3,6.8,0,One year,Fiber,South,Basic,Mobile,0
C008783,29,55,74.95,1,28.1,58.7,6.7,1,Month-to-month,Fiber,West,Premium,Mobile,0
C008784,32,20,92.92,3,12.3,36.2,6.7,1,Month-to-month,DSL,East,Basic,Tablet,0
C008785,35,38,41.51,0,23.2,36.7,10.0,1,One year,DSL,North,None,Desktop,0
C008786,33,18,80.71,4,19.5,38.5,6.2,0,Month-to-month,Fiber,North,Basic,Mobile,0
C008787,59,48,45.27,1,12.2,13.0,10.0,0,Month-to-month,Fiber,North,Basic,Tablet,0
C008788,42,4,78.43,5,19.4,22.8,8.7,0,Month-to-month,DSL,North,Basic,Desktop,0
C008789,35,26,34.04,2,16.9,17.6,5.1,0,Month-to-month,Fiber,North,Basic,Mobile,0
C008790,43,40,69.65,0,3.6,37.6,5.4,0,Month-to-month,DSL,West,Basic,Desktop,0
C008791,51,32,99.39,2,15.4,19.0,7.4,0,Month-to-month,Fiber,East,None,Mobile,0
C008792,38,45,85.69,0,7.3,27.3,7.3,0,Month-to-month,Fiber,South,Basic,Tablet,0
C008793,54,13,41.15,1,19.6,21.8,6.4,1,Month-to-month,Fiber,North,Premium,Desktop,0
C008794,25,32,24.54,0,15.0,46.9,6.1,0,One year,Fiber,West,Premium,Mobile,0
C008795,57,55,84.42,3,22.1,22.5,9.9,0,One year,Fiber,South,Basic,Desktop,0
C008796,42,25,111.53,1,11.1,16.6,7.4,0,Month-to-month,DSL,South,None,Mobile,0
C008797,41,12,47.9,3,6.9,35.6,7.9,0,Month-to-month,None,East,None,Desktop,0
C008798,33,62,124.44,1,8.5,29.0,7.3,0,Month-to-month,DSL,West,Basic,Mobile,0
C008799,26,57,71.84,2,30.1,46.6,7.2,0,Month-to-month,DSL,North,None,Desktop,0
C008800,20,49,23.03,1,37.2,33.5,10.0,0,Two year,DSL,South,None,Mobile,0
C008801,32,58,32.98,1,30.0,33.1,8.1,0,Month-to-month,DSL,South,Premium,Desktop,0
C008802,50,57,91.25,3,5.2,40.3,10.0,0,One year,Fiber,South,,Mobile,0
C008803,30,54,75.24,1,6.4,35.3,8.5,0,Month-to-month,DSL,West,Basic,Mobile,0
C008804,22,37,109.06,0,8.5,39.3,5.9,0,Month-to-month,DSL,North,Premium,Mobile,0
C008805,30,2,42.05,1,21.4,38.3,9.3,0,Month-to-month,Fiber,West,Premium,Desktop,0
C008806,37,43,74.96,1,30.8,25.9,7.0,0,Month-to-month,Fiber,North,None,Mobile,0
C008807,38,20,72.17,1,22.3,15.4,9.8,0,Month-to-month,DSL,North,None,Desktop,0
C008808,40,56,68.42,1,17.3,27.7,5.9,0,One year,Fiber,North,Basic,Tablet,0
C008809,55,34,62.43,1,9.5,5.7,4.2,0,Month-to-month,Fiber,North,None,Mobile,0
C008810,58,66,62.93,0,14.0,21.0,7.3,0,Month-to-month,Fiber,East,None,Desktop,0
C008811,68,43,76.37,2,16.6,25.1,9.7,0,Month-to-month,Fiber,West,Basic,Mobile,0
C008812,21,40,79.56,1,22.2,45.4,6.0,0,One year,None,West,Premium,Mobile,0
C008813,31,67,78.31,1,12.5,28.0,8.1,0,Month-to-month,Fiber,East,Premium,Tablet,0
C008814,51,35,102.15,1,18.8,50.9,5.9,2,One year,DSL,East,Basic,Desktop,0
C008815,36,28,41.97,2,17.9,35.5,8.8,0,One year,Fiber,South,Basic,Desktop,0
C008816,53,27,26.71,1,16.7,10.3,6.4,0,Month-to-month,Fiber,North,Premium,Mobile,0
C008817,45,64,97.42,0,13.2,43.6,7.6,1,One year,Fiber,West,None,Tablet,0
C008818,63,55,48.41,0,16.8,42.3,6.5,0,Month-to-month,Fiber,East,None,Mobile,0
C008819,56,12,62.51,2,15.3,9.7,5.7,0,Month-to-month,Fiber,North,Basic,Mobile,0
C008820,56,36,56.7,1,10.5,38.5,3.6,0,Month-to-month,Fiber,South,Basic,Desktop,0
C008821,37,27,56.16,2,22.2,47.2,4.8,0,Two year,Fiber,North,None,Mobile,0
C008822,41,47,35.54,1,27.0,4.1,6.6,1,Month-to-month,DSL,East,Basic,Mobile,0
C008823,38,4,57.76,3,17.2,16.9,7.9,0,Two year,None,East,Premium,Desktop,0
C008824,22,52,88.23,1,15.7,41.2,10.0,0,Month-to-month,None,South,Basic,Tablet,0
C008825,61,54,71.9,3,21.3,27.7,6.2,0,Two year,Fiber,East,Basic,Tablet,0
C008826,52,17,84.61,2,17.3,47.6,6.0,0,One year,Fiber,West,Basic,Desktop,1
C008827,38,11,59.6,0,24.0,41.3,4.7,0,Month-to-month,Fiber,East,None,Mobile,0
C008828,59,46,94.57,2,16.7,39.9,8.6,0,Month-to-month,Fiber,East,Basic,Mobile,0
C008829,34,19,59.29,0,20.1,44.0,8.1,0,Month-to-month,Fiber,East,Basic,Mobile,0
C008830,18,68,20.0,2,28.1,20.2,7.9,0,Month-to-month,Fiber,East,None,Desktop,0
C008831,55,56,79.92,0,24.9,26.3,7.7,0,Two year,DSL,South,Basic,Mobile,0
C008832,25,69,91.18,0,14.9,53.4,6.4,1,Month-to-month,DSL,East,None,Desktop,0
C008833,39,39,58.02,2,23.6,25.8,9.5,3,Month-to-month,Fiber,South,Basic,Mobile,0
C008834,45,68,101.98,1,8.5,43.1,5.7,1,Month-to-month,Fiber,South,Basic,Desktop,0
C008835,47,2,50.73,2,14.6,27.6,6.2,0,One year,Fiber,East,Basic,Mobile,0
C008836,53,21,88.77,3,21.8,20.8,5.3,0,Month-to-month,DSL,South,Basic,Mobile,0
C008837,50,1,115.62,2,26.7,18.2,6.9,0,Month-to-month,Fiber,West,Basic,Desktop,1
C008838,49,49,72.92,2,10.7,36.6,5.7,1,One year,Fiber,North,Basic,Mobile,0
C008839,32,37,66.34,3,15.8,45.7,6.0,0,Month-to-month,Fiber,South,Premium,Desktop,0
C008840,46,21,69.36,0,16.0,35.9,4.9,1,Two year,Fiber,East,None,Desktop,1
C008841,22,22,112.71,1,15.4,33.1,5.4,0,One year,Fiber,North,None,Desktop,0
C008842,62,47,82.07,2,7.5,16.2,4.2,0,One year,DSL,South,Premium,Tablet,0
C008843,24,13,125.61,0,19.5,30.0,7.7,1,Two year,Fiber,West,Premium,Mobile,0
C008844,37,38,78.98,1,7.1,32.2,5.5,0,One year,Fiber,West,None,Mobile,0
C008845,25,45,55.66,3,24.0,19.5,10.0,0,Month-to-month,None,South,Premium,Mobile,0
C008846,33,18,57.41,1,25.4,35.2,8.8,0,Two year,DSL,North,None,Mobile,0
C008847,42,17,73.54,0,11.5,21.8,7.2,1,One year,Fiber,North,Premium,Desktop,0
C008848,35,26,20.97,1,7.1,,8.1,0,Month-to-month,Fiber,North,Basic,Mobile,0
C008849,57,43,60.13,2,15.8,39.3,8.6,1,Month-to-month,Fiber,North,Basic,Tablet,0
C008850,45,19,60.68,2,12.4,49.2,6.2,0,Month-to-month,Fiber,East,None,Mobile,0
C008851,36,28,77.99,1,14.5,48.2,6.7,1,One year,Fiber,West,Premium,Desktop,0
C008852,40,40,120.55,3,16.6,28.3,,0,Month-to-month,Fiber,South,Basic,Mobile,0
C008853,58,14,73.37,2,9.5,36.6,9.2,0,One year,DSL,West,Basic,Mobile,0
C008854,54,41,23.93,1,27.6,37.7,5.7,0,Month-to-month,DSL,West,Basic,Desktop,0
C008855,27,10,49.15,1,11.5,37.6,10.0,0,Month-to-month,Fiber,East,Basic,Desktop,1
C008856,33,11,78.56,2,22.5,31.6,4.7,1,One year,Fiber,North,Basic,Mobile,0
C008857,48,18,74.32,1,9.8,45.6,3.0,0,Two year,Fiber,South,Premium,Mobile,0
C008858,47,21,112.61,1,16.4,22.7,10.0,1,Month-to-month,Fiber,South,Premium,Desktop,0
C008859,28,3,96.0,3,19.2,16.4,8.4,0,One year,None,East,None,Desktop,0
C008860,52,70,95.25,1,16.9,34.3,7.4,1,Month-to-month,DSL,North,Premium,Mobile,0
C008861,30,23,66.57,0,14.2,26.3,8.6,1,Month-to-month,Fiber,South,None,Mobile,0
C008862,59,58,99.48,2,12.5,53.1,5.9,1,Month-to-month,Fiber,West,None,Tablet,0
C008863,49,65,49.6,2,13.2,24.5,4.0,0,Month-to-month,None,North,Basic,Desktop,0
C008864,27,58,96.21,5,11.3,42.5,6.3,0,Month-to-month,Fiber,North,Basic,Mobile,0
C008865,35,60,64.94,0,18.3,35.8,5.8,0,One year,Fiber,West,None,Desktop,0
C008866,35,8,35.8,4,28.8,13.3,5.3,0,Two year,Fiber,East,Basic,Desktop,1
C008867,44,27,86.83,1,18.5,37.2,6.0,0,Month-to-month,Fiber,East,Basic,Desktop,0
C008868,39,54,106.94,2,20.2,22.3,6.0,0,Month-to-month,Fiber,West,Basic,Desktop,0
C008869,27,42,61.83,1,23.6,58.9,6.3,0,Month-to-month,Fiber,West,Premium,Mobile,0
C008870,24,1,111.07,1,12.8,20.6,7.8,1,Month-to-month,Fiber,South,Premium,Tablet,1
C008871,49,41,30.6,0,3.4,19.0,8.1,0,Month-to-month,DSL,West,Basic,Mobile,0
C008872,46,58,42.08,1,16.0,3.9,7.6,0,Two year,Fiber,West,Premium,Mobile,0
C008873,43,60,68.33,1,22.0,20.9,2.5,1,Month-to-month,None,West,Basic,Mobile,0
C008874,46,28,62.73,1,30.1,38.8,5.3,0,Month-to-month,Fiber,North,,Tablet,1
C008875,34,18,55.32,2,9.1,17.7,5.3,0,Two year,None,East,Basic,Mobile,0
C008876,44,23,75.34,2,23.7,36.3,9.3,0,One year,None,North,Basic,Desktop,0
C008877,75,22,58.79,5,17.8,33.2,5.6,0,One year,Fiber,North,None,Desktop,0
C008878,57,25,63.03,2,13.3,18.4,3.7,0,One year,DSL,South,Premium,Desktop,0
C008879,38,22,78.96,2,8.7,28.7,8.3,1,Two year,None,North,None,Desktop,0
C008880,35,33,55.31,1,11.9,18.8,7.3,0,Month-to-month,Fiber,South,Basic,Mobile,0
C008881,18,3,69.35,1,20.0,40.4,10.0,0,Month-to-month,Fiber,South,Basic,Mobile,0
C008882,56,20,55.86,1,24.6,8.2,4.6,2,Month-to-month,Fiber,South,Basic,Desktop,0
C008883,52,23,41.86,1,0.0,39.0,6.7,0,Two year,DSL,North,None,Desktop,0
C008884,35,12,91.09,2,19.6,21.4,5.2,0,Two year,None,North,None,Tablet,0
C008885,23,64,114.69,2,12.0,31.5,5.2,1,One year,None,North,None,Desktop,0
C008886,27,49,98.61,2,12.6,35.7,5.6,1,Month-to-month,DSL,South,Premium,Mobile,0
C008887,48,66,80.29,2,18.9,31.8,5.1,0,One year,Fiber,North,None,Desktop,0
C008888,41,41,55.96,2,29.4,54.9,7.4,0,Month-to-month,Fiber,South,Basic,Mobile,0
C008889,51,8,64.83,3,11.0,25.1,7.2,1,One year,DSL,West,Basic,Tablet,0
C008890,43,66,98.43,2,15.3,13.7,7.0,0,One year,Fiber,West,Premium,Desktop,0
C008891,55,33,20.0,2,5.0,56.2,9.4,0,One year,Fiber,West,None,Mobile,0
C008892,47,50,62.92,1,19.1,34.6,8.1,1,Month-to-month,Fiber,North,Premium,Mobile,0
C008893,53,28,90.35,1,11.2,32.0,8.6,0,Month-to-month,DSL,North,None,Mobile,0
C008894,18,36,43.54,0,27.0,57.0,7.4,0,Month-to-month,None,East,Basic,Mobile,0
C008895,26,36,82.58,2,18.5,14.5,7.7,0,One year,Fiber,North,Basic,Mobile,0
C008896,37,21,81.42,1,14.0,29.2,8.8,1,Month-to-month,None,West,Basic,Tablet,0
C008897,56,40,35.64,1,14.1,17.2,5.0,1,One year,Fiber,East,Basic,Mobile,0
C008898,66,53,74.17,3,18.6,28.9,5.9,1,Two year,Fiber,East,Premium,Desktop,0
C008899,40,2,56.56,2,20.8,13.0,7.2,0,Month-to-month,Fiber,North,Basic,Mobile,0
C008900,34,10,82.4,0,7.8,31.3,7.2,0,Month-to-month,DSL,North,Premium,Mobile,0
C008901,18,61,88.74,0,15.0,30.4,4.5,1,One year,None,West,Basic,Tablet,0
C008902,53,42,81.97,1,16.0,29.8,8.5,1,Month-to-month,Fiber,South,Premium,Mobile,0
C008903,35,71,73.81,3,17.5,3.0,9.7,0,Month-to-month,Fiber,West,Basic,Tablet,0
C008904,80,44,79.22,1,25.1,39.5,9.6,0,Month-to-month,DSL,East,None,Desktop,0
C008905,32,48,42.6,1,6.0,27.5,5.9,0,Month-to-month,DSL,East,Basic,Mobile,1
C008906,69,65,71.23,0,22.7,61.8,8.6,0,Two year,Fiber,West,None,Tablet,0
C008907,52,48,52.09,1,18.6,24.7,6.4,1,One year,None,South,Premium,Desktop,0
C008908,29,24,97.79,2,12.5,22.7,7.2,0,Two year,Fiber,West,,Tablet,0
C008909,45,39,89.08,1,21.6,32.3,9.1,0,Month-to-month,Fiber,West,None,Mobile,0
C008910,52,17,89.01,1,13.3,15.5,9.5,1,Month-to-month,Fiber,South,Basic,Tablet,0
C008911,39,25,114.84,3,3.3,45.0,6.3,0,Month-to-month,Fiber,South,Premium,Tablet,0
C008912,53,49,63.75,3,0.0,19.1,6.2,1,One year,Fiber,West,Basic,Mobile,0
C008913,53,11,58.27,0,7.5,20.4,9.8,0,One year,Fiber,East,None,Desktop,0
C008914,50,49,63.16,2,12.2,40.5,6.9,1,Two year,None,East,Premium,Tablet,0
C008915,42,43,31.94,3,17.2,33.5,1.7,0,Month-to-month,DSL,North,Basic,Desktop,0
C008916,27,23,33.91,0,20.2,33.3,7.9,1,Month-to-month,Fiber,South,None,Desktop,0
C008917,41,4,87.53,2,14.2,14.7,5.7,0,Month-to-month,DSL,East,Basic,Mobile,0
C008918,44,51,37.12,2,6.1,42.7,6.6,0,Month-to-month,DSL,South,Basic,Mobile,0
C008919,18,60,45.13,1,13.3,18.6,8.2,0,One year,DSL,South,Basic,Mobile,0
C008920,44,53,69.46,0,14.5,10.3,3.8,0,One year,DSL,East,None,Desktop,0
C008921,41,31,61.69,3,28.2,35.4,8.5,1,One year,Fiber,West,None,Tablet,0
C008922,25,48,94.14,4,19.9,28.4,4.4,2,Two year,DSL,East,None,Mobile,0
C008923,38,30,73.51,0,4.4,28.1,5.8,0,One year,Fiber,East,Basic,Mobile,0
C008924,38,26,52.04,1,13.8,39.0,7.7,1,Month-to-month,Fiber,South,Premium,Mobile,0
C008925,67,24,96.29,2,20.9,27.2,4.9,0,Month-to-month,DSL,South,Basic,Desktop,0
C008926,45,16,90.22,2,16.1,10.0,4.9,0,Two year,DSL,East,None,Desktop,0
C008927,55,70,36.73,0,4.6,26.9,7.7,2,Month-to-month,DSL,East,,Mobile,0
C008928,40,48,78.31,1,21.7,34.5,8.1,0,Month-to-month,None,North,None,Mobile,0
C008929,18,13,54.12,0,18.5,33.1,6.8,0,Month-to-month,DSL,South,Premium,Tablet,0
C008930,51,63,53.46,1,14.9,28.9,8.2,0,Month-to-month,Fiber,South,Basic,Tablet,0
C008931,33,11,118.74,1,10.4,59.9,10.0,0,Month-to-month,Fiber,North,None,Tablet,0
C008932,38,43,75.11,0,23.1,50.9,4.4,0,Month-to-month,Fiber,East,Premium,Desktop,0
C008933,28,12,66.56,1,3.3,16.6,3.1,0,One year,Fiber,South,Basic,Mobile,0
C008934,43,27,74.12,3,5.1,14.6,9.1,1,Month-to-month,DSL,South,Basic,Mobile,0
C008935,56,48,93.86,0,10.9,46.9,5.0,1,Two year,DSL,East,None,Tablet,0
C008936,54,72,54.46,3,18.1,43.8,7.8,0,One year,Fiber,South,Basic,Mobile,0
C008937,63,72,58.73,2,6.5,48.8,8.2,0,Month-to-month,Fiber,North,Basic,Mobile,0
C008938,64,65,88.42,2,12.2,25.7,7.0,1,One year,DSL,North,Basic,Tablet,0
C008939,18,17,34.09,0,13.6,29.1,7.6,0,Two year,Fiber,East,Premium,Mobile,0
C008940,26,7,96.77,1,18.4,9.7,10.0,1,Month-to-month,Fiber,South,None,Desktop,0
C008941,18,66,31.87,2,14.1,32.7,6.0,0,Month-to-month,None,West,Basic,Mobile,0
C008942,50,67,65.86,0,14.1,23.3,9.4,1,Two year,Fiber,South,None,Mobile,0
C008943,33,21,32.03,1,11.1,21.6,4.7,0,Month-to-month,Fiber,West,Basic,Desktop,0
C008944,36,2,45.59,2,23.6,42.1,7.7,2,One year,Fiber,West,Basic,Tablet,0
C008945,39,47,104.44,2,20.6,29.1,8.0,1,Month-to-month,DSL,South,None,Mobile,1
C008946,47,6,98.11,1,20.4,40.9,7.0,1,Month-to-month,Fiber,East,None,Mobile,0
C008947,23,3,100.78,2,10.6,29.7,8.8,2,One year,Fiber,East,None,Tablet,0
C008948,26,68,35.78,1,12.4,37.6,7.2,1,Month-to-month,DSL,South,Basic,Mobile,0
C008949,42,36,45.72,1,19.3,15.2,7.7,1,One year,Fiber,South,None,Desktop,0
C008950,58,9,80.5,0,11.9,19.2,5.8,1,One year,None,East,None,Tablet,0
C008951,42,48,89.88,2,9.5,36.4,5.3,2,Two year,Fiber,East,Premium,Mobile,0
C008952,32,27,52.01,1,18.0,51.3,5.3,0,Month-to-month,Fiber,West,Premium,Mobile,0
C008953,18,39,57.53,4,6.8,36.6,6.0,1,Month-to-month,Fiber,North,Premium,Desktop,0
C008954,54,65,43.72,1,14.5,31.2,4.8,0,Month-to-month,DSL,North,None,Mobile,0
C008955,32,18,113.46,1,22.2,49.0,10.0,1,One year,DSL,North,Basic,Mobile,0
C008956,27,47,60.13,5,17.0,28.4,6.5,1,Month-to-month,Fiber,North,None,Mobile,0
C008957,20,60,72.78,1,8.7,21.4,7.1,0,Month-to-month,DSL,East,None,Desktop,0
C008958,23,31,74.09,1,19.3,31.1,5.0,1,Month-to-month,Fiber,East,Basic,Tablet,0
C008959,30,70,99.64,0,11.8,35.5,10.0,0,Month-to-month,None,South,Premium,Mobile,0
C008960,39,33,48.19,2,21.9,15.8,6.6,0,Month-to-month,Fiber,North,None,Desktop,0
C008961,26,34,101.21,3,19.6,32.5,6.0,0,Month-to-month,Fiber,South,None,Mobile,1
C008962,44,64,40.03,1,13.6,10.3,6.2,0,Month-to-month,Fiber,South,Basic,Desktop,0
C008963,39,46,101.14,2,10.8,27.4,6.7,0,One year,DSL,South,None,Desktop,0
C008964,71,63,29.12,1,10.1,29.1,6.6,2,One year,Fiber,North,None,Tablet,0
C008965,20,57,69.39,1,34.1,30.6,4.7,2,Month-to-month,DSL,South,None,Mobile,0
C008966,44,52,112.64,2,0.0,7.5,8.6,1,Month-to-month,Fiber,West,Basic,Mobile,0
C008967,44,18,89.43,2,3.7,32.2,5.1,0,One year,Fiber,North,None,Desktop,0
C008968,29,29,82.53,2,23.7,41.5,8.6,0,Two year,None,East,Basic,Desktop,0
C008969,43,63,45.79,0,22.2,47.9,4.7,0,Month-to-month,Fiber,West,Basic,Tablet,0
C008970,52,45,53.63,1,18.5,48.4,7.4,0,Two year,DSL,South,Basic,Mobile,0
C008971,43,21,105.61,0,2.1,31.3,5.3,0,Month-to-month,None,North,Basic,Tablet,1
C008972,60,24,83.81,3,19.8,60.7,5.8,0,One year,Fiber,East,Premium,Mobile,0
C008973,18,56,94.26,2,9.1,21.9,8.0,0,Month-to-month,Fiber,South,Basic,Desktop,0
C008974,31,13,73.84,5,15.3,22.3,9.2,1,One year,None,North,Basic,Mobile,0
C008975,61,9,64.96,1,18.8,31.2,10.0,0,One year,DSL,South,Basic,Mobile,0
C008976,54,56,91.17,0,19.5,40.9,7.8,0,Month-to-month,Fiber,West,None,Desktop,0
C008977,49,21,78.48,1,11.4,38.7,7.1,0,Two year,None,East,Basic,Desktop,0
C008978,58,56,67.75,2,25.0,3.0,5.4,0,Two year,DSL,North,Premium,Mobile,0
C008979,18,39,36.65,1,21.7,19.4,3.9,0,Month-to-month,None,North,Basic,Mobile,0
C008980,52,72,95.85,1,9.3,40.2,8.2,0,Month-to-month,None,West,Basic,Mobile,0
C008981,56,38,83.0,4,12.6,20.3,6.6,1,Month-to-month,DSL,North,Basic,Mobile,0
C008982,33,63,56.84,1,10.7,29.5,7.1,1,Month-to-month,Fiber,East,Basic,Mobile,0
C008983,76,62,101.48,2,15.6,35.3,6.4,0,One year,Fiber,West,Premium,Desktop,0
C008984,45,16,78.1,2,20.4,36.8,5.8,0,Month-to-month,Fiber,West,Basic,Mobile,0
C008985,18,72,78.58,2,3.0,41.3,8.3,0,One year,None,East,None,Desktop,0
C008986,47,54,94.1,0,2.1,46.3,10.0,0,One year,None,North,Basic,Mobile,0
C008987,33,8,88.72,2,10.2,38.6,4.9,0,Month-to-month,Fiber,North,None,Mobile,0
C008988,57,1,79.34,2,25.5,16.3,3.7,0,Month-to-month,Fiber,West,Basic,Mobile,0
C008989,49,20,67.29,2,17.7,38.0,6.7,0,Month-to-month,None,East,Basic,Mobile,0
C008990,34,2,121.59,1,27.0,44.0,5.8,1,Month-to-month,DSL,East,Premium,Desktop,0
C008991,62,26,53.65,1,14.9,36.4,9.2,0,Month-to-month,DSL,South,None,Desktop,0
C008992,54,72,90.65,2,10.1,46.5,8.0,0,Month-to-month,Fiber,South,None,Mobile,0
C008993,31,35,69.9,1,4.3,33.9,10.0,1,Month-to-month,Fiber,West,Basic,Mobile,0
C008994,40,2,83.37,3,10.2,29.5,,0,Month-to-month,DSL,North,Basic,Desktop,0
C008995,49,36,102.84,0,11.7,20.8,7.3,0,Month-to-month,Fiber,North,Premium,Tablet,0
C008996,37,16,64.21,1,0.0,55.4,7.4,1,One year,None,South,Basic,Desktop,0
C008997,38,62,87.05,3,10.1,18.5,7.8,0,One year,DSL,South,Basic,Desktop,0
C008998,42,7,78.64,0,10.1,30.9,5.5,1,Month-to-month,DSL,West,Premium,Mobile,1
C008999,28,56,55.97,1,16.2,26.7,7.9,0,Month-to-month,None,South,Premium,Tablet,0
